 2.6486808229731656e-01	 3.2927853557013775e-01	 3.1195343313134438e-01	 6.5321564127498857e-02	-1.2066650791280281e-01	 1.0436226636527282e-01	 2.9911251947301420e-01	 7.7772579766116734e-01	 6.9675917217005212e-01	 1.3334160044836513e-01	-4.8371299400569812e-01	-1.1374565042060309e+00	-7.1989249817755091e-02	 1.1079744481472370e-01	 4.9162525736840013e-01	 7.6622930431612712e-01	 5.8077242638803295e-01	 2.1986391116860599e-01	-2.7122536113156637e-01	-4.8492702013186473e-01	-1.3403140137982910e+00	-2.2565946214438931e-01	-2.3008411533254661e-01	-2.3118183844208931e-01	 1.9502119714992386e-01	 3.3962203201311736e-01	 4.2900979665099465e-01	 4.3665470512447874e-02	 1.3522094917315147e-01	 2.6197913668592265e-01	-8.8210219077394292e-01	-9.1619707584894239e-01	-2.9959926767241518e-01	-4.0891441466895539e-01	-3.2064761401174224e-01	-4.7427224624475683e-02	 1.5155334143341408e-02	 9.4388840510705063e-02	 1.7608196734808981e-01	 5.4795223991684527e-01	 5.4526716711491319e-01	-4.0002831186234766e-01	-5.8135141007857327e-01	-4.2179318127305454e-01	-5.3369798890344344e-01	-6.7555885680886141e-01	-4.1279859116979262e-01	-3.7484893233458001e-02	 1.9512440751484389e-01	 2.5819019803660515e-01	 9.0197420264295791e-01	 7.2962457052229601e-01	 1.3642738763754075e-01	-7.9676409357580402e-01	-4.0248070683904275e-01	-6.5816611204500863e-01	-7.3505027150899593e-01	-6.7294449549230084e-01	-4.8794786670049151e-01	-4.8171279701581991e-02	 3.5258862434214977e-01	 1.0101821216131210e+00	 9.9332297230439914e-01	 1.4716505666897300e-01	-3.9112781111510997e-01	-3.1886976416155011e-01	-5.0789567602349905e-01	-6.5233755805745286e-01	-5.8107145952852379e-01	-4.2880398497899752e-01	-6.3267510162979657e-02	 3.4851967602514500e-01	 8.2031134850225085e-01	 7.5195213810602723e-01	 7.0212990476573006e-02	-2.4234815538241983e-01	-3.6286235762337582e-01	-4.9135533809639220e-01	-5.3296631941293238e-01	-3.4499420302341532e-01	 8.4622824006599651e-02	 1.9371171542355212e-01	 5.9750696245260548e-01	 5.3560518258743350e-01	 2.0420868838202613e-01	-2.5359034113634255e-01	-2.5429241861971730e-01	-1.3971316814184381e-01	 6.2409101776320211e-02	 2.7936765531069063e-01	 3.7017550074314831e-01	 3.6523582051732595e-01	-5.4885332317687448e-02	 1.4801193186175857e-02	 1.3691901973330817e-01	 3.1966616103553203e-01	 3.1310159785161096e-01
 1.6596616774410466e-01	 3.1139142621853322e-01	 6.2054928970512946e-01	 6.7086081137847642e-01	 5.5496366810013287e-01	-7.7121665682447174e-02	 4.5759331113980575e-02	 4.1375776530892400e-01	 6.9718766963324841e-01	 8.2685743187008187e-01	 9.4279499726187987e-01	 1.0445620244191693e+00	-2.5357628581316616e-01	-3.1000226347653337e-01	-7.9756793331509604e-02	-3.4148912397083031e-01	-8.0437274277148652e-01	-7.3426899639402321e-01	-6.3948813074674482e-01	 1.0287263764281745e-01	 6.2983285320744109e-01	-1.6852438191683736e-01	-2.5939629847130319e-01	-2.9603320326031907e-01	-4.4732703242026700e-01	-8.6525289350062673e-01	-1.2771121542191102e+00	-1.6084871745899822e+00	-1.2625819834178982e+00	-8.3335985408517588e-01	-2.6914376315073663e-01	-2.0354619170548604e-02	-9.6626335457615647e-02	-2.9439536700869134e-01	-4.4312431290389287e-01	-5.9028533448003340e-01	-8.8311920448038950e-01	-1.1517958076750712e+00	-1.0926318919569182e+00	-9.4737874861668703e-01	-5.1341085091549177e-01	-4.2542638862388255e-01	-1.0193335890239112e-01	-8.1210976617022423e-02	-1.7913041067556576e-01	-1.6132327311550626e-01	-2.3549995227861592e-01	-5.0927115485833985e-01	-9.0054892914053930e-01	-6.3318956366104984e-01	-3.8799442753419955e-01	-1.4713297659045163e-01	-7.2156255820882087e-02	-1.7740454597833749e-01	-4.6422386146095316e-03	-1.0352602141460032e-01	 2.0099404137674942e-01	 1.2082099924863708e-01	-4.8207902151731485e-02	-1.1990616375475600e-01	 2.0885159997222658e-01	 2.3531386065802634e-01	 1.3177238069282590e-01	-9.0217717462265284e-02	-1.9082963854686688e-01	 9.0436237629274024e-02	 9.7720296800882053e-02	 3.0375287001113094e-01	 5.2598064046153192e-01	 5.0106053286225349e-01	 5.0160436062582603e-01	 5.9155199009630266e-01	 5.9486790065607464e-01	 2.6653622451957748e-01	-3.1701388398582325e-01	-2.4499463765750978e-01	 2.0861080543423949e-01	 3.1821979799042044e-01	 5.7292402700822231e-01	 6.8451535844451628e-01	 4.3885114548365978e-01	 4.4444882810970071e-01	 2.5668036153570195e-01	-5.8461722689228210e-02	-3.1799517553020873e-01	 2.1792134094703375e-01	 3.2085015592131955e-01	 3.7641345039958107e-01	 4.2443963878287683e-01	 2.8463910884647275e-01	 1.2004116119092213e-01	-3.2898700672230566e-02	 1.5539537180203641e-01	 1.5147933441802566e-01	 1.5584665667490250e-01	 1.1432292044124970e-01	 8.8223564016060019e-02
 1.5884115669509646e-01	 1.7582904912866673e-01	 2.0773227011850887e-02	-1.2254277649888615e-01	-1.5882797582980202e-01	 3.9415506065297357e-01	 3.4666780364761790e-01	 3.9674072339607080e-01	 1.2049125038101668e-01	-2.9455028284813889e-01	-5.6616350945264493e-01	-4.3126998787413956e-01	 4.2302585425013944e-01	 6.8364216382237708e-01	 8.6616389813531836e-01	 6.9151802418114294e-01	 1.4067762115023885e-01	-4.3896561366639136e-01	-9.1759404315104076e-01	-7.6415702480019443e-01	-5.4283314345444711e-01	 2.2376033459306732e-01	 4.3641261943468246e-01	 8.1902391697437982e-01	 9.6020726408104240e-01	 6.7860311383118788e-01	 6.6472461173862490e-02	-3.3736619703042198e-01	-7.5346875568038185e-01	-6.8137501879980056e-01	-6.9117599960265208e-01	-5.0286725979008684e-01	 1.3375826274222236e-01	 2.8358315526271061e-01	 4.9583155299177184e-01	 4.2623012611543787e-01	 4.8237583391323380e-01	 2.0237230320630256e-01	-2.6555307869135840e-02	-4.1151806847133243e-01	-3.6499326590589198e-01	-5.0040934040441365e-01	-3.0051963257253456e-01	 3.4533538657929713e-02	 3.5106367252918429e-02	-3.9531572949760937e-02	-1.4650323989497599e-01	-3.4822690161387809e-02	 1.5211035130636094e-01	 7.0801700323951722e-02	 1.0077158130923136e-01	 1.8718139735660427e-02	 9.4469673089746992e-02	-3.6031959567710825e-02	-7.5649741702864079e-02	-2.0706444493458176e-01	-5.6741372199880202e-01	-6.0974871637326000e-01	-3.3213420439829738e-01	-8.4349581264783480e-02	 1.7887243512989137e-01	 4.5116670575060003e-01	 5.2784783104640431e-01	 5.6713020430888872e-01	 2.9699971096214306e-01	-1.6766478284586675e-01	-2.9068093899198783e-01	-7.6056080796679049e-01	-1.0282261536325197e+00	-6.6986867785100501e-01	-3.4394017890542106e-01	 2.9893774570182391e-01	 6.6781221280091141e-01	 9.0149295930629891e-01	 6.9066438155151499e-01	 2.7558423579716940e-01	-3.6873531381676672e-01	-5.9497646279082317e-01	-8.7146981561052272e-01	-7.6892163939004032e-01	-1.9310493191222236e-01	 2.7091791624749262e-01	 6.0842385785463238e-01	 6.9750542378738456e-01	 6.2991200946665482e-01	-3.6718715769418769e-01	-4.5697327910047936e-01	-4.0288784487003526e-01	-1.0613713212681490e-01	 2.8723426323415940e-01	 4.7512775169102583e-01	 5.6336895337708948e-01	-1.8088098525738683e-01	-1.2158295723931040e-01	 8.4897606286450204e-03	 1.6282263762529442e-01	 3.0205792128370473e-01
 1.1124947659613546e-01	 1.1230261042264711e-01	 1.7405124268058830e-01	 1.0432295795754092e-01	-2.7026943843653228e-02	 2.1179767761827378e-01	 1.6887009778698320e-01	 2.8764766711351830e-01	 2.8123171022109483e-01	 2.4565398406453481e-01	 1.5862146848138858e-01	 1.3974617283311008e-01	 2.3190972526183259e-01	 3.1578706510297594e-01	 2.4605486157622647e-01	 2.1003897732357929e-01	 1.9319714074385229e-02	 1.0765199526777107e-01	 2.0904283010299451e-01	 2.6455514743024788e-01	 2.7272484584362361e-01	 1.6855851294411658e-01	 2.5556291469222542e-01	 4.0761062773761758e-01	 5.4361513560467666e-02	-3.5101121962555959e-01	-5.6192086866894919e-01	-5.2951978387538667e-01	-1.8627599688333368e-01	 3.7136908838236282e-01	 3.6149632744327087e-01	 2.1422869647493442e-01	 1.8546149006570442e-01	 3.3666506183362310e-01	 3.1443797509633942e-01	-2.7734966256076188e-01	-7.7557135247374187e-01	-1.0962350442459063e+00	-9.9863041906435357e-01	-6.1865140294189813e-01	-4.3714802824585397e-02	 2.7144796185392933e-01	 2.6031739342465021e-01	 2.0127430406567393e-01	 2.9784477026459477e-01	 3.0522922574250932e-01	-2.4392793082119577e-01	-8.2284781872005941e-01	-1.0870559796834325e+00	-1.1463430538649906e+00	-8.1821421681339235e-01	-2.6262045339463769e-01	 2.4972661608051469e-01	 2.7672821472945625e-01	 1.8478921436359969e-01	 2.9207576714776567e-01	 2.9478860944814744e-01	-1.5255470076111260e-01	-6.7257144378311873e-01	-9.3251847944575617e-01	-9.2554982073572289e-01	-5.6942901435188098e-01	-3.9544992288584144e-02	 2.7918147983626335e-01	 2.8053105034702025e-01	 1.6178514439778802e-01	 2.5364362130433621e-01	 3.5404923985124370e-01	 1.5451031385136427e-01	-1.4772417219537870e-01	-3.3043802979050596e-01	-2.7703222559215684e-01	-8.2198278248381371e-02	 1.8321590815703948e-01	 2.9816138617111060e-01	 2.3230729734356489e-01	 2.2338864646653522e-01	 2.9177247338778506e-01	 2.9668489341145005e-01	 2.0922988966027622e-01	 6.8383553535475983e-02	 8.1261663723902394e-02	 1.6050870019975738e-01	 2.7006658288934765e-01	 3.2003508606440839e-01	 1.9843273592347721e-01	 1.9942680032412471e-01	 1.5215879487325132e-01	 1.3112508938274500e-01	 1.5188221147260039e-01	 1.8623302874955433e-01	 2.1384815324823392e-01	 1.0303922361546999e-01	 8.6663345041712220e-02	 1.0205267057662948e-01	 1.0893904620892718e-01	 1.3980393203487762e-01
 8.9591205064474544e-02	 1.6961995579744815e-01	 2.6783045424050944e-01	 2.1185502669198775e-01	 6.8688622791127182e-02	-6.5819948628687758e-02	 1.2478549174449757e-01	 4.1024102025250064e-01	 7.3180152784732810e-01	 6.2767357692331327e-01	 3.1498286469983466e-01	 1.9961762887867052e-02	-2.0287125161578287e-01	-1.7752092714212170e-01	 1.2861338699926655e-01	 5.2892923014813376e-01	 8.5632039112504543e-01	 8.0832437206950525e-01	 6.6645549301463491e-01	 1.2182004514534088e-01	-1.8693262612075889e-01	-2.9428465982839569e-01	-4.2063770413239371e-01	-5.4792463375100109e-01	-2.6478144315399066e-01	 1.4760191408019108e-01	 5.6411109610114196e-01	 4.2020557042484608e-01	 2.8839434740019332e-01	-1.6469466654467635e-01	-2.8673814758261124e-01	-2.2321975064012531e-01	-3.6694492729175771e-01	-6.2896909534308265e-01	-8.6474800374565430e-01	-5.5506406162889466e-01	-1.3281784780245573e-01	 8.9799528300510786e-02	 4.7539488093818659e-02	-1.0038033223844556e-01	-5.0119178576516377e-01	-7.1873194609793201e-01	-4.9211951434997597e-01	-3.7778322655011881e-01	-7.2056974564563170e-01	-9.9924131314476849e-01	-6.0729327325488569e-01	-1.3413073583792023e-01	 7.0347928018384881e-02	 4.7727341485206045e-03	-2.6495658716709547e-01	-6.3862225138169793e-01	-8.4387457358355111e-01	-5.7129389451548662e-01	-3.2522364992025721e-01	-5.7983167017276327e-01	-6.4961514611494153e-01	-3.3409124835731840e-01	 6.0480381699223873e-02	 2.8599669185916454e-01	 3.2072061720962147e-01	-2.1604179360972808e-02	-3.9772682463788772e-01	-6.0567008499681885e-01	-4.7564920769676011e-01	-2.1912525701944574e-01	-3.7831054464043179e-01	-3.9105054881871537e-01	-4.4594044437659686e-02	 4.1901581092595519e-01	 6.2661226437152417e-01	 7.5762372445510762e-01	 4.5098264627266232e-01	-4.1616728144703394e-02	-3.7913784730830608e-01	-3.2859932026946859e-01	-1.5198273562851999e-01	-1.2797681214846471e-01	 1.6335294161572406e-01	 6.4478642192729552e-01	 7.6934369011132286e-01	 8.1561733117652402e-01	 5.6070421885177935e-01	 1.5268460705132086e-01	-1.6985936447215069e-01	 3.0226180250737443e-02	 1.6695435648246604e-01	 3.5224267499871659e-01	 5.7327081901289212e-01	 4.7176584314107439e-01	 3.0749455842113826e-01	 1.1074513014315261e-01	 1.2159914198992909e-01	 1.8866831082468072e-01	 2.5789503025486449e-01	 1.9836476742333548e-01	 1.4804192694218085e-01
-1.9556042837261123e-01	-1.5125030736484932e-01	-3.4319028468518108e-02	 1.0197371474078532e-01	 7.9404035876532164e-02	-2.0945172456832717e-01	-2.9989612466298587e-01	-3.3342092079539143e-01	-8.6680783272744560e-02	 1.7848040609631841e-01	 3.6259184263257538e-01	 3.3996460031665826e-01	-4.4636565805210401e-02	-2.4915642799455529e-01	-5.9669445799345477e-01	-6.2813436365384345e-01	-1.5352390098593799e-01	 3.3349307010476520e-01	 6.0305457678126329e-01	 5.1115153749905118e-01	 1.7241732116837016e-01	 1.4747111870084989e-01	 1.6087234978774184e-01	 3.1654861886399495e-02	-2.3564781008755270e-01	-3.2390737819743654e-01	-7.5163173571305461e-02	 2.7135867939723302e-01	 4.0165777541022890e-01	 2.5400957111486888e-01	-4.0286007903905498e-02	-1.4829015655662578e-01	 2.5536400530015679e-01	 4.2935265452835919e-01	 5.7377432860224653e-01	 2.6548583212644661e-01	 1.6515425604974612e-02	 8.4968078625005661e-03	 7.9632484570776443e-02	-8.9603843281318759e-03	-1.9003162516142022e-01	-4.7334628268118645e-01	-4.3456544374212047e-01	 2.9935431674645341e-01	 5.4143924225475837e-01	 6.9899140090542677e-01	 4.0397161281197647e-01	 2.8640613649018473e-02	 7.3400047671899643e-02	-4.4726574955998098e-02	-1.2095294696779263e-01	-4.0565826240463149e-01	-6.5089015233066427e-01	-5.6418404002325617e-01	 2.4382334763553831e-01	 4.0723098325449392e-01	 4.0980312092747634e-01	 7.5767164833203698e-02	-1.2468780891062814e-01	-5.4544936114961758e-02	 6.9380627442305109e-02	 6.8174408271397230e-02	-1.6288756517217212e-01	-4.1874178299160481e-01	-4.1957878946579674e-01	 1.3390104858945109e-01	 1.4359405780437828e-01	 2.5302039297988799e-02	-3.3511628705714891e-01	-3.7963017201352178e-01	-1.7089306412077138e-01	 2.2454386030636297e-01	 4.4968896765052124e-01	 3.3644895000850794e-01	-1.1258963456976623e-01	-2.0845476848038008e-01	-5.7725501304975002e-02	-2.1589227710080386e-01	-5.1555549051523486e-01	-6.0955527560328226e-01	-1.9058840984264325e-01	 2.7802934049171962e-01	 5.7807667715500610e-01	 3.8836938155428913e-01	 1.5863393126250569e-01	-2.2452487725594594e-01	-3.6707484101084764e-01	-3.9724777528767158e-01	-8.3131457789300978e-02	 2.1487853257016290e-01	 3.8248156094287949e-01	 4.1557975365137700e-01	-1.4021605328186365e-01	-1.2843935267412912e-01	-3.8168326957510303e-02	 1.0650141053089693e-01	 1.9735106273462055e-01
-6.4958808201317747e-02	-1.6611177033420105e-02	-3.3653625962516760e-02	 5.8580131494553548e-03	 7.8686893760359800e-03	-9.7067706790434416e-02	-6.4498882881111275e-02	-5.3626238081406485e-02	-4.2641036683422562e-02	 2.8061022926986215e-02	 1.0260931297632658e-01	 1.6035235599756292e-01	-1.3287263384668269e-01	-1.3464304623591400e-01	-5.4549780901341986e-02	 1.2121352076030327e-01	 5.3877989231924016e-02	-8.6843929226668642e-02	-8.6778440510028129e-02	 1.2266304986153079e-01	 2.6106345444567702e-01	-1.2298173269209339e-01	-1.6409005579241082e-01	-8.7428834755498980e-02	 2.4191142575866242e-01	 4.7601473817074985e-01	 1.2514853435253523e-01	-1.9216484957969582e-01	-4.2353904049083668e-01	-8.9953761299568391e-02	 2.1768921965794802e-01	 2.1782086660742606e-01	-1.3650897759885280e-01	-1.7089136807612074e-01	 5.6141772866692266e-02	 6.6297874632692833e-01	 8.1860894738568368e-01	 2.0159032066583454e-01	-3.6892447044404536e-01	-7.6737367799512812e-01	-5.1149066959630596e-01	 1.6893191891867507e-01	 2.8512938697771512e-01	-1.2789934392881952e-01	-1.5717118342192843e-01	 1.7190128410215674e-01	 8.5574069720955637e-01	 7.8312826729335960e-01	 3.2524256252802181e-01	-3.9613522232255982e-01	-8.5812514628026237e-01	-6.3730228152986834e-01	 1.4722661703366608e-02	 3.4969379797846223e-01	-9.8277802715894036e-02	-1.1562077430003198e-01	 5.9401946042486178e-02	 6.6862863110572990e-01	 7.5297006767616037e-01	 2.9823330624640249e-01	-3.0734245446832753e-01	-7.6013378713532087e-01	-4.6897678949629545e-01	 6.1681477616611080e-02	 2.1541940123103009e-01	-8.1755601882917861e-02	-1.1445365356641171e-01	-7.5332909954083427e-02	 2.9098849265198889e-01	 4.1471659580673492e-01	 1.6914901796198645e-01	-2.1039874724099236e-01	-3.6459436222452851e-01	-2.1228633647631887e-01	 1.1670810329064137e-01	 1.8324499744959072e-01	-1.0640591188735810e-01	-8.2113440535741822e-02	-2.3401837197002125e-02	 8.9069247853547889e-02	 3.6510324879815960e-02	-5.4044396506235673e-02	-1.1085636648048092e-01	 1.4048318052535660e-02	 1.4077778300123278e-01	-7.6280504006148928e-02	-6.3606411618229192e-02	-3.1268177575397696e-02	-1.1893789009088138e-02	-2.0811823005853949e-02	 4.2458917339219145e-03	 6.5695635214263914e-02	-4.2164175981901753e-02	-2.9606386021169363e-02	-4.5551513323395985e-02	-4.2272790826542686e-02	-2.1226388315606505e-02
-1.5961349898245231e-01	-1.5208031438555186e-01	-1.9001786691275355e-01	-1.6917093184001486e-01	-1.1038488215374676e-01	-1.3873592161610335e-01	-1.7425120861268240e-01	-1.4869349562727704e-01	-1.6910890901377920e-01	-1.4487974476293891e-01	-2.4377051371088004e-01	-1.4100059953869651e-01	-1.0963487458386842e-01	-1.1550266616159136e-01	-4.0324303164170940e-02	 2.8420289953795136e-01	 4.5096513215640022e-01	 3.5597477820140117e-01	 1.8829918803261925e-01	-1.2588112496638282e-01	-2.2950742131983598e-01	-2.7328874081902661e-02	-7.1826185665826311e-02	-1.1777272776114742e-01	 2.4066937435400859e-01	 6.6998946161749862e-01	 8.7017613949396688e-01	 8.7091549777260413e-01	 6.4304480077610660e-01	 1.3168494578497905e-01	-2.1581632333786419e-02	-5.3050089675193902e-02	-1.6820331303012484e-03	-3.2202561900036272e-02	 1.9066813303795876e-02	 3.1277816165805494e-01	 5.4293778839060336e-01	 7.4676808630178848e-01	 6.9113946270628679e-01	 5.6657189888727200e-01	 1.9751729247179295e-01	-6.9822646416818285e-03	-4.3514197315946815e-02	 3.8046520271005455e-02	 9.5753447143394239e-03	 2.3832425173437602e-02	-6.3300513492595490e-03	 1.4682339402020197e-02	 2.3815017615270766e-02	 8.9004306154445607e-03	 5.6551287661968763e-02	 5.0095630252584268e-02	-4.5998672727308671e-04	-3.3189005756133344e-02	 5.5326399993728625e-02	 7.9201428251342382e-02	 3.1327256268558354e-02	-1.9415416287649534e-01	-4.7276824491466185e-01	-5.4498301580507258e-01	-6.1157004028486794e-01	-3.8101863205146014e-01	-1.4603943949221987e-01	 3.9849161498137928e-02	 1.3542378599156191e-02	 4.6150431371216660e-02	 8.3593821395650386e-02	 8.5855165746150680e-02	-1.5767756756350906e-01	-4.7053428834277544e-01	-6.5493440441447637e-01	-6.3821264975080305e-01	-3.4956364609805546e-01	-8.6990279977761209e-02	 4.8475017664470592e-02	 2.5184059625185107e-02	 9.7906741937149794e-02	 1.3233242758534522e-01	 7.7632640969415967e-02	-1.1175527824036641e-01	-2.5795976377167629e-01	-2.5820367394255050e-01	-6.1450043511632101e-02	 3.6883513632328599e-02	 8.8294488176017094e-02	 1.0784887356699693e-01	 8.7964389470454485e-02	 4.1030030740380093e-02	-8.3750320363408983e-03	-8.3564210350103064e-03	 4.6958221676356077e-02	 9.7913667444349456e-02	 6.2497607046739699e-02	 5.1469063228545595e-02	 1.8899902452011570e-02	 3.7165305580208571e-02	 5.4922224613894316e-02
-9.8742200033331395e-02	-1.9484881186183922e-01	-3.4822031360978845e-01	-3.0029864056527455e-01	-1.1813478321818913e-01	 1.9680814540788139e-01	-2.1607086280080401e-02	-3.3243298858748849e-01	-6.7580199263620067e-01	-5.5114378718389800e-01	-2.6634771593183948e-01	 1.1011892475803328e-01	 3.5732911303665049e-01	 4.2181770576164013e-01	 2.6081353704224786e-01	-2.0117049607271426e-01	-5.8191382578161421e-01	-4.4471130552942345e-01	-1.1330457817486136e-01	 3.2021206719148987e-01	 4.5687997158478177e-01	 2.6149250745548858e-01	 4.4748390201303589e-01	 7.2448936896088734e-01	 6.0883181313913726e-01	 8.6252974330651114e-02	-2.0628151469135980e-01	-1.5314109854127264e-01	 1.9430100203082504e-01	 6.4325171574925077e-01	 6.3336187906299213e-01	 3.3071306802787537e-01	 1.6410092712968943e-01	 3.3139961141641638e-01	 5.1468001242757166e-01	 4.3531701353156343e-01	 1.6858352913481067e-01	 6.6126563065203578e-02	 1.1795671119343691e-01	 2.4733618871354077e-01	 3.6210619577886671e-01	 4.4715614682384941e-01	 2.7630690147094150e-01	 4.3356131017766100e-02	 3.4096456132233048e-02	-2.0034010785961700e-02	-1.2488215024157757e-03	 6.1839996422278928e-02	 2.2807066618070627e-02	 8.9487890463931144e-02	-4.2227964797594952e-03	 8.1203473937517517e-03	 7.1681889599294144e-03	 6.3826918062260624e-02	-9.5255984512300107e-02	-2.4766637498681318e-01	-4.6464321781793588e-01	-3.4789421807215737e-01	-4.4356407064098386e-04	 9.8590502310450023e-02	 2.7166192723484896e-02	-1.7389765110713176e-01	-3.6550922951525355e-01	-3.6313198218752624e-01	-2.1836033883452652e-01	-1.5378652660446507e-01	-3.1451213723666727e-01	-5.8230493151830442e-01	-4.7817700144176511e-01	 1.5560631460479552e-02	 3.1691627787594623e-01	 2.6686606754961739e-01	-3.7334506687643806e-02	-4.3624133226853090e-01	-4.9163819948206888e-01	-2.4418424396299704e-01	-2.7117673395524955e-01	-3.5335481895341525e-01	-2.5974889764167691e-01	 2.5476111215311181e-01	 4.8539445844071683e-01	 5.2386173507246125e-01	 1.7169871273173704e-01	-2.8492023268861238e-01	-4.3103230522229630e-01	-1.6679858775506406e-01	-4.3872868654947675e-02	 1.5835559357557660e-01	 4.2431396099509433e-01	 3.4604797741279486e-01	 8.9886534942776597e-02	-1.8989822161292053e-01	 1.1987264238903046e-03	 1.1454776242110457e-01	 2.0280868870811131e-01	 1.5216206440183014e-01	 2.3305061478635182e-02
 1.6067487614567499e-01	 1.6529249959507447e-01	 7.5890355633410914e-02	-5.0735552574181580e-02	-1.0033950270103661e-01	 8.0899075118695499e-02	 2.4553016729084670e-01	 3.7986385739153045e-01	 1.5740423045128116e-01	-2.9130230189913087e-01	-4.0218409331746890e-01	-1.5962473873790509e-01	-1.5051620315425618e-01	-7.6329427922230436e-02	 2.1045771805095442e-01	 5.0465907337725879e-01	 1.2447861831451240e-01	-2.8738198240103341e-01	-4.0538875791222201e-01	-1.2430918617909326e-01	 1.2938470892457563e-01	-1.6918866976962216e-01	-3.4059366184293816e-01	-4.1451163382580053e-01	-1.2711558597272493e-01	 1.7312305323806457e-01	 9.3692335186016218e-02	-1.1748012233346103e-01	-1.1079621330442832e-01	 2.2005542649612636e-01	 3.3476267456980957e-01	 2.4339963509235185e-01	-1.3303230026599067e-01	-2.9930492042126472e-01	-4.2508096013014862e-01	-1.7671375639979151e-01	 8.0603188448124113e-02	 6.0277701236389397e-02	 2.8562556486516392e-03	-4.6457810691339710e-02	 1.9198346424376517e-01	 3.9881065290719431e-01	 2.2386472029232918e-01	-1.7384978577223664e-02	 7.1063338284083760e-03	 3.4018888662853422e-02	 3.5375381381310286e-02	 2.0635010943163778e-02	 4.6698231050610745e-02	-3.7894463120100232e-02	-5.3891648456836624e-02	-5.1750514436252719e-02	 7.5258656522074474e-05	 5.5246379835528249e-02	 1.0816171619189816e-01	 2.5986189901931783e-01	 4.0058705429168506e-01	 2.4223706771041151e-01	 2.4605503670575721e-02	 2.8946326770602392e-02	-2.0921121111442179e-02	-4.8976118604381752e-02	-2.2589498749753767e-01	-3.1605919140066274e-01	-1.8409211008624149e-01	 1.3862873743659437e-01	 2.7408768159968711e-01	 3.4718903711570037e-01	 4.4027808643271618e-02	-2.1238815695008975e-01	-1.2804242776160918e-01	 1.3462677566858405e-01	 1.7093638270170070e-01	-1.1489188204214149e-01	-3.1980893643561170e-01	-2.5314009337475868e-01	 1.3653423739033041e-01	 7.8254005814768962e-02	-1.9102579111138612e-01	-3.8226080110376254e-01	-1.6670003225768792e-01	 1.9278425716878467e-01	 3.3912467772379451e-01	 1.1335586784750812e-01	-1.6963185595216426e-01	-3.2955530072354182e-02	-2.3123909901348277e-01	-3.3010067547729616e-01	-1.1722346831777561e-01	 1.7702384140827587e-01	 2.7330029849588189e-01	 1.8441280814766045e-01	-1.1006537260144966e-01	-1.5319195932728791e-01	-9.2736467743147200e-02	 5.1622136071570512e-02	 1.6110987418873832e-01
 3.8697678942006326e-02	-1.2996541238873307e-02	-8.0635630980000622e-03	-4.3192386193782167e-03	-4.0873705984769970e-02	 6.0547986393642728e-02	 2.4634747680022245e-02	-3.6408817905635715e-02	-3.4710592103342000e-02	-3.4081810787412160e-02	-3.7247173004646694e-02	-6.0995128800755548e-02	 7.7557625452380374e-02	 5.1298252721652504e-02	-1.4779033848087919e-01	-2.9591301790215685e-01	-1.5410165205575441e-01	 1.6865348112218267e-01	 2.7612032114722318e-01	 3.6569585347610957e-03	-8.0363458429229345e-02	 4.0668418661934547e-02	 6.3647895872485899e-02	-5.7458120257776760e-02	-4.9543421245180186e-01	-6.4802030212084860e-01	-1.8655876139114333e-01	 3.1920783891704962e-01	 6.4916767442246970e-01	 3.0615020046241037e-01	 1.4754780794592658e-02	-2.0591350635803127e-02	 2.2806241516315405e-02	 2.4448909827521337e-02	-1.5849708879985369e-01	-4.7916341044491650e-01	-5.0720976189432876e-01	-1.6613593240119212e-01	 2.7160512899496780e-01	 5.4923728017671958e-01	 3.2474042121093277e-01	 7.2830333049086565e-02	-2.5296920394528570e-02	 9.4407702672147271e-03	-9.6521576699604844e-03	-3.6281241637219526e-02	-2.0929146287953478e-03	-5.5454854191059541e-02	-1.7889276353175512e-02	-1.5907038430861602e-02	 2.4770076604237110e-02	 8.3792396277946990e-02	 5.0961741414851859e-02	 6.5098811423892164e-02	-1.5375960676202659e-02	-1.1415975483298688e-02	 1.0577027280973822e-01	 3.8799832162183578e-01	 4.2557241738646107e-01	 1.1970562359609108e-01	-2.7100849327383802e-01	-4.7660928241163936e-01	-2.9153524109868989e-01	-1.5902817720996750e-03	 3.6594375740399851e-02	-2.3251187626828023e-02	-2.3993891536800857e-02	 6.1846276475634031e-02	 4.4800627074965060e-01	 5.1782933623624250e-01	 2.4342389506649467e-01	-2.8891307872921168e-01	-4.7424500722495233e-01	-2.4831674224015921e-01	 2.0846114917310067e-02	 6.7180758648347591e-02	-3.9186845591963469e-02	-3.2228908115816884e-02	 9.7211963604467072e-02	 2.3868032865244887e-01	 8.4653774101144899e-02	-1.2034014877318161e-01	-1.9956187007852433e-01	-2.3227946563580081e-02	 7.4879004715756647e-02	-5.1106453134457976e-02	-2.3870859204308526e-02	 1.7865872690629517e-02	 1.7816662707153774e-02	-1.8685538930612797e-02	 5.1212415150304440e-03	 4.3928594261896006e-02	-2.9843878725887632e-02	-1.3344854817861688e-02	-1.4400502586645592e-02	-3.0527065631084895e-02	-1.4560545557250858e-02
 7.8965024113043666e-02	 6.3008493727061188e-02	-8.5700280803199021e-05	 4.0573707924843752e-03	 1.4423739604347403e-02	 6.4362335251857403e-02	 7.7357636670194505e-02	 5.9846503979117905e-03	-7.2198710187657777e-02	-1.3695913165629559e-01	-3.8971824000941006e-02	 1.8269686913738085e-02	 7.8941360284306178e-02	 2.0884969645264078e-02	-8.9140025244665133e-02	-2.6038366652139761e-01	-2.9779336897974040e-01	-3.1793521300246425e-01	-1.8973840216873428e-01	 1.1857868915272237e-02	 8.2259063657110498e-02	 5.1860456549463196e-02	 7.2043460198736947e-02	-7.0550890364909968e-02	-2.9219425324720566e-01	-2.2823128907796680e-01	-1.7170069815057844e-02	-7.7004307273708383e-02	-2.2338681693099466e-01	-1.5211974284645291e-01	 2.1085922342808511e-02	 7.8755582475600286e-02	 4.7047777373426136e-02	 2.2444581748066600e-02	-2.1016490356657835e-01	-2.5623488228133240e-01	 2.2023622539190452e-01	 5.6351933490494677e-01	 5.1187099755568322e-01	 8.5271867346783242e-02	-2.5746338779947309e-01	-1.0712322253890377e-01	 8.5882552925874572e-02	 3.9930015379399039e-02	 1.0045731575724359e-02	-2.1481642148769259e-01	-1.6498206212004379e-01	 3.8781206905027971e-01	 8.4231661039425954e-01	 7.9060013770300885e-01	 2.4286966083596384e-01	-1.8304339609131987e-01	-1.4059543936151053e-01	 6.6519182971634144e-02	 1.2380932956470560e-02	 2.3542522288424552e-03	-1.5214435991244149e-01	-1.8801405610209534e-01	 2.1986208630267476e-01	 5.5809136391204239e-01	 5.3313557095177999e-01	 8.4728112936367339e-02	-2.4539426123298153e-01	-8.3248811490520630e-02	 5.1788408160491732e-02	 9.3947879646543355e-03	-9.6363974304160965e-03	-8.1731541445013350e-02	-2.3311214873686853e-01	-8.4220071232040714e-02	 1.6754148240930855e-02	-7.4727455376882163e-03	-1.5962066532984520e-01	-1.8630105652960716e-01	 1.8454019063673943e-03	 4.9209943796271242e-02	 8.6813773206138641e-03	-2.0689975330980874e-02	-9.6229173936770177e-02	-1.5823882348688520e-01	-1.5024100061985363e-01	-1.6334208185612498e-01	-1.2281138954069983e-01	 5.6120123754408125e-03	 3.6314089664067191e-02	 1.5464256023446737e-02	-4.1441570272195607e-03	-4.4060826354945772e-02	-8.7581884245728409e-02	-6.0457184783189954e-02	-4.4622117098882558e-02	-1.0060403130007986e-02	 3.7206440714367592e-03	-1.2460309424080704e-02	-2.8563087312569183e-02	-1.4544930591968500e-02	-5.8591271576134470e-03
 2.3012779643744482e-02	 1.6246946298487931e-02	 1.6209104812565565e-02	 1.2188246810708171e-02	-1.7694044523024720e-02	-1.0669014604692932e-02	 2.3603743508207597e-03	 2.4909138012309149e-03	-6.7988639110696858e-02	-5.9626627222214811e-02	-2.8178554411189133e-02	-5.7789429464273082e-02	-4.3698494903241528e-02	-3.9789587878321112e-02	-9.7891900279555744e-02	-2.8928618798080497e-01	-4.8997265786287281e-01	-4.3670583615117387e-01	-1.7018811338348933e-01	 5.1907625065493335e-03	-8.5029710740189696e-02	-3.8610326369811744e-02	-5.6801916162611904e-02	-2.1980721547031276e-02	 2.3574003595763400e-02	-2.4438249411350335e-01	-5.7688236314354813e-01	-4.2165472023709827e-01	-8.0556774001424747e-02	 1.0038053592513280e-01	-3.3649876762090712e-02	-7.4876839856121938e-02	-6.7392627755204576e-02	-7.2111115233375683e-02	 2.0305274887135610e-01	 3.8392570273323035e-01	 1.2344095425633969e-01	-2.3393816395335176e-01	-1.0589690526047071e-01	 2.2678625914081302e-01	 4.0357990258494847e-01	 5.0552432434372033e-02	-1.4980177444925458e-01	-7.1660491294294221e-02	-7.5847189105952839e-02	 2.8872056866472329e-01	 6.1027844629774775e-01	 3.5428616699713578e-01	 8.9874348403185950e-02	 1.2674876272242930e-01	 4.5666961937142431e-01	 5.6331457391160999e-01	 1.6411702470657255e-01	-1.1267745483745187e-01	-5.5509461225836179e-02	-4.0803232985284266e-02	 1.6484727528037990e-01	 3.7905043065783739e-01	 1.1246011203407952e-01	-1.4929284925772218e-01	-1.0897523642694476e-01	 2.5777890103970791e-01	 3.9894048836397722e-01	 1.2276352038443267e-01	-5.0245540715124902e-02	-4.2869897692288501e-02	-1.9662890348330665e-02	 2.9501552605120121e-02	 8.0117578599079170e-02	-1.5872712996433322e-01	-3.9853232107640135e-01	-3.5526378046154505e-01	-2.9049651311011129e-02	 1.5924487765022477e-01	 6.5177510280262613e-02	-5.0542400697516615e-02	-2.8378351909372077e-02	 1.1347215433343157e-02	 1.6439832976865416e-02	-1.5695451441502567e-01	-2.9953722961537355e-01	-2.8417829206897616e-01	-7.4513471300205636e-02	 6.2717701237247958e-02	 3.3107277762526185e-02	 3.9028818342871463e-04	 1.0824081445564860e-02	-9.7902786354844042e-03	-8.8777042161010483e-02	-3.8468594622037097e-02	-2.9033590364433218e-03	 3.9735785324085858e-02	 8.7262514470622578e-03	 1.8555946520872349e-02	-3.4405983734776247e-03	 2.1011457438510062e-02	 2.8275437036858211e-02
-3.7589030491050293e-02	 6.0212534495355477e-02	 1.8731908509762485e-01	 1.2574266004512522e-01	 9.3573383164624602e-03	-2.6663532294022957e-01	-1.8337293485542844e-01	 1.1487107413382321e-01	 4.3883667515754088e-01	 3.2489356909888156e-01	-9.1486000143302756e-02	-2.9166021728659647e-01	-1.8676377950740111e-01	-4.4843884335139672e-01	-4.8263160142737555e-01	-1.1770028945554172e-02	 3.6883983267593157e-01	 2.4494186405165544e-01	-2.0283194295998974e-01	-4.3345889786402281e-01	-4.0698869892965872e-01	 4.3900535638232803e-03	-2.2353353761990123e-02	-2.9745661670873114e-01	-4.1245969434684804e-01	-1.3913628922343008e-01	 1.7454208487778572e-01	 1.1472883493401828e-01	-1.5852119813088872e-01	-3.2887550353435258e-01	-2.0796012867365013e-01	-4.0350911263600797e-02	 1.5729041194649590e-01	 2.4430454594049195e-01	 2.3911333747020486e-01	 3.7111112763488593e-02	-1.5783191782580790e-02	 4.6107675857855746e-02	 2.2030639479710588e-02	 4.7209612376571307e-02	 1.9878690900708013e-02	 2.5435494682199139e-01	 1.8853178092299216e-01	 2.0515905145295316e-01	 4.0889735635893953e-01	 4.8649470643978782e-01	 2.3616346688616180e-01	 5.0380116015857949e-02	 4.5665516065969414e-02	 3.4316801111614476e-02	 6.7237513559090620e-02	 2.2573006884202035e-01	 4.4458801211042753e-01	 3.6485895223378056e-01	 1.4830761284916588e-01	 2.5182082453935473e-01	 1.6686344806897319e-01	 3.8264137763400256e-02	 2.9911722907605503e-02	 6.2381183801236376e-02	 2.5599847937308323e-02	-1.0598767970810413e-02	 3.3507831363531011e-03	 2.7258957022986174e-01	 2.7234877247909317e-01	 2.2215028537812542e-02	-8.2430841907946140e-03	-1.8941709679908519e-01	-2.9827082308246899e-01	-7.9747755729979775e-02	 1.3630395728159417e-01	 1.1501333390187765e-01	-1.3849963517943290e-01	-2.8870138258543965e-01	-4.5827190398070317e-02	 7.7832294032383995e-02	-1.6468726259266053e-01	-3.1804613828758005e-01	-4.0874774736591724e-01	 1.7226964974049463e-02	 3.2492901268712038e-01	 3.0873462380022054e-01	-3.8283942677039273e-02	-3.4317369270725256e-01	-2.5260098682219356e-01	-2.2562758574694608e-01	-1.8360015332365587e-01	 1.5901249787039079e-02	 3.3205826770930841e-01	 2.5167441428068799e-01	-4.7793827633746816e-02	-2.2866121805853273e-01	-3.7001386827685834e-02	 6.2942318749010753e-02	 1.4216884075227670e-01	 1.3992404935423619e-01	 2.0815239385178996e-02
-6.9111027134366190e-02	-1.0960533379617501e-01	-5.2086723699351738e-02	 4.1682125911136389e-02	 3.1994064509633324e-02	 9.3499766262522085e-02	-7.9173819137025425e-02	-2.4504593504887284e-01	-1.0699989678982381e-01	 1.8127887890573161e-01	 2.6232018123012302e-01	-3.2256507364773646e-02	 1.7713857587714055e-01	 2.9770076234772969e-01	 1.1724819176864626e-01	-2.4836614378312705e-01	-1.2609120689546366e-01	 2.7632386454602775e-01	 2.3221206884059592e-01	-1.4398588712561827e-01	-2.8760520374535942e-01	 5.6202657673193088e-02	 1.4157199371015033e-01	 3.5780465608997064e-01	 2.6285393904747445e-01	-4.7783951464404804e-02	-9.0559584199771365e-02	 1.1585270458557653e-01	 1.3866577097800977e-02	-2.6719595716286448e-01	-2.5310968632817399e-01	-1.4773616084203345e-01	-6.2457404512715253e-02	-9.5285370490061749e-02	-2.8044953844531761e-02	 1.9194608233688619e-02	-2.6303314382990807e-02	-4.0773702496692231e-02	 1.0476816736450061e-02	 8.1521182682590043e-04	-4.1932272700599807e-02	-1.6750034439695374e-02	 8.5881243245969713e-02	-1.2936082379721167e-01	-2.7506819925123382e-01	-2.8797555605696645e-01	-5.4574308855443066e-02	 1.4281378559406288e-04	 2.0006622260786838e-03	 2.8852775899743104e-02	 8.3421679726703481e-03	 6.3355695219427660e-02	 2.2455396718586218e-01	 1.7871111050170058e-01	-8.2959545406829455e-02	-1.0949063134411173e-01	-3.9304697269060315e-02	 6.7479370234116876e-02	 2.8463864288748933e-02	-8.1077355263550754e-03	 2.7764113696072797e-02	-2.8268671227698119e-02	-3.7551143826803059e-02	 7.9204688084815900e-02	 1.2680578680118623e-01	 1.3210421349040444e-02	 7.6069907772872369e-02	 2.5370307238655920e-01	 1.8801534623904853e-01	-3.8002278710043760e-02	-6.6651029921465002e-02	 6.0107323328867562e-02	 1.1155937572451709e-02	-2.1324667356699190e-01	-2.2263778258196315e-01	-5.0674091918012587e-02	 1.3067936099361127e-01	 2.0626522322557794e-01	 7.8635504498568390e-02	-2.1553094180695728e-01	-1.2440407792232593e-01	 1.6601646770129483e-01	 1.8523569786048033e-01	-1.1594182433632144e-01	-2.4437358484710456e-01	 8.7799696932287952e-02	-5.4833595422775744e-02	-2.0751121294050973e-01	-1.2049475011500446e-01	 1.4161732982064787e-01	 1.8275703065014043e-01	 1.3645753773893951e-02	-3.3008371117504619e-02	-8.6372740676175883e-02	-4.3360381265024284e-02	 7.0263328464741301e-02	 8.9458715789260582e-02
-3.8753587478842944e-02	-2.0134607499577989e-02	-5.1139979331597113e-03	-8.2166949229322411e-03	 6.2354199442482090e-03	-4.9706653138504427e-02	-4.9190670932642427e-02	 3.2369677055968618e-02	 4.4349165360331247e-02	 1.2094169682055393e-02	 1.4278296472707471e-02	 5.6428732117612429e-02	-6.1318240516447520e-03	-2.6582984176209273e-03	 1.4545497863717505e-01	 3.5791513116830143e-01	 1.4640380776253065e-01	-2.0811374056242590e-01	-3.0488901005833668e-01	-4.4057901671293496e-02	 2.4387767412720522e-02	 8.0275890752954764e-03	 1.8042890182225168e-02	 2.1400351887243634e-02	 2.2378231672887294e-01	 4.1506458316074435e-01	 1.4810182146151651e-01	-2.4516540639657219e-01	-3.6127791390491248e-01	-1.0424627351983476e-01	 1.0173004788313852e-03	-3.0390251542640931e-03	 2.9712475892465878e-02	 6.0120934803388256e-03	-1.5294716036724368e-01	-9.0923257011346820e-02	 9.5491567056695870e-02	 1.0194732290685189e-01	-7.6545274133017718e-02	 1.0297596566766256e-02	 1.7761799168185677e-01	 9.6257009647571209e-02	-2.0630463392915015e-02	 4.4639728953854756e-02	 1.5108412493542261e-02	-2.6307820856417541e-01	-3.7332592237057510e-01	-1.0944185696502357e-01	-2.5300339072902835e-02	 3.3566777133424687e-02	 2.0247270475455775e-01	 3.7548121986044958e-01	 1.6879522463276561e-01	-4.6189679625755049e-02	 2.9319591582683224e-02	-8.1577478307648162e-03	-1.2456414179785580e-01	-1.3029059696382145e-01	 9.8758296731461470e-02	 4.2619961503838899e-02	-8.8308577293495616e-02	 1.9328211467740941e-03	 1.7051957861647082e-01	 9.1202729049936648e-02	-3.3577835552584027e-02	 4.3479798477278021e-03	 7.0942195823617271e-03	-1.0131535264032201e-02	 1.6866434336108543e-01	 3.2648370999778042e-01	 1.5665902288157485e-01	-2.4079539257137433e-01	-3.1286166850622810e-01	-9.5108464618792285e-02	-1.9239702948530744e-02	-1.3804979734254111e-02	-6.7001400440125369e-03	-7.5542057474563967e-03	 9.7057899098622946e-02	 2.9171867444544664e-01	 1.1651823136629702e-01	-1.8450780970837347e-01	-2.6509437849848638e-01	-4.0641165591896455e-02	-2.8384598184452020e-03	-9.8382179790343360e-03	 1.9591619054391947e-02	 7.2872351269613972e-02	 2.7943894674565033e-02	-5.3824069568588345e-02	-6.7204692379813219e-02	-3.6000112830887776e-02	-1.1392070982587585e-02	-6.0097844405048824e-03	-7.4840487938596335e-03	-3.1492046436452557e-02	-1.9012753802196532e-02
-2.3369223806629140e-02	-2.8938583035518439e-02	 1.5070067176848358e-03	-8.9925906225567544e-03	 4.3355075187130609e-03	-5.2610489353352358e-02	-2.5376915912977405e-02	 5.0307784722210319e-03	 3.8182651697515876e-02	 1.3272437602529391e-02	-1.3063964625290209e-02	-2.3148063669748777e-02	-3.2285710929244392e-02	-1.4848770886767854e-02	 9.7833380881245435e-02	 7.9335763275266147e-02	 2.3015568112502802e-02	-1.7746641867534281e-02	-8.7305880335029035e-02	-7.0012118774125942e-02	-2.5757862557943559e-02	-1.2455578749281142e-02	-1.9093988695397371e-02	 5.3793190073928854e-02	 1.1441424705529379e-01	-8.8756089324732224e-02	-6.8098334522012305e-02	 8.9043688471794336e-02	 5.1875707821969978e-02	-1.3832235190141465e-01	-6.4970908404694452e-02	 1.5270356081107926e-03	-1.1601302589150734e-02	 1.1129785117116549e-02	 1.9036316516294988e-01	-6.8579335436537908e-02	-4.4859842820884621e-01	-1.8161794265290132e-01	 3.1119401925266538e-01	 4.0169733004024599e-01	-6.2579630858860744e-02	-1.5767517522165470e-01	-1.3892907066074886e-02	-1.8476075112754384e-02	-7.9796304529154861e-03	 1.8370468989533129e-01	-2.1147564193606344e-01	-5.5126922836593528e-01	-2.6384890020191776e-01	 3.8982651076689745e-01	 5.7168173902466135e-01	 7.4273741412070188e-02	-1.4388319546997941e-01	-1.9642279175405480e-02	-1.6906065826085483e-02	-3.5278444750601497e-04	 1.4890957089796442e-01	-9.5195707230252724e-02	-4.2847353883033268e-01	-2.0012167563750888e-01	 2.7960053878874069e-01	 3.9271150634953783e-01	-1.3069202941741584e-02	-9.3436114941128773e-02	-1.1002558186351409e-02	-7.7568598638351020e-03	-4.1537407463228815e-03	 8.8506493545589579e-02	 8.4774365117385647e-02	-9.3726674710403038e-02	-7.8415856032086756e-02	 1.0241761939560902e-01	 2.9513034172139144e-02	-8.7988560492545803e-02	-5.4500700751780762e-02	-6.0596795938127361e-03	-2.2819180634209735e-02	 2.9129186218803593e-03	 4.8508081257943494e-02	 4.8429125372194487e-02	-1.5729387214086551e-03	-3.8050303391372973e-03	-4.1265122358879962e-02	-4.8574996342730312e-02	-1.8573440148821199e-02	-2.6403164685249555e-02	-5.9643410541919527e-03	 5.2776614452991278e-03	 4.1732134836233179e-03	-1.7430778922881897e-02	-2.0182016708300131e-02	-1.9456525358612479e-02	-6.0358393834249935e-03	-1.1637929799758747e-02	-7.6693385665894693e-05	-6.6917156292745153e-03	 4.6696003672374309e-03
-1.8662884409842116e-02	-1.4953333294124776e-02	 8.8777587886202242e-03	 7.0922782032516321e-03	 1.1384450200196117e-02	-4.3958780140566436e-02	-1.4154011221700846e-02	 4.3069220620050752e-02	 1.0830720971589558e-01	 6.8454550088098559e-02	 2.7185232562845621e-02	-1.2785008418251365e-02	-3.5934650062296361e-02	-3.5770955287088804e-02	 9.8534437744662390e-02	 1.8893489716697731e-01	 1.5074505235284524e-01	 1.7304153394272706e-01	 1.6410374936547295e-01	 8.1420409984970271e-02	 1.3999309065299862e-02	-2.3367017768713534e-02	-9.5754114173718097e-03	 6.7606174771399005e-02	 1.0915969221815493e-01	-9.6004585870171882e-02	-2.9047819418524501e-01	-2.7265248045981660e-01	-2.8051710336714955e-02	 8.9838852293374460e-02	 3.8568603532980972e-02	 5.3590759126929833e-03	-1.1002222576578388e-02	-1.2003436904611578e-03	 5.4537424512757893e-02	-4.5700891384060456e-03	-3.0231416109401832e-01	-5.2532131229799872e-01	-4.7609411123582768e-01	-2.5509715475085593e-01	 6.3544601345814251e-03	 3.7580144383264957e-02	-2.1003851342068308e-02	-1.7779264461802634e-02	 5.0611024617690462e-03	-1.0759306064643768e-02	 2.7511850520328507e-02	 7.4324765966338495e-03	-3.1050553881181026e-02	 1.9113941970473471e-02	-4.4758583156936135e-02	-1.7008147579504872e-02	-3.3551211662274899e-02	-3.5797596775275940e-03	-1.8022958428342874e-02	-2.5829564947456717e-02	-5.2870400303466396e-02	 2.5560241627717355e-02	 2.9865908471404856e-01	 4.7435177251242333e-01	 5.0188639728597129e-01	 2.0908553994357815e-01	-3.8412627072559137e-02	-4.5610340731687030e-02	-9.0114767740948967e-03	-1.5455143870706725e-02	-3.1019022259725679e-02	-6.0270861062743222e-02	-9.6471909797820860e-02	 1.1739264873001073e-01	 3.3911402565554560e-01	 2.7922741417845731e-01	 3.9634106078564435e-02	-9.9084002349737854e-02	-3.1399954539145250e-02	 2.4347198889006140e-02	-1.6769066977874916e-02	-3.0332685520377885e-02	-7.8383252819624799e-02	-1.1260587360044756e-01	-6.0278343978365782e-02	-6.0051536405144545e-02	-1.3191725448306441e-01	-5.9373707462004890e-02	 7.9597824036156221e-03	-3.0074901224729227e-03	-2.2516186438941405e-02	-6.2552200204782013e-02	-1.0092440351245183e-01	-9.7396577510489427e-02	-5.9176851853773249e-02	-2.4434730851982014e-02	 4.4115592748304689e-04	-8.1901191714553092e-03	-2.9433176629980771e-02	-1.0792146005478889e-02	-1.9532992341401240e-02
-8.7657242158229835e-03	-2.1479962218296351e-02	-4.0531521258831929e-02	-3.4937910050366755e-02	-1.0991668253785662e-02	 2.0348449198247902e-02	-1.0850339749057549e-02	 1.5232116249498964e-02	 8.0152073959514722e-02	 6.1773267425884820e-02	 1.4227741166477476e-02	 3.4190692582971124e-02	 6.2031665185077453e-02	 2.2351921189754469e-02	-5.5086239195881154e-02	 1.2894313034314608e-01	 3.6303223716115829e-01	 2.9550448866911616e-01	 3.6905992716639927e-02	-1.2244341706281943e-02	 4.0618755967771147e-02	 2.9116576333265736e-02	 5.6474547734783012e-02	-1.0663184845662875e-01	-3.6110276286210463e-01	-4.6033013088783090e-02	 3.3277181565070602e-01	 2.2868099508316381e-01	-1.7854006859043897e-01	-2.5045486698330116e-01	-3.2779412184611965e-02	 4.3869051014449489e-02	 2.2756339696632308e-02	 1.5226576729678542e-02	-1.9327419967416742e-01	-4.0484607561744368e-01	-2.1690594883104614e-01	 7.1257469124155065e-02	-3.0212422101656387e-02	-2.5544302845164402e-01	-3.5216249623203688e-01	-1.2577034853029273e-01	 1.3907496483404846e-02	 9.5872478415306422e-03	 1.5174013591940164e-03	 1.2211798970467673e-02	 3.1012826095191495e-03	-2.6840829131010668e-02	-2.5578955659607528e-03	 2.3363736937819304e-02	 2.5862334919287550e-02	 2.4125616898243670e-03	-1.3266514670262851e-02	-3.4866801195184566e-03	-1.1931121888583985e-02	-2.1076241297859439e-03	 1.8450522812482489e-01	 3.4856266832388294e-01	 1.7044336166513735e-01	-7.4880102360981179e-02	 4.0614655910929387e-02	 2.6219332525924183e-01	 3.2013874387851604e-01	 1.0757831979881381e-01	-1.5137134781805610e-02	-2.3269472374353728e-02	 3.4529491874801697e-03	 1.1696847326604477e-01	 3.2746764692539004e-01	 9.6277430675923009e-02	-2.2029821177760925e-01	-1.6334013635240593e-01	 1.9545474610698860e-01	 2.8486153584074098e-01	 6.7992693423136782e-02	-1.9037973395158090e-02	-2.5788491945044057e-02	 1.5613436481567445e-02	 7.7384418757127205e-02	-8.4007476679089491e-02	-2.5470212875360448e-01	-2.4075023108909849e-01	 2.7369529119398647e-03	 6.6152169042745235e-02	 1.5123641895619794e-02	-2.8349480937929300e-02	-9.6813002130526661e-03	-3.9155051922842035e-02	-1.2966091354065107e-01	-1.1765608298239036e-01	-2.5191369372268985e-02	 2.0762249191480049e-03	-2.1258769533760276e-02	-2.8045144610356124e-02	-4.0079532383917135e-02	-2.7061446683154061e-02	-4.2805455190044151e-03
 2.5751909804320423e-02	-7.4288530829547894e-02	-1.7066171531398083e-01	-1.1287754644698351e-01	 2.5661582471136320e-02	 1.4447196037978849e-01	 1.4416190689172931e-01	-2.3894542690438288e-02	-3.6925204195929950e-01	-2.5828058744738913e-01	 9.9609281006720729e-02	 2.4449958091284774e-01	-2.7774445937064102e-02	 1.4305648056897449e-01	 2.8775943586798947e-01	 8.6786201608018670e-02	-1.8909343574835430e-01	-1.7260780710914778e-01	 1.7086566904343062e-01	 2.8360364051707843e-01	 1.4119265824651339e-01	-1.2911853277012264e-01	-2.2888274887290092e-01	-1.8559249165636055e-01	 9.7165421442478431e-02	 1.2609350612728931e-01	-5.1388120657486595e-02	-2.7472073147583397e-02	 1.1295365788827369e-01	 4.4093770752773875e-02	-1.6185200694687554e-01	-1.0435311890399453e-01	-9.9771770539364285e-02	-2.6683798164479033e-01	-3.3398810453601824e-01	-1.0706604245362686e-01	 8.5544293246744320e-03	-3.5049237917378412e-03	 2.9371844779215110e-02	 5.1067666480781718e-02	-1.3708294472198440e-01	-3.1641334027641144e-01	-2.0218261935562892e-01	-3.9154207297594154e-03	-1.3626640704386787e-02	 2.9834789129122869e-03	 9.7427997567000532e-03	-7.2828093112374754e-04	 4.6391325003936182e-02	 3.7811635005418412e-02	 1.4746588579321348e-02	 4.4417225834906079e-02	 1.4095413850653552e-02	 9.5657664560871766e-03	 9.9153340148165792e-02	 2.3225552218294837e-01	 2.9524173031543310e-01	 1.0367629118340529e-01	 9.6467836853122643e-03	 8.2926583909231702e-03	 3.0612979320316300e-02	 2.9839937044076996e-02	 1.8540288533993160e-01	 3.1489582971518659e-01	 1.7259390557826282e-01	 1.1157444249983452e-01	 2.1661073214104809e-01	 1.5717038022018151e-01	-7.8825977772145367e-02	-8.6194524343727180e-02	 7.8209214827753587e-02	 7.7316081120880092e-02	-7.2465464397923507e-02	-1.8177853181885611e-02	 2.4920357182175051e-01	 1.6788235110215982e-01	 3.9470021424552554e-02	-9.8570405522002136e-02	-3.0040157330089834e-01	-1.0419540354140883e-01	 1.6771772982878996e-01	 1.4465183337243856e-01	-1.1656712566978339e-01	-2.1738582039200821e-01	 1.7312201175027850e-03	-1.1747949176324601e-01	-1.8208320757401250e-01	-8.2282413401847360e-02	 2.2576330690566165e-01	 1.6112373639618571e-01	-1.1429978493140067e-01	-1.9621006449410572e-01	-5.0953563248826883e-02	 1.1535912049146727e-02	 8.9307593701985946e-02	 7.1420482286469217e-02	-3.4501629821702545e-02
 4.0153627050051592e-02	 9.9252840515721474e-02	 3.9018570992645905e-02	-7.8689200274359009e-02	-5.1610020660264905e-02	-1.0312588894903242e-01	 5.6528669102945640e-03	 2.5689560928066391e-01	 1.1354207069882945e-01	-1.6170887051674712e-01	-1.4957234682081713e-01	 5.3780508274731992e-02	-5.7614021475732191e-02	-2.0310983146559725e-01	-1.4513890377566629e-01	 1.4488485883870966e-01	 9.0062882919578646e-02	-1.7171077033747328e-01	-6.3127075374227681e-02	 1.9302119891886377e-01	 1.4736442041377029e-01	 7.4022174191962192e-02	 1.0643801579365408e-01	 6.2011282470742762e-03	-1.2323230651999975e-01	 4.7165371114150463e-03	 3.4686824869733415e-02	-5.0755457934598611e-02	 1.6490926362108631e-02	 9.6569206035669680e-02	-5.6336764140610840e-02	-8.1868053751801256e-02	 8.7004946529392127e-02	 1.9776156329886432e-01	 2.1759389084394887e-01	 6.4096075847059564e-02	-2.0685435279470012e-02	 4.1983653193903903e-02	-1.1883365325004320e-02	-1.5402213430215986e-03	-4.2874411578437494e-02	-2.6407388249765684e-01	-1.5314367540078319e-01	 2.4270307383157760e-02	 1.2900300608650063e-02	-4.5644826192443406e-03	-2.2658248715354129e-02	-2.6955859688096603e-02	-3.3894637820499826e-02	-1.8438010032118222e-02	 3.3499975590649154e-03	 1.2184870822041864e-02	 2.5719074846789994e-02	-2.8245650050630344e-02	-5.3005131600252914e-02	-1.7801062945966614e-01	-2.0208601837981494e-01	-5.9880797311580677e-02	-1.0650337210236609e-02	-2.3818613811742918e-02	-3.5542008885001301e-02	 1.0789904442308080e-02	 6.0497799268285260e-02	 2.0828578007412951e-01	 1.3876798563944906e-01	-4.2441206982889793e-02	-8.7614184525274419e-02	-2.7062277562026109e-02	 7.7203316555321796e-02	-4.4400401238853509e-04	-3.1220289780888526e-02	 7.0043557506078071e-03	-7.0255845432550298e-02	-1.3582908756072187e-01	 4.6257447210949224e-02	 5.9155153122266504e-02	 5.0109699233537655e-02	 1.6349715015280086e-01	 1.6218104280497381e-01	-9.0681894553542391e-02	-1.0877469597549944e-01	 8.3927256107623555e-02	 2.0463309745455141e-02	-1.7038573049367811e-01	-1.2899247328407526e-01	 1.0991333238608000e-01	 3.7655852934570778e-02	-1.2022183065382373e-01	-1.0733532330227824e-01	 1.3883084739894619e-01	 9.9822558409935994e-02	-8.4030096311365016e-02	-9.1267275433983813e-03	-6.2308995588246499e-02	-2.8992659552260852e-02	 5.5339164341016885e-02	 4.7261382388883333e-02
 2.9529828972900376e-02	 2.2353582775144390e-02	 1.5322443125251861e-02	 2.3019272951517181e-02	 7.4438928253141249e-03	-5.8287788735533405e-03	-1.7880077583795966e-03	-2.5584819346676235e-02	-5.3371139448128643e-02	 7.2415906055990076e-02	 2.3943499438816275e-02	-2.9142385204730156e-02	-2.7445177017978988e-02	-3.6549328020656149e-02	-1.1318657357451395e-01	-3.1003608699215540e-01	-1.5983323832368163e-01	 2.0804883844445599e-01	 2.3270143691835524e-01	 1.7675017129586603e-02	 5.8100910413420113e-03	-2.7330196728761830e-02	-1.2602169345104740e-02	 7.8922997645905088e-02	 7.4658265330840745e-02	-2.1376184856991379e-01	-1.1239698947801452e-01	 1.7267478196765951e-01	 9.9172166821758445e-02	-1.2375943606802861e-01	-5.8379772428631016e-02	 1.4974828026275099e-03	-2.5303709079457774e-02	 1.1492327367374908e-02	 1.9671478484362445e-01	 2.2695323796159089e-01	 1.6101494774995059e-02	-7.1362830659881540e-02	 1.9436952909500295e-02	-4.4255954371943282e-02	-2.2564500128908488e-01	-1.3278904342887937e-01	 3.3478915791410164e-03	-2.4583451067791910e-02	-1.9940074073645099e-02	-5.7107865132995589e-03	 1.0281279167564768e-02	-6.0139637151184660e-04	-4.8353671127183258e-02	 1.3363795158030621e-02	 5.1925905139453402e-02	-1.2147656629245919e-02	 3.3500456392605445e-03	-1.9931475050376062e-03	-8.5170033393230146e-03	-3.5997082606600228e-02	-1.7113194732590883e-01	-2.3969142362080759e-01	-3.5896190824902592e-02	-1.1752687437328253e-02	-9.6547474948003066e-03	 1.3661255923286103e-01	 2.4591940534493537e-01	 1.0229150974494122e-01	 1.3638076470917134e-02	-1.9989463840469480e-03	-1.9488014616147131e-02	-1.1126249981060482e-01	-7.2751684496790481e-02	 1.5996347968910896e-01	 1.3125526743046423e-01	-9.7718153485773673e-02	-4.7648511618003660e-02	 1.7144051855651465e-01	 5.5199728063343792e-02	 1.1878626136718265e-02	-3.5119767474365723e-03	-2.3200127047538349e-02	 3.6650661408545115e-02	 2.2498031437400257e-01	 1.0348098521662644e-01	-1.4080859611120605e-01	-1.5317879550980759e-01	 2.1507032287835695e-02	 2.9923645880751717e-02	 1.3424614263951714e-02	 3.8420952572262107e-02	 7.7137769971491563e-02	 4.1475646184549422e-02	-4.2270722380372390e-02	-4.0967111816458082e-02	-1.1938081328407325e-02	 9.1004317224152621e-03	 1.5009656438149785e-02	 2.0652632383509915e-02	 2.1066848925854202e-03	-1.6445488408513662e-02
 5.4823479089225451e-03	-8.6090235459962885e-03	-1.3978642014158165e-02	-6.0179087841443161e-03	 2.0784759796619668e-03	 2.5590154169925723e-02	 1.3055922805815422e-02	 1.5373790357550319e-03	 1.6064887153448802e-02	 2.9501790452935408e-02	 1.8640525769034903e-02	 1.4744247543006335e-03	 2.8188517193069161e-02	-9.5970212588599307e-03	-9.1350650381711362e-02	-5.4097650566767796e-02	 2.8261210418538789e-02	 9.9630241992293804e-03	 7.8999362344674529e-02	 8.9171162200264678e-02	 1.3757625310392636e-02	 2.6449575099227372e-02	 2.6237929884741860e-03	-9.0677658292580954e-02	-9.8752671934576493e-03	 2.5831615676550623e-01	 9.4576222029522219e-02	-1.7502456475992434e-01	-2.2270278334020777e-01	 3.4102870837351945e-02	 1.5793019148538347e-02	-1.7302019481599890e-02	 1.2536591936947204e-02	-1.1981361753311744e-02	-7.4547156465514214e-02	 1.4462476713210642e-01	 3.6855312756642167e-01	 1.5838533614878142e-01	-2.7954749560395686e-01	-3.7877277459082381e-01	-4.7876485040619303e-02	 2.5887678812006688e-02	 6.6169952487363758e-03	 7.2643290232488698e-03	-1.2863689717313126e-03	-7.1485962387381923e-04	-1.2271272661330337e-02	 3.8445454837829074e-02	 3.0232171837555742e-02	 2.0423496514208109e-02	 3.6122580876917229e-03	 3.7675192531094882e-03	-2.0129716643300474e-02	-1.8119055977285363e-03	-5.8005439722703001e-04	 6.8264199925787434e-03	 2.1456979247623846e-02	-1.4794215681261796e-01	-3.3262138388713058e-01	-1.0949953135557763e-01	 2.5851584560067498e-01	 3.3243545397477658e-01	 6.3934386620654038e-02	-2.7393509216777197e-02	 1.5522433206555879e-02	-9.9269206104590302e-04	 4.0487584717977549e-03	 5.9723472308856773e-02	-3.0945903372686441e-02	-2.0311901366158946e-01	-1.2561585864693459e-01	 2.3739606158824286e-01	 1.8353748703021414e-01	-4.6095596589203772e-02	-2.5566459319231679e-02	 2.2527643133826422e-02	 5.5662105861829757e-03	 1.1696316967274124e-02	 5.8850649750560272e-02	 6.1367924493999759e-03	-7.9877803802464939e-03	 2.7699445912539089e-02	-1.1128771400920591e-02	-4.0233829295112461e-02	-1.2656351307688673e-02	-6.9100261325841447e-03	 1.2571829576108504e-02	 2.4709281157056676e-02	 1.9607193275127215e-02	-1.9959731003621792e-02	-2.8256970977697873e-02	-3.8546140020461641e-03	-5.0709458735729348e-03	-8.1669476327482227e-03	-4.3840329838674887e-04	-7.9076466964847804e-03	-8.6276705534293983e-03
-8.8664171454269757e-03	-1.2150291321244427e-02	-1.6216552218285194e-02	-1.6911399562789441e-02	-7.8336718768976660e-03	 1.9898171586619346e-02	-1.7183810057140675e-02	-4.7069195791836951e-02	-5.2138901927672850e-02	-3.3322924588501529e-02	-3.3165168052056798e-02	-2.3872235334389456e-02	 7.3153440524575146e-03	 9.9042379805523838e-03	-7.0512490012197865e-02	-1.0068947417021801e-03	 6.2332638765880737e-02	 3.3073384849893986e-02	-3.6691391747096833e-02	-7.0011173767764862e-02	-3.0078855261290775e-02	-3.2968404701700167e-03	-1.6818754336645980e-02	-4.8146838833024660e-02	 3.7280267581574988e-02	 1.8354829350296620e-01	 1.3932258834758093e-01	 1.6890463301468928e-01	 1.6141035054775132e-01	-5.0098841092287842e-02	-5.2605040915071996e-02	-4.2189787806084955e-02	-1.4330318062446511e-02	-2.8282016539067263e-02	-1.3871234129900861e-02	 1.7739457892570798e-01	 5.2110410244269427e-02	-2.3062802640221325e-01	-1.5566891769131971e-01	 1.5084491335337141e-01	 1.1359303030810788e-01	-5.6203237367193501e-02	-4.0440153290511212e-02	-1.2729848479673771e-02	-1.4173183550947705e-02	-1.5418397868449975e-02	 1.8683400860686447e-01	-8.8908060029325595e-02	-5.1823226307397152e-01	-4.6746123114836485e-01	 2.8947602514864355e-02	 1.4316657273681510e-01	-7.1904300549535333e-03	-5.0450052442473550e-03	-5.6221189949313966e-03	-1.0893211738207492e-02	-2.4867681499888425e-02	 1.2279161419283403e-01	 5.7624782601842617e-02	-2.4624880154909390e-01	-1.7648394993903163e-01	 1.1199787480870335e-01	 1.1886867223276144e-01	-1.4748205329515124e-02	 1.4970813186912168e-03	-4.5823042225568459e-03	-7.0561243479258986e-03	-4.0102291359987469e-02	 3.5526796318542650e-02	 1.0276447789219587e-01	 1.2477862422241082e-01	 1.5243158695252598e-01	 1.5804606177774450e-01	 3.6917643569511834e-02	-1.4055079074150439e-02	-4.9566391808430806e-03	 2.0364164812828002e-03	-3.2862158595231448e-03	-8.7716903520824903e-03	 1.1496457514727661e-02	 5.3778836584046814e-02	 7.8583191657032467e-02	 2.1048288695001395e-02	-1.3886752524776825e-02	-1.4480019457435598e-03	 2.4254751620995940e-04	-8.9230029996628431e-03	-1.0814058159603242e-02	-1.8163040579090309e-02	-1.7798283891747996e-02	-5.2327812547725214e-03	 1.6557623737688844e-03	-1.1830934861272353e-02	-1.0462443529624192e-02	-9.8163920473829415e-03	-8.9258001926379241e-03	 7.4358935568484439e-03
 1.5543427168522563e-02	 2.9276626903848176e-03	 3.6105561370554319e-04	-1.1803343495968694e-02	-1.1417783110773900e-02	 1.7381378475234788e-02	 5.7209532110504462e-03	-2.1922687648771880e-02	-6.4709411190997532e-02	-7.5001361313941695e-02	-5.9846025163214675e-02	 1.9215979051757346e-03	 7.0727223492411499e-03	 5.5271301881296836e-04	-2.4094947430078742e-02	-3.3960040399676081e-02	 2.0998799611510960e-03	-7.7978812754136003e-03	-5.7356206940267732e-02	-1.5064348240678409e-02	 2.1686015981537493e-02	 5.1511148837511452e-03	 1.1497109343344998e-02	 5.1925101820993746e-02	 1.8590725422746132e-02	 9.3209549095651573e-02	 3.3844093958527444e-01	 2.5086774309889359e-01	 2.2472583782618153e-03	 1.3934501212597523e-02	 3.3557299617733932e-02	 7.3734462253705925e-03	 6.8192585544377309e-03	 5.4591790939160986e-02	 8.1628616601771412e-02	-1.3143601691446460e-01	-8.2902833600930731e-02	 2.0977321392886950e-01	 1.1582402001573533e-01	-1.2358171142712113e-01	-7.6927662722877765e-02	 8.4753265217828111e-02	 4.9318529906380366e-02	-5.2533940655886784e-03	 4.2507597370539316e-02	 7.8512711736442073e-02	-2.8248717063019735e-01	-3.1622800835212461e-01	-6.7497685738513141e-02	-1.1599212007429555e-01	-3.7777100477496417e-01	-1.8718216344040217e-01	 8.4070793310364156e-02	 2.2690804866041178e-02	 3.9894362506366458e-03	 1.8337916388264239e-02	 6.9659022043059959e-02	-1.4008445794805977e-01	-1.0423485258805992e-01	 1.6866797197954356e-01	 1.1236670374240841e-01	-1.6428710483620318e-01	-1.2007607084007868e-01	 5.2478184209589461e-02	 1.0289862646174468e-02	 1.5434168861237756e-02	 1.0734771002877067e-02	 3.6006726657213592e-02	-1.0253997632120010e-02	 8.6529971846848575e-02	 3.0899716743602590e-01	 2.4978346779614113e-01	 3.1547854671990963e-02	-1.3643352232935767e-02	 7.8594890929253643e-03	-2.2922128054766316e-04	 9.9812409400711396e-03	-6.7958784984060282e-03	-2.8667521258209296e-02	-7.2449772682097397e-03	 4.6533733140124572e-02	 3.7970543286525840e-02	-2.2241995548166464e-02	-1.7550595457998086e-02	-1.2018408172933398e-03	-1.4028538161779075e-03	-1.0594754666008701e-02	-3.8361464283105967e-02	-6.2120400961152539e-02	-5.7373772566442882e-02	-2.9130671009647335e-02	-2.4845652855670305e-02	-1.2826555744061876e-02	-2.1316097371689074e-02	-1.7674363238982395e-02	-2.1582850621508144e-02	-9.8713253455337963e-03
-1.6334115315770614e-05	 9.3483568552131177e-03	 1.8326591820203484e-03	 1.0336471836789318e-02	-1.6223935139332270e-02	-3.1952972326042633e-02	 1.3840519445440166e-02	 1.0684551590215478e-02	-8.0946560438178536e-02	-7.8329547302961017e-02	-2.7627133275617485e-03	-1.2815027590303389e-02	-2.6262609663733269e-02	 4.8848855437183536e-04	 1.4296080129358860e-01	 2.8981002606490648e-02	-2.7277060875435954e-01	-2.1437568293292453e-01	 6.9452431023028338e-02	 9.1774629526650456e-02	-3.7797154702644276e-03	-1.8537980518860502e-03	-5.6326583058900421e-03	 6.3370397963429095e-02	 2.8565146861977120e-01	 1.8582604104712294e-01	-1.7879470535364389e-01	-8.4711745658498205e-02	 2.5195324997933655e-01	 2.1550565662522131e-01	 5.1480295438243576e-02	-7.2650132718061339e-03	 1.2509803728058117e-02	-1.5129706037802018e-03	-1.0426280886414895e-01	 2.7200189798136817e-02	 1.1033225828723493e-01	-1.9353018312389867e-02	-1.5729397066946253e-02	 4.3029104650513773e-02	-3.2968564851035879e-02	-5.7156225120822066e-02	 6.5619957467648203e-03	 3.2005663962585758e-02	-1.6470418632493478e-02	-2.5486525475177152e-01	-2.5134540896212548e-01	-2.1750716318482851e-02	-3.5452187531075795e-03	 1.1132969973934651e-02	-7.8235119812373036e-02	-2.5836880741880419e-01	-1.8137004409895929e-01	 2.9585924533377900e-04	 1.5880317341294185e-02	-1.2906587910140693e-02	-8.0620727024536112e-02	 2.0291258543507040e-04	 6.2558287460087292e-02	-1.3638100228461373e-03	 1.5674294537498711e-02	 4.4040866900466422e-02	-2.4178909470545344e-02	-6.8920495439338120e-02	 8.6330902479027360e-03	-1.3367731425356054e-03	-1.3660579642026222e-03	 6.1951178597164688e-02	 2.5158211210683112e-01	 1.6219224433200130e-01	-7.6165110387115501e-02	-4.3726603626642283e-02	 1.8504050593545235e-01	 1.7253938120476464e-01	 5.5633924245935187e-03	-1.4911746212578278e-02	-6.6577343212994439e-04	 3.4808883802710328e-02	 1.1451638160241548e-01	 1.8604809930664139e-02	-1.7455710363962301e-01	-1.6659690333602217e-01	 6.2297028773985658e-02	 6.5890406998754272e-02	-5.7133928012003191e-03	 8.8916543401085010e-03	 1.9251354706817717e-02	-8.8507179077745510e-03	-1.0817238926315641e-01	-7.5858730220680279e-02	-2.3572519622321506e-04	 1.8849849811374116e-02	 2.3039946851011071e-03	-1.8371877367312241e-02	-2.8502968854505473e-02	-3.5839555839677489e-02	-2.2605980642500939e-02
-9.2841786005748897e-02	-1.2774640754928339e-02	 6.7755244009485557e-02	 7.6476144332575768e-02	-2.8984138169313930e-02	-6.4464812893002446e-02	-1.3293062742577649e-01	-7.2321005366611346e-02	 2.1594405251830112e-01	 1.3887973029830619e-01	-9.2485938619075808e-02	-1.3711715073394506e-01	 9.4815149688730976e-02	 6.6958111900550718e-02	-1.6608376905748298e-01	-1.6364384258873921e-01	 1.0862437062812061e-01	 6.3376653789945600e-02	-1.4720939856927062e-01	-1.0359669480241654e-01	 5.7341120892608254e-02	 5.7747554236567945e-02	 1.4263288184682332e-01	 2.6444820534195507e-01	 7.6567855353649322e-02	-6.6477624802413232e-02	 3.6719050751244986e-02	-3.6546109630155421e-02	-6.0747385967491407e-02	 7.9065000999969312e-02	 2.1733314295181655e-01	 9.4350240240179878e-02	-3.1331821923321138e-02	-3.0962730806059401e-02	 2.2874727069387379e-02	 8.4382513388345465e-04	-2.5379230133880024e-02	-2.7264820806519950e-02	-5.3075036651838700e-02	-8.4733644771272116e-03	-5.3289965419654811e-03	-2.3652091184026922e-02	-7.1456868827571185e-02	-9.5305915475593084e-02	-2.1832739366672799e-01	-1.8527166608045254e-01	-3.4018362428814002e-02	-1.7559008100998807e-02	-7.6618052390566771e-03	 6.2657951799845787e-03	 5.7366828146307859e-04	-6.4218628133672809e-02	-2.3319783379826214e-01	-1.9731957422761229e-01	-5.1329734773692133e-02	-6.8455966708484403e-02	 5.8066878091320995e-02	 6.5985270918766784e-02	-1.9065004870328821e-03	 6.5746323852401535e-03	 2.0424744110700343e-02	 2.0241534100946073e-02	 4.1391554074501027e-02	-2.6017581522711566e-02	-8.3872241869879363e-02	 1.5689281344597170e-02	 8.7973005274898569e-02	 2.0879383010143870e-01	 7.2162794595394514e-02	-1.3618219702331008e-02	 5.5738923846515992e-02	 2.9412719824963032e-02	-3.0398323825073011e-02	 1.1353342788845636e-01	 1.7688538004618687e-01	 7.6708894046832177e-02	 5.5008228924989661e-02	 7.0903733988498002e-02	-1.0766848243245174e-01	-1.1189840068929129e-01	 1.2931701072107246e-01	 9.6889672976385038e-02	-1.4759555111716177e-01	-4.8250528538375220e-02	 1.1911682715625597e-01	-1.8062897357652201e-02	-1.1865846189307144e-01	-5.5345709154328168e-02	 1.9566510043907637e-01	 1.2093711980021303e-01	-1.1182462609408979e-01	-1.3830032984772433e-01	-2.6756532262816990e-02	 2.9640485342094191e-02	 1.0218372160972100e-01	 6.9064297201546776e-02	-2.2954193954135657e-02
-1.6079341643479315e-02	-7.4608224502160092e-02	-4.3742876159818395e-02	 3.2741177700191595e-02	 4.3153281707773083e-03	 4.2295222907893545e-02	 2.2894151280961953e-02	-1.4548116991084847e-01	-1.0146730730589368e-01	 1.4472419437745498e-01	 5.5435849115508209e-02	-6.8305047897009363e-02	-6.0548131866065918e-02	 3.5918901127667505e-02	 1.7432207129057298e-01	-3.4726284196628751e-02	-1.9833490462330353e-02	 8.2968675205556897e-02	-2.7969584267670093e-02	-1.4630079092425521e-01	-2.2337417398772992e-02	-6.7652614255095195e-02	-1.4099525947445235e-01	-1.8211936181332999e-01	 1.7845179706080384e-02	 2.2932484353094468e-04	 2.5971932297756881e-02	 3.4046941342771579e-02	-2.0808467035038386e-02	 3.6301218969331424e-03	 1.3016391268745814e-01	 5.7997260418667013e-02	-2.5860312075976421e-04	-1.6935440775118490e-02	-5.8680639279502352e-02	-1.5533978717745783e-02	 2.8876990444025485e-02	 6.0326218010361803e-05	 3.4836521623854136e-03	-2.1289981862623569e-02	 4.2131578778794733e-02	 4.0430980265545327e-02	-7.2524120471846821e-03	 5.9272231687930166e-02	 1.4824846968321559e-01	 1.3468103471153592e-01	 1.5674127617687824e-02	-2.0196380994464032e-02	 8.1675475047669876e-03	 8.3715926805556697e-03	 3.2788606269728938e-02	-4.0181485079611598e-02	-1.4821534977737494e-01	-1.5142314460561807e-01	 2.2854334962937047e-02	 1.8853654264281768e-02	-5.7137328395502000e-02	-4.5380735019295820e-02	-3.8235837399435743e-02	-1.4979570746026169e-03	 1.2962887519532614e-02	 3.6895360593761306e-02	 6.9745473891418219e-02	 4.6404503517939302e-02	-3.3840116884599640e-02	-2.4335399197503403e-02	-8.0471771018181232e-02	-1.4179270028394103e-01	 2.4326699394396311e-02	-1.0829088057942178e-02	 1.6192289600156242e-03	 2.5775627961507973e-02	 2.0966340809126991e-02	 4.4212158108757005e-02	 1.4639056151768592e-01	 7.2936040780418487e-02	-8.6388994908640176e-04	 4.5312733602721089e-02	 1.5544689212042817e-01	-4.8480224865456167e-02	-7.8448097806385370e-02	 8.3835970048757660e-02	-3.0491399473412999e-02	-1.2490201493944450e-01	 3.8690899514541632e-02	 6.5299178904829086e-02	 7.8678686451145785e-02	-6.5041826430140365e-02	-9.0576374118612274e-02	 9.2044246228038765e-02	 4.6638005985080389e-02	-6.4068911364007400e-02	 1.3380074531246233e-02	-3.8507319632508169e-02	-3.3985082824572937e-02	 4.5053817818795291e-02	 3.9354888960230483e-02
-1.1633522295959806e-02	-9.3160307177325360e-03	-1.8963219233719710e-02	-9.0828609058056281e-04	 8.0048728046128760e-03	-7.1144671945295545e-04	-1.0871856805192958e-02	 2.2806343600993512e-02	-9.7104179444025100e-03	-6.8627620871887743e-02	-2.2681067629009857e-02	 1.6880960009984548e-02	 1.6375207860823984e-02	-4.0988507083612041e-02	-4.1569721997860486e-02	 1.8683275040443739e-01	 1.1145573654495228e-01	-2.0869230063530608e-01	-1.5075156948913587e-01	 3.5121986825016910e-02	 3.6583663887161472e-02	 6.1821392662764554e-03	-1.0742647817599839e-03	-1.2267012912951500e-01	-2.1123190701475050e-01	 3.1110256738502914e-02	 8.5475886954580832e-02	-1.2370133861190397e-01	 5.3368857168006184e-03	 1.7507778701178128e-01	 6.9375175825760416e-02	 6.7391860382837177e-03	-1.0395300146377969e-03	-7.0032217957543066e-03	-7.6792587747660443e-03	-8.2820706669066047e-02	-6.0562951591898034e-02	 2.1632654960933584e-02	 8.5463147254610447e-03	 3.2486298531207693e-02	 3.8378009785621066e-02	 1.0261271397496905e-03	 1.1675706219743620e-02	-1.3167321457611068e-02	 2.0312661183640182e-02	 1.6886235810227990e-01	 1.2218151681239879e-01	-5.0194455569916680e-03	-5.6901050952800260e-03	 1.0833140720985363e-02	-4.1585304525319805e-02	-1.5450659014216400e-01	-1.6387586397736303e-01	 2.3379208248898987e-02	 5.4009342111489486e-03	 1.3981136331115395e-02	 3.5327017816571479e-02	-3.9170678825886568e-02	-1.8657175206208271e-02	 1.2062816931553203e-02	-4.9523458005773747e-03	 4.6020035928388853e-02	 3.4956520826252974e-02	-2.7991238448845587e-02	 9.7363229012274732e-03	 6.5855678201255079e-03	-3.4224341031486678e-03	-6.8525626882448426e-02	-1.7161805744894659e-01	 4.3103279770293169e-03	 5.1569868017616274e-02	-7.1659513380063156e-02	 4.9338002098157821e-02	 1.7664503483079602e-01	 5.7310357760832570e-02	 5.9024622591985374e-03	-9.3708501231053415e-04	-2.5015390362075271e-02	-2.9963606895745318e-02	 1.2778025941792578e-01	 8.3484934783444778e-02	-1.4014870080398131e-01	-8.6112224881375196e-02	 6.3351569375968045e-02	 8.8057481990114206e-03	 1.0221807101564589e-03	 5.1021807075087022e-03	 4.8247826290756468e-02	 5.2600588281387098e-02	-7.4800953802683479e-02	-4.4606392092529770e-02	-6.7099973175204757e-03	 3.5512748920922084e-03	 5.1613190572123713e-03	 5.6235837634677332e-03	-1.5398089120641641e-02	-2.0603229849306393e-02
-2.8153262664029750e-02	-1.1155222526502244e-02	-5.6320404874429797e-03	 7.2777816756154190e-05	-1.1715727773788098e-05	-7.4591771626405035e-03	-9.0468595465797077e-03	 8.6347032610106563e-03	-9.5806876341346277e-03	-3.5437880130866121e-02	-1.5568663476992530e-02	-1.9452683692361847e-02	-2.8721859996712804e-03	 1.8976066616154693e-02	 7.4246417242147811e-02	-1.4161364022350722e-03	-5.5134829303126555e-02	 3.4543144014601859e-02	-9.9223115923183693e-03	-5.8779506949155305e-02	-1.9398504848148122e-02	 9.4846688431364284e-04	 9.0407623906743860e-03	 1.5655414063688949e-02	-1.5619439447921747e-02	-2.4822676343765765e-01	-1.1825287902284570e-01	 1.8075621187293578e-01	 1.4365097467453466e-01	-2.3379474525762403e-02	 1.4057416371692176e-03	 4.1092443101160610e-03	 1.7203580030597982e-03	-1.5320299271639772e-02	-2.1212830897211314e-02	 6.1948185129909350e-02	-8.7053970927526286e-02	-9.2118358504444040e-02	 7.9861999006909823e-02	 2.4747896565108254e-02	-6.5589568295089398e-02	 2.9204168649403818e-02	 1.3653263518422627e-02	 5.8718034902337235e-05	-2.1528727931520664e-02	-1.3093915830108781e-02	 2.5244548058417454e-01	 1.4354962777334512e-01	 2.7630383789105199e-02	-2.5007147951937245e-02	-1.9512533725283432e-01	-1.7756702384611675e-01	 2.0173643940782488e-02	 1.7694350271409906e-02	-7.2828319833034959e-03	-6.2447679358342582e-03	-1.7391754227024058e-02	 9.3190245082526851e-02	-4.6836053592050599e-02	-4.4294020628430103e-02	 1.0191560881785805e-01	 2.0371931628278932e-02	-6.7375126798808499e-02	 1.5160408855727017e-02	 1.3683989626506408e-02	-6.5818710516744880e-03	-8.8664204626452692e-03	 9.3111632946303140e-03	-1.3114519207627849e-02	-1.9783256043627184e-01	-1.4228075326323211e-01	 1.9589391945784779e-01	 1.9911069688644215e-01	-4.5529427099401734e-03	 5.4089813640863706e-03	-6.8896217981402842e-03	-5.5035278543239556e-03	 1.4706028543826528e-02	 4.0541731891175464e-02	-3.3719506887526125e-02	-4.9099110896276985e-02	 5.9364609519144490e-02	 3.4933149414987631e-02	-3.3097887129665146e-02	-2.3748563975258461e-02	 1.9791210219744877e-03	 2.0789219477848515e-02	 1.7698603500452041e-02	-1.0856832780097954e-03	-2.9012791007381699e-02	-2.4752189564828261e-02	-1.4444824769224464e-02	 6.6883121784512096e-03	 6.5293047011650892e-03	-4.8116426124273260e-04	-5.2073078769555164e-03	-1.5345167671633325e-02
-2.7425185471463094e-03	 1.5199273317368797e-02	-7.4233115867185567e-03	 1.2409469723357970e-02	 9.3732986286917952e-03	 5.3171456183199175e-03	-1.0262238351382078e-02	 1.0125897280170612e-02	 1.2128471120849086e-02	-1.1865499419905494e-02	-3.2343150301610787e-03	 2.6200187138104743e-02	-9.8419909853324199e-03	 2.2188004566332735e-02	 1.7474518769087514e-02	-3.3722313369083670e-02	-8.7859276629263169e-03	 1.4030315217835975e-02	 3.6448668831672651e-02	-1.9732183493966359e-03	 2.5567390376863140e-02	-1.2463748574146557e-02	-3.7228334835681179e-03	 5.2061011025951280e-02	-6.1161296335055196e-02	-7.8948965811975164e-02	-3.0910051123094109e-03	 2.3217030887873122e-02	 8.6716408352933899e-02	 4.7638196558441405e-02	 8.5646893328172283e-04	 9.1173334890499863e-03	-4.0571429227776986e-03	 1.1836525968373869e-02	-3.3557437499048701e-02	-1.1240256743326071e-01	 1.0812525372039787e-01	 1.4093297921323134e-01	-1.7958864962018059e-01	-7.4265814403713243e-02	 1.3495529338590367e-01	-2.1153883306421093e-03	 6.0903736248917439e-03	 1.6137672787124632e-03	 2.0864693394883872e-02	-3.9146553909759019e-02	-9.2474444559194999e-02	 2.7092181164905027e-01	 1.8943857321723861e-01	-2.8403558277767399e-01	-2.2573575146975644e-01	 1.1819855140546962e-01	 4.4999142395704267e-03	-2.0812968819054714e-02	 8.7069585660011842e-03	-1.2023100255293545e-05	-5.4668876461413671e-03	-1.1387364810299011e-01	 1.4370106426845347e-01	 1.1244799644712850e-01	-1.7836150308554419e-01	-7.4574073371909910e-02	 9.7268167865199373e-02	-2.1749437149860738e-02	 3.4592709491922447e-03	 1.0237750923884736e-02	 3.2679008623453867e-03	 8.6837072749396831e-04	-6.7727311208120200e-02	-6.2415354006365116e-02	 1.4602881697030850e-02	-2.8542216124654921e-02	 6.6529705487847840e-02	 3.2591080286309380e-02	-8.5142138563491978e-03	 6.7357308255162358e-03	 9.9033290135021185e-03	-7.5521371512212426e-03	 1.3379230431464717e-02	-2.7968314340284042e-02	-1.8264349768053419e-02	 7.7612675776648340e-03	-8.8744809794632368e-03	 8.6837459354328229e-03	 5.0500155621370345e-03	 1.6766853176169820e-03	 7.3968376459905031e-03	 4.4622079607081902e-03	 2.9785312751974481e-03	-4.9834446596984990e-03	-1.4480384504264303e-02	-5.7349858376311777e-03	 2.1535741459247516e-03	 4.5063857667282936e-03	 2.2818655711753801e-03	 1.3810137656962559e-03	 1.4563423795031750e-04
-3.2346020390414702e-03	-1.4464771434539773e-03	 2.0364934003379846e-02	 1.8350999073865969e-02	 8.2181080275376458e-03	-1.2910950472307691e-03	 1.0073021381034990e-02	 3.8856029705992640e-02	 4.1115919281712175e-02	 6.3661653866380036e-02	 4.6650440400282711e-02	 8.1391617837402730e-03	-7.5816800395914436e-04	 3.0210468721957179e-02	 4.6404019264877402e-02	-3.5107956127232977e-02	-1.0728319163554575e-01	-9.4946565577952641e-02	-3.4979376829352711e-02	 2.7650986662515052e-02	-4.4644359889234467e-03	 7.7012165277168840e-04	 7.0307397234010164e-03	 2.8224237430930169e-02	-4.6105786259354659e-02	-1.0506838249854633e-01	-7.5077905635773405e-05	-1.1121410155291413e-02	-1.3067901160615975e-01	-2.8965835379554890e-02	 3.7036440912963735e-03	-6.3960502967931486e-03	 6.1904065472705690e-03	 4.4372799073388669e-03	 9.5842693889638762e-03	-8.4132536379650125e-02	 8.2860279949271795e-02	 3.1008440427160078e-01	 2.7113697147665666e-01	 3.0332497619021914e-02	-1.5933160533405575e-02	 4.9364900228046453e-03	 9.1323270767030718e-03	 4.6501181008223669e-03	-2.7058190080408826e-03	 1.3894808929468725e-03	-1.1842871703500450e-02	-1.8208149227237350e-02	 2.3975836881593550e-03	-3.2653480862348143e-02	 3.0978483267067057e-02	-5.8845060107390788e-05	 1.5452744121817030e-02	-9.7010908784496072e-03	 1.2204164630783935e-02	-1.5145600736340479e-03	-2.0272832237280429e-02	 1.8877377488642065e-02	-1.2862510633805482e-01	-3.0959342625217035e-01	-2.7889057389762428e-01	-1.4852408188405972e-02	 5.3116726231094508e-02	 9.8424789479484298e-03	-1.4002803056931875e-02	 4.9833052113125963e-03	 6.1598785946007043e-03	-3.1185299388311028e-03	 5.2442394665688022e-02	 6.5936758510290336e-02	-3.7953378860952701e-02	-3.9267967031714262e-03	 8.5880328821286905e-02	 3.4860722601488411e-02	-1.0963059288074627e-02	-1.2172731773797763e-02	 3.2780578315598731e-03	-5.8856014089693721e-03	-1.8660203062085892e-02	 4.5355943198217785e-02	 9.7161253698997252e-02	 1.0141839485565077e-01	 5.5633965088753588e-02	-1.4702139416206796e-02	-2.6332399453517764e-02	-1.2990026958870429e-03	-6.2085321002841188e-03	 7.6115037001309874e-03	-5.1814227208239463e-03	-5.9703406166038810e-03	-7.0362141432935704e-03	 5.4804229580541122e-03	-1.8984221740626860e-03	-1.6080157116548474e-03	 7.2466971337974378e-04	-7.6467083889277671e-03	-3.9387090813807271e-03
 2.5431541373126341e-03	 2.1153505392392724e-03	 1.2214461472019253e-03	 3.9780621323374371e-03	 1.3055207681579147e-02	 1.0475619931283667e-02	 1.1720408332440160e-02	 2.0579207726824693e-02	 5.1093569285284593e-02	 3.4635968351963226e-02	-6.5185423585869802e-04	 2.2745862307080804e-02	 3.5384436988496290e-05	-1.9599372116629727e-02	-3.4511757152056594e-02	-3.5742455906984209e-02	-7.2181302934349711e-02	-3.7705818798845853e-02	 7.5079997972879401e-03	-2.8116244545814115e-02	 1.4167217675135206e-02	-7.9904154974942947e-03	-2.7371039258434076e-02	-7.7554173351545727e-02	 5.0175829323742774e-02	 2.6819857470256277e-02	-2.4751651025328325e-01	-1.4309987668110563e-01	 1.0696874429374610e-01	 4.1827366963591937e-03	-1.6193643149826353e-02	 1.1695825915028182e-02	-9.6449519326498520e-03	-3.8771893640545743e-02	-3.4433234303343802e-02	 1.9064941242437905e-01	 2.0343400342262974e-01	-1.0171990066691497e-01	 1.1385777807976075e-02	 2.1898632611347763e-01	 1.1896270672453493e-01	-2.0546446879150974e-02	 2.7227325337788001e-03	-8.2175668494134414e-03	-1.5505225887374159e-02	-2.2752438039307755e-02	-1.0875795155239662e-02	 3.0740440887413824e-02	 2.1069184459388809e-02	 1.0167230122403795e-02	-1.0334930401004801e-02	-2.3882416649606247e-02	 1.3494392032799809e-02	 2.3408214547118777e-02	-6.9814347015993792e-03	-2.1233268156231810e-03	 1.3294225832560084e-03	-2.1335404084274340e-01	-1.9717802363338188e-01	 6.4747922203723413e-02	 1.5545714176843344e-02	-2.2711279851299732e-01	-1.1330245999625747e-01	 2.5114663647423874e-02	 2.4377402083576225e-02	 7.5253268557398442e-03	 6.7778657651160097e-03	 2.9451775857142867e-02	-8.7187270414373991e-02	-7.0976268628341610e-02	 1.8260957723899340e-01	 1.3673866697432968e-01	-9.6920822492024300e-02	-1.8961606075188011e-02	 3.1315870865812168e-02	 1.5223861468790924e-02	 9.5387091375550015e-03	 7.4675716927350248e-03	 9.3625987872752447e-03	 1.9914507042727479e-02	 1.0540163558792642e-01	 8.6672530336119769e-02	 1.5573459463738098e-02	 2.5473274835699715e-02	 6.0073892048080006e-03	 9.7107954930351140e-03	 8.8053130604962247e-03	-1.7564161597048971e-03	-5.1917453597271693e-03	 7.5010624786348047e-03	 3.5398625738790701e-03	 7.8122287762891329e-03	 2.9718758290844512e-04	-6.6245774738878539e-03	-4.8610594996924333e-03	-6.0513215628382492e-03	-7.0626323583813239e-04
 1.5249737393383233e-02	 2.1567638328587207e-03	-6.9807975556217036e-03	-1.4419461666173493e-02	-5.1923927981288301e-03	 2.0063841236008691e-02	 9.5216055400906691e-03	-1.2847863696196241e-02	 7.5612805760523955e-02	 3.5138463071067064e-02	-1.8335674498228208e-02	-2.0550410963750432e-02	 3.0490153484026176e-02	-3.2347813007829250e-03	-1.2379337184233243e-01	-8.3810263230439150e-02	 1.8711984020982550e-01	 1.4411431703883737e-01	-9.6889233951991158e-02	-7.8269963598255207e-02	-1.2220569674851380e-02	 1.4204907386469139e-02	 2.1623378047753758e-02	 5.1896789603865331e-02	-1.0698688599655926e-01	-1.4193253730890654e-01	 5.3857532874009600e-02	 3.0061846692982071e-02	-1.3110559082270948e-01	-2.1753617308526027e-02	 3.5525707584306523e-02	 1.1858432353400630e-02	-8.2965104300152838e-03	 4.1788453495656908e-02	 2.0868390172143114e-01	 1.4451290150718726e-01	 1.6619555806744568e-02	-2.2373942598083224e-04	-1.1968422625319386e-02	 5.6201781783877906e-04	 1.3887360544730110e-01	 1.2357218423527298e-01	 2.0099548922039606e-02	-7.9927171451136172e-03	 2.2417557821203678e-03	 1.6708836100347211e-02	 1.4902053337593649e-02	 6.3605307956357956e-03	 3.7669966173639619e-03	-4.4134249928144964e-03	-2.4199734015041888e-02	-6.6986321530838975e-03	 2.4010206502641854e-02	 9.3591967235904221e-03	 3.1197646410886970e-03	-2.2408354090893937e-02	-1.5684364904809595e-01	-1.1620425104335672e-01	 1.1449612534039500e-02	-5.1544637113827866e-04	-1.0107932760730083e-02	-6.0585048330709594e-02	-1.5484133823519697e-01	-9.7544819571661071e-02	 4.4294492302371343e-03	-4.9220384424442879e-03	-2.4898598633608608e-02	-5.0648742518950560e-02	 6.1196400535609444e-02	 1.1846918839021822e-01	-3.3433661562313713e-02	-2.0562945224859002e-02	 9.7983335013755141e-02	-2.4377724288722452e-02	-4.6151733775595782e-02	 4.3507270818049625e-03	-5.3810308887830161e-03	 1.5148073284179484e-02	 9.9479451824055543e-02	 8.7298462462571280e-02	-1.1593626370463800e-01	-8.2588915497529197e-02	 1.1721635343485973e-01	 6.4778924367756952e-02	-5.3688161343143446e-03	 1.4763847370278449e-02	 3.2663438499714571e-02	 1.6152586005079610e-02	-8.3294071902297123e-02	-6.0634542655661670e-02	 2.4125978807967276e-02	 3.0865956092105004e-02	 3.4274035463426143e-03	-1.4914804181448164e-02	-2.3139787220231512e-02	-1.8877848649884330e-02	 5.9480105027561545e-03
 2.5916303454495547e-02	-9.7710794982381662e-03	-8.0896850163001841e-02	-4.6668309127061006e-02	 1.7319906463845836e-02	-3.5029860476864960e-02	 6.6036454018086166e-02	 8.3689308435767690e-02	-1.8035473890246051e-01	-6.0957813454257319e-02	 1.3040191763363640e-01	 6.8632474072749444e-02	-8.3165508484378758e-02	-1.6087923201103227e-01	 4.0460900966051455e-02	 1.1045576066808500e-01	-3.7694909346686803e-02	-6.3693087735273591e-03	 1.3823511051417847e-01	-7.0720045968799827e-03	-8.7380563819017515e-02	 1.8668592057766373e-02	 1.2938920103762113e-02	-1.0598205777247685e-01	-7.2553991168304105e-02	 1.2853594215787360e-02	 3.0261117706204335e-03	-8.1955170694690497e-03	 4.2289758960980917e-02	-9.7609029202549158e-02	-6.5905345316921377e-03	 4.7895817511239586e-02	 5.3249030573465472e-02	 1.1814135677710363e-01	 1.0195986326665181e-01	 2.0401955209012231e-02	-2.2876531857991655e-02	-1.0325127260585541e-02	 4.0760715446257088e-03	 3.2933829197985022e-02	 3.2532849184449431e-02	 1.4123525139523266e-01	 1.3726282516113270e-01	 4.2185003829570428e-03	-2.7228860283034424e-03	-1.2840252795643336e-02	-4.1467370351990544e-02	-1.3665462224735371e-02	-2.5099687038303592e-02	-3.9366059743723572e-03	-2.3753683515890904e-03	-1.4225846112998174e-02	-4.0587335911863032e-02	 7.1745593405534297e-03	-5.9898141020403528e-02	-1.3643142495571559e-01	-1.3242598264912644e-01	-4.5168754472343114e-02	-4.2397598127761685e-02	-2.1651095044298033e-02	 3.3601305808271128e-03	-1.7058291543040782e-02	-5.8810795075202177e-02	-1.5141347111339334e-01	-7.4919698435872609e-02	-2.9942011453164590e-02	-4.6884842522569664e-02	 3.9957523332895512e-02	 6.4958956017394015e-02	-7.7356865420977663e-03	 2.3645825868171006e-02	 2.1420129877588838e-03	 4.4020751558120942e-03	 9.5293231467349734e-02	 3.9500032886794750e-03	-4.6526205018036913e-02	 5.2289713925980447e-02	 1.0974467490845463e-01	 8.1335833488523687e-04	-7.5800076071944264e-02	 4.6950222718310994e-02	 1.6169944081804673e-02	-1.1222372952662106e-01	 4.4772318964600988e-02	 1.1479888519490371e-01	 4.6248891170648281e-02	-4.1571440110481639e-02	-6.3993692712735167e-02	 1.2530135620480826e-01	 6.9755899781634934e-02	-1.2091518757486652e-01	-7.1607772197594455e-02	-1.3517985419050655e-02	 8.4133756689155331e-03	 5.6547871774699721e-02	 3.6281763100271341e-02	-3.5697251359292727e-02
 5.4933215199067988e-03	 3.5434618608391907e-02	 3.4313838556464686e-02	-1.2926641222437946e-02	-6.6901787424633891e-03	-4.0795750557762342e-02	-7.8308896511821685e-02	 5.4130282896738671e-02	 6.9828653368301463e-02	-1.4206638016522405e-01	-3.6086992907252063e-02	 7.8998214658609678e-02	 4.8777231879879188e-02	 7.9268303437030549e-02	-7.3490185014397025e-02	-2.4241895411587028e-02	 3.9029623052233425e-02	-4.3588664049334244e-02	 3.5929403610246796e-02	 6.5248822137827261e-02	-5.7892715039347828e-02	 6.7096673635795856e-03	 2.7587969264151961e-02	 1.2498280241793071e-01	 4.9063854042904517e-02	 1.4957351859576050e-02	-5.2247921745773298e-03	-1.5041046941777294e-02	 9.8362902222402619e-03	-5.3865439455908555e-02	-9.2629581665111996e-02	-1.4532241910565655e-02	-2.6685546138535538e-02	-8.1963302108298303e-02	-4.9666136156446120e-02	 1.5245690151534728e-02	 1.8087429954184990e-02	 2.7703034843145624e-03	-2.7803780236159488e-02	-5.4607792356538591e-03	-5.2292307854711522e-03	 8.0724351014459420e-02	 6.8115730140343000e-02	 5.8743778733208003e-03	 2.2095125315735550e-03	 1.2161682982451870e-02	 1.2844975604257078e-02	-6.4641423899048228e-03	 5.2117300618593133e-02	-2.9612858071925395e-02	 1.3942109568735352e-02	-5.8571872239881377e-03	-7.5522333894385910e-03	 9.4227737658915643e-03	 5.7457521733194877e-02	 1.1267438645247607e-01	 7.1431453942518097e-02	 1.5181064101380891e-02	 1.3285186396378885e-02	 2.4819263655995363e-02	 4.0267725122784060e-03	-2.2216867981251390e-02	 4.7218573108593785e-03	-1.0028258413496585e-01	-7.9682090087321772e-02	 3.0998968558346662e-02	 3.2656022908378657e-02	-6.7920259469349625e-02	-2.7781065080505391e-02	 1.0038534716500073e-03	-4.1286102097233147e-03	 3.3526590596961815e-02	-1.3579991541909413e-02	 5.4426549399781268e-02	 7.2346976929469772e-02	 8.3396268269802631e-03	-1.9020528286685934e-02	-2.7390848663607491e-02	 9.8623776036660449e-02	 1.7828436796843258e-02	-3.7144153980471870e-02	 5.8968887436572082e-02	-2.1375538204028040e-02	-1.7860702843958326e-02	 9.0787426091341134e-02	 1.7083304465831908e-02	 5.3504581996542872e-02	-2.3848383506723574e-02	-5.6278655166518129e-02	 9.3136159880617783e-02	 1.5824028903933852e-02	-4.4818071734602449e-02	 2.9044306652358993e-03	-4.1185136724374960e-02	-4.0351912999329373e-02	 2.0315519977676937e-02	 7.1942884050274318e-04
 2.4999654333507488e-03	 2.6014609353385704e-03	 1.1134710185600531e-02	 3.3437831117484870e-02	 6.4723176643523518e-03	-3.4214503464153126e-03	 4.3041236555139972e-03	-5.1627176727944472e-02	-2.6755216319494270e-02	 4.4057120954515139e-02	 2.7183617779285078e-02	-1.0248421798359891e-02	-8.8260469564077400e-03	 2.8337845760215374e-02	 7.6484386170420998e-02	-1.0293674600569805e-01	-1.0272730211111489e-01	 1.5635957980805831e-01	 4.7091193216507926e-02	-7.4986903319124165e-02	-2.7076376208465263e-03	 3.6708787542575941e-03	-6.6732358565935179e-03	 1.0196307588675110e-02	 1.3731787610383034e-01	 2.3314822284136578e-02	-3.2156758614068290e-02	 5.4922192313257429e-02	-3.2649883198059539e-02	-8.5287417160227946e-02	 2.5870570711765441e-02	 1.3642094770174445e-02	 2.3019385846329591e-03	-3.7288747482763437e-03	-1.3330726201902196e-01	-4.3814875374979315e-02	 4.9301739406378185e-02	-1.1320736700895969e-02	 2.4937578322899157e-02	-5.1997630167988544e-03	 8.3804636589459802e-02	 1.1599915754039970e-01	 1.7780735242513002e-02	 3.3449935216051802e-04	 1.0006614558017216e-02	 1.6870183292839493e-02	 2.5125376019948450e-02	 1.7349546953466050e-02	 1.7587868300223790e-02	 2.1577943475200742e-02	 4.2503212414747816e-03	-6.3250366300607553e-03	-2.3746737824995963e-03	 3.7036620285156125e-03	-1.2643627415141873e-02	 2.5060930729747556e-02	 1.2621446131456790e-01	 8.4068353601330609e-02	 1.8325017841274972e-02	 7.5773775101297541e-03	 1.0522856773965810e-02	-8.6510182329375268e-04	-1.0831091833167741e-01	-1.1424624703752526e-01	-3.9273505424511204e-02	 1.6733503936507133e-03	 4.1165279905714183e-03	 2.2177144610251547e-02	-9.2734686051933232e-02	-5.5026110311664378e-02	 2.1681661304661950e-02	-1.7248583310968103e-02	 7.1482447001478641e-02	 9.1613902685448514e-02	-3.0342035542815123e-02	 2.2401389570658506e-03	-2.4895182126279231e-03	-2.2833089701479240e-02	-7.3120587924519087e-02	 4.6648369851171198e-02	 6.9537546105833029e-02	-9.7202028006024510e-02	-7.1093291314500845e-03	 8.2397726288449782e-02	-8.1973702341339959e-03	-1.5684853707385073e-02	-1.6010652288853261e-02	 2.6302901229722613e-02	 3.6879129604693264e-02	-6.2555583004528986e-02	-2.3878084851652638e-02	 1.1003745692485235e-02	 3.2752984556659939e-03	 9.3338943862604738e-03	 4.6543978367871025e-03	-1.3182519197045736e-02	-1.6350278829898139e-02
-1.5098852852441244e-02	-1.3753713873848643e-02	-5.6190627125651989e-03	-1.7970607500236192e-02	-4.1029199547167085e-03	-9.1254937124020628e-03	-1.8907664345863755e-02	-4.2079527029095239e-02	-1.0726890388287513e-02	-4.9083983129386754e-03	 2.0669789463416632e-02	 3.1395102450857262e-02	-2.1891142914272472e-03	-5.8091064024094058e-03	-1.9601041533023583e-02	 3.4736213668524640e-02	 7.9661352746475123e-02	-8.2071956419430894e-02	-3.0586254013336887e-02	 2.3993903664912594e-02	 1.4603557554426341e-02	 1.0629965149627751e-02	-3.2900157951736416e-03	 8.5090191946195215e-03	-3.4165863760771707e-02	 1.2074885973866289e-01	 1.0249654851569709e-01	-1.3277424397376175e-01	-3.1899282867420088e-02	 3.0387218263154245e-02	 3.1843640905876323e-03	 8.5009510944399243e-03	-3.7477368004640819e-03	 9.6545023872082018e-03	 4.4251594991562542e-03	-1.6205862062442403e-01	-5.9376098627875337e-02	 4.6972092844070973e-02	-1.6164663961809600e-02	 1.0334696056223691e-01	 1.5047896733991048e-01	-1.5902230356079964e-02	 2.0056429350378815e-03	 3.7588603715786022e-03	 8.9117814188930822e-03	 2.4579503640970142e-03	-1.4029127722985124e-02	-2.0425357357870967e-02	 2.0960320229705329e-03	 1.4234727859646239e-02	-1.2572664610153793e-02	 3.3766179241115184e-02	 1.0884455364929976e-02	 7.7337997778313943e-03	 3.5095656593324507e-03	 1.2020467558653125e-02	 2.2132209009033516e-03	 1.6222074806994441e-01	 4.0633179960434487e-02	-3.2346183112431175e-03	 3.7392934515364934e-02	-1.2286373110575609e-01	-1.3674159334027097e-01	-1.4735059778316593e-03	 8.5959282397145547e-03	-2.1435565740830199e-03	-2.7168336280855030e-03	-1.5172972004794038e-02	 3.0334840304485158e-02	-9.3501851593883273e-02	-8.1594275788846274e-02	 1.3217962814034137e-01	 5.4326763093826794e-02	-3.6681815751393919e-02	 2.2462701460770763e-02	 1.1207426632008044e-02	-1.5921438507059012e-03	 3.2523895875702950e-03	 7.6319293134618649e-03	-5.3429705734138147e-02	-4.1004235721259177e-02	 7.5864214394555207e-02	 3.3332021996349138e-02	-2.0128252745969050e-02	-2.3253387489030118e-03	-9.8598946917037786e-03	-5.5154734582761773e-04	 8.0222026521180392e-03	-2.0360846866090475e-03	-1.3691302045604117e-02	-2.2034954363066982e-02	-1.9133376872729917e-02	-1.0775599952137643e-05	-1.4418950723289053e-03	-1.0120514388702879e-03	-9.9257981695779693e-03	-6.9689631103763876e-03
 9.4478836427491376e-03	 1.1713014709905944e-02	 9.3073895616837925e-03	-2.1330925812863399e-05	 1.0329899891456874e-02	-2.3231633198606103e-04	 3.0684979636084906e-03	-9.7108802860234409e-03	-3.4777253384430669e-02	 2.4261630381356971e-03	 1.0303905851237818e-02	-2.4259594414670696e-03	-1.4983492317500860e-02	-3.2324093499455073e-02	-4.7173795933342080e-03	 7.8431654732105296e-02	 3.4913186017800302e-02	-5.4335476892148002e-02	-4.2105525565593376e-02	 1.6802907785341548e-02	 2.4108880359662429e-03	-2.2627287662251520e-02	-1.7020787856672426e-02	-1.1847517493304198e-02	 6.3318389846323431e-02	-1.3120819756263148e-02	-3.5837241320503095e-02	 6.2892949173076362e-02	-5.1310327406254670e-03	-3.1236429599223962e-02	 2.1142743995742633e-02	 8.7313592989604043e-03	-6.0533772241356549e-03	-7.6366684713606268e-03	 2.1023882360247555e-02	 1.6354828627655301e-02	-2.1097879465501063e-01	-1.3775691791091349e-01	 2.2680871125508109e-01	 1.7140419609860713e-01	-3.5128148673370108e-02	 1.0155542435260498e-02	 7.0763586616817680e-03	-1.0378836079180390e-02	-2.4688297819982418e-03	 7.4368372477177907e-03	 8.3429207989762257e-03	-2.3712199181429201e-02	-2.6432115326646882e-02	-2.0437937790662115e-02	-4.7644151893850174e-03	 8.3388986432797914e-03	-4.0963978791148650e-03	 1.8900925231757032e-03	-5.3591613136843037e-03	-4.6128334284149695e-03	-3.1264826608151029e-04	 1.3961727544750261e-02	 1.9001752574017772e-01	 9.9819120954664650e-02	-1.7764250510647039e-01	-1.4648572069159768e-01	 3.1654395962983861e-02	-9.7864761942266978e-03	-1.4798354940630507e-02	-3.8205022911862235e-03	-2.4717589180018327e-04	 3.9814212974161860e-03	-5.2411964342947266e-02	 1.2101819769405124e-02	 7.6507568170005508e-02	-7.1314764506231892e-02	 2.5979264665429731e-02	 3.7951678364729360e-02	-5.1662939020211971e-03	-1.4826318821676818e-02	-2.1003369804013100e-03	 9.5870222678778143e-03	 3.7902304395224552e-03	-2.5043303137915560e-02	-1.7532059250582328e-02	 2.0011329246911388e-02	 3.3343130921091826e-02	-9.8907213955265420e-03	-8.2020104251863575e-04	 8.4344048176739506e-03	 1.4954449689085329e-02	 5.8180272435600193e-03	-9.1023162929739082e-03	 1.0717593798960819e-02	-3.3297189790883978e-03	-1.0602240789778773e-02	 8.7587929085430338e-03	 9.7114503780349037e-03	 5.7145825663064195e-03	 4.9136856965603546e-03	 4.9327638382626474e-03
-6.3927482028104240e-03	-7.3568017976331839e-03	 4.3479713686672061e-03	 6.2131879791873807e-03	 1.0877966092528025e-02	-5.9841648959607962e-03	-4.4546014352352722e-04	-1.4045924180104127e-02	-1.1408118890115400e-02	-1.4771499508981361e-02	 5.8263586495670445e-03	 5.2980185640272614e-03	-1.0682434024161849e-02	-3.4338610878731440e-02	 6.8049700170219069e-03	 1.3894887160838089e-02	 3.4737407924070443e-02	 4.3889086848597617e-02	 4.8843778107255870e-03	 1.8681617818812443e-02	 1.3075961537172359e-02	 9.3743594349013828e-03	-1.1739377188809113e-02	-9.2611410154100991e-03	 5.5908809763254144e-02	-2.7636622286714145e-02	-6.9402756721651526e-02	-1.0327220097808174e-01	-2.8163976337148768e-02	 2.8282100550123337e-02	 8.5923742648402225e-03	 2.0916778877870655e-02	-4.0468844367553634e-03	-1.0718912401374906e-02	 7.8899640592962755e-03	 4.8499949451472363e-03	-8.9200223587105970e-02	 6.1445394978519474e-02	 1.4249933192350921e-02	-1.2961602019078738e-01	-8.5212901545966904e-03	-4.2925102810307545e-03	 7.8252789409543905e-03	-6.7772030760379345e-03	-1.7077880358610117e-02	 2.8076289602558716e-02	-4.6844001494523814e-02	-2.0348305817941607e-02	 3.0681863343430427e-01	 2.6623054003581259e-01	-6.1968892199311579e-02	-9.7429281093049588e-03	-1.5225580887551472e-02	-1.9633583628377988e-02	-5.8279881404644553e-03	-6.6487850230415738e-03	 1.5344515732603337e-02	 1.4604475664497053e-02	-7.5580526027355918e-02	 9.0424758968791541e-02	 3.4036867291761232e-02	-8.3849839719802449e-02	 2.1204428574000601e-02	-1.0072114946338636e-02	-2.9589007419222074e-02	-2.9171460857048011e-03	-4.5629462365849357e-03	 1.0239371136705507e-02	 4.9033113257659050e-02	-1.1392081367174092e-02	-8.8934519169551418e-02	-1.0483300354604722e-01	-2.6223753506716137e-02	 1.1825659833899313e-02	-3.1581527346727784e-02	-1.8636783778421772e-02	-1.2341794144403243e-02	-9.7943824928260325e-03	 2.8021804573703504e-03	 4.3506200326327973e-02	 2.8331859638502731e-02	 1.7256208180737535e-02	 1.7188001006357648e-02	-4.4915691056391458e-03	-1.7462742663528763e-02	-6.7886551719700764e-03	-6.0999819478802994e-03	 3.4388512662220502e-03	 9.7071132708968152e-03	 2.3912245256701471e-03	 3.6950312755449711e-04	 4.0980078510066981e-03	-1.7353034316429431e-03	 3.7027184805119972e-04	-1.5201571198564651e-03	-9.8375530830257379e-03	-1.0441213977784140e-02
-4.6142430572059228e-03	-6.0041676113185638e-03	-6.6685225715403906e-04	-2.8214753730185921e-03	 1.5849087688860938e-02	 5.7332343581195204e-03	-4.1946909535185073e-03	-2.9660978627889856e-02	-1.9479228461380560e-02	-1.5555342494449523e-02	 4.9979999751593807e-03	 1.8946257337910221e-03	 9.5270187999452263e-03	 1.8135979865121731e-02	 6.8860170579612776e-03	 5.6918056153729045e-02	 6.8039456065235884e-02	 6.6113739492757811e-02	-7.9956664540187881e-03	-9.0822962048650417e-03	 2.3579818302516979e-02	 1.2371427686116290e-02	 1.5713859060428329e-02	 8.2478471398939983e-03	-9.2001869921185826e-03	-1.2540072571095389e-02	-1.1742451532114287e-01	-9.1951321145492204e-02	 3.4684907658541863e-03	-2.2503386522963201e-02	 1.3705663360392393e-02	 1.1668543650593331e-02	 2.0976798588387184e-02	 1.8695673066733906e-02	-1.0485259496767723e-02	-2.0713727185993215e-02	 3.3157543108004013e-02	-1.4826117701557223e-01	-8.6771934250424149e-02	 3.4482154741961951e-02	-3.4008965790365595e-02	 5.3637531846226017e-03	 2.5993630675892304e-02	 1.8902799957339022e-02	 1.8831209601313851e-02	-4.2602279306608024e-02	 3.6302667462929546e-02	 2.2350575125180405e-01	 4.4812393419161600e-02	 8.0933189923869248e-02	 2.0906635488151268e-01	-1.9331624804869135e-02	-2.0574116935683770e-02	 2.6739621318945788e-02	 1.1358629384567095e-02	 2.2397646304673828e-02	-2.3679056656371881e-02	-7.3634188086344164e-03	 6.0160705777430282e-02	-1.2787625764198779e-01	-1.2023128680397675e-01	 6.1486722363963776e-02	-4.4067439325885888e-02	-3.4963734547498876e-03	 9.4891183403768928e-03	 7.3385661758334593e-03	 1.5358469561905945e-02	-3.2604453370163686e-03	-3.4529901945395034e-03	-1.3231997342190084e-02	-1.4536950108730373e-01	-1.0463809569232030e-01	-6.9948089145839762e-03	-1.1791499432892670e-03	 1.5696261603611004e-02	 1.7758822543045113e-02	 8.8075037176826281e-03	 9.0380427032793371e-03	-2.6050644186440884e-03	 3.0039720277532399e-02	 5.4602735825561369e-02	 5.2111825510092580e-02	 2.1789733967053880e-02	-7.9037040606394285e-03	-4.1304320429827839e-03	 5.9910457932467031e-03	 3.2208317444061847e-03	 2.0150351730268347e-03	 8.6461723931451576e-03	 5.9012980840416514e-03	 5.8726264510181644e-03	 3.7160553519539983e-03	-6.9392740643127004e-05	-8.3336697240314226e-04	-3.0743267088403918e-03	-3.3942970714282770e-03	 4.5326877214395614e-03
 6.1378439420235482e-03	-1.0015706847224144e-02	-1.0905363376120684e-02	-4.7988514992773181e-03	 1.1520600086783208e-02	 1.3684363724069497e-03	 2.7183929649035191e-03	-3.0625185189125503e-02	-3.5044754692999468e-02	-3.5950867596552000e-02	 6.7468473034950497e-03	 3.6808009147925756e-04	-1.1727040267114918e-02	 2.8829516290815559e-02	 4.0912565992877965e-02	 1.1450176732921284e-02	 1.0129448102958880e-01	 5.3057564621323577e-02	 3.5185421561248018e-03	 2.5162577919968395e-02	-4.1555080852120267e-04	-7.4620416746455781e-03	-6.3155616661114949e-03	 2.4405112345133165e-02	-5.7603835234740497e-02	-1.1721111329238948e-01	 1.5176224326103721e-01	 7.3933616187724122e-02	-1.6760800683702001e-01	-5.4937212173540681e-02	-7.4198828005552627e-03	 1.4144549243879983e-03	-8.9450946075139218e-03	-1.2985112987078927e-02	 3.4280443578462805e-04	-2.3827676458946186e-02	-1.0853735695144279e-01	 4.1003305740996851e-02	-9.9666688092518718e-03	-6.9172694424502718e-02	-6.5348958702547977e-03	-2.3357069992597634e-02	-2.1831096666524746e-02	-7.7659105444262853e-03	-1.8296152234185077e-02	 1.7205334952794304e-02	 1.9006618144800400e-01	 4.8604266230064169e-02	-3.4055849246778264e-02	-5.4175167353647359e-03	 7.4201619086939341e-02	 1.6276281039761661e-01	 1.4692229966188096e-02	-3.3797989009284671e-02	-1.1934992081178826e-02	-1.2712482367858938e-02	-1.4160463368132360e-02	-1.3572564073673358e-02	-9.7585229704741733e-02	 1.5706574601511948e-03	-3.9731997224875706e-02	-7.0388840399860250e-02	 9.5483757970471032e-03	-2.6823499128615796e-02	-1.4026652388093223e-02	-4.6381936938866778e-03	-1.4065463723517088e-03	-7.4022160334435358e-03	-1.0305948449441274e-01	-1.3343756047918509e-01	 8.0764935760115578e-02	 2.7882981438365336e-03	-1.3865864010222789e-01	-3.5745474487092699e-02	-5.0179637733744412e-03	-7.8979311346349316e-04	 3.7958062385155785e-03	-5.4291689755788589e-03	 5.4604309110488193e-03	-8.3053196748671849e-03	 7.8820315852927841e-02	 6.6199022401368796e-02	-5.8061413113653006e-03	 1.8440307206655081e-02	-8.0471414528152062e-03	-4.9181807270222370e-03	-1.7190359237632003e-03	-9.3060222029651782e-03	-1.5086474491608536e-02	-6.8534638085487563e-03	 1.5632520127984622e-03	-5.5201707726161399e-03	-8.1782697186865323e-03	-8.5434548141499530e-03	-4.8284535043036283e-03	 3.6780542929609602e-03	 1.4756872102942419e-02
 3.2869211215583519e-02	 2.3320744923305395e-02	 7.0538010870364069e-03	 1.0029251635977792e-02	 8.4465291583891745e-03	 1.5107870854160850e-02	 3.0886761116369690e-02	 2.9806429498523038e-02	-5.5693335533886418e-02	-4.0354094646845029e-02	 9.3662906649322371e-03	 8.2568864250681783e-03	 2.9833001954758550e-03	 1.4698094741998499e-02	 9.0017568141221943e-02	 1.6571308510186902e-01	-1.0098701507795302e-01	-6.0921842389807856e-02	 9.1229650772727600e-02	 1.7583860200971954e-02	 1.7771158473326293e-03	 1.4844964411019480e-04	-5.9746061149004975e-03	-8.6509058076053219e-02	-5.7305333585050536e-02	 8.8507558369218808e-02	-3.1047303506007831e-02	 1.5480295244103015e-03	 6.5840306413050761e-02	-7.9374057897467459e-02	-7.3979823308299858e-02	-2.4623975171084663e-02	 1.2904472283889700e-03	-1.2645563089514415e-03	-4.7798215294684566e-02	-5.9443178118327153e-02	-1.1365450198355376e-03	-2.7935384736195333e-03	 1.1767981860780832e-02	-1.4680854090825698e-02	-3.8644741597516123e-02	 2.9992626908565204e-03	-8.7700157899127679e-03	-6.8362728673891909e-03	 2.4175673322933418e-02	 1.5033580748656944e-01	 6.0312438691748863e-02	 5.3160793774176384e-03	-5.4460940208206536e-03	-1.1475212567260255e-02	-4.9842166898976786e-03	 1.0403876038323906e-01	 1.4281237405830760e-01	 1.3151064590261828e-02	-3.6269943292537949e-03	 4.9628055068154410e-03	-7.9186431719920070e-03	-6.2570879775910193e-02	-1.9875176499095020e-02	-2.0652096747099218e-02	-1.9087938971603331e-02	-4.0409183506110474e-02	-6.4850846067362536e-02	 8.2305532600335772e-04	 2.1395673686413274e-02	 7.1915081445366770e-03	-1.0331821256447963e-02	-6.8240136977365362e-02	-6.7297305955885720e-02	 3.8835680564212334e-02	-2.3850145358963973e-02	-5.4171791915378145e-03	 3.3374602548251517e-02	-1.2966042689888926e-01	-4.8991705584141884e-02	-1.1831197024500940e-04	 1.0781456274184999e-03	-5.2722953626629524e-03	 4.9985164683777186e-02	 8.7558778311147181e-02	-7.8880586107769046e-02	-4.1785792607757236e-02	 8.9802773692279653e-02	 9.7124850824389999e-03	-1.5054056662121531e-02	 4.9749659792418157e-03	 2.6896638133869964e-02	 1.3772860841947124e-02	-7.6982532867499398e-02	-4.4511551333697538e-02	 3.5914881175175370e-02	 3.4247149559575751e-02	-1.4577560641687987e-03	-1.8526382297153116e-02	-2.6714568095131272e-02	-1.7108563607378904e-02	 5.5868644658752806e-03
-2.8732473613834866e-02	-4.1014841374779662e-02	 5.4444921113691022e-02	 3.9481641132256801e-02	-2.9834300766903937e-02	 3.6586070723047724e-02	-3.3935346070282202e-02	-9.1404606400707217e-02	 8.3235200152602440e-02	 7.0775458376029055e-02	-1.2363287517055729e-01	 4.8500350158473915e-04	-1.0416866008093537e-02	 1.0505660121668008e-01	 6.4194857436700212e-02	-7.8624941474924132e-02	 3.8026595732407589e-02	-1.5141487650789515e-02	-3.5114257773415494e-02	 7.0703538078011302e-02	 3.5262945791919888e-02	-4.4646708412346504e-02	-1.1101464273103701e-01	-7.0408354592466069e-02	 3.5372812576811581e-02	-9.5542370909849107e-03	-9.2293323003353293e-03	-5.0418066155388075e-02	 1.9899064949351262e-02	-1.6640334675318121e-02	-8.9529803039620381e-02	-5.3824192932782539e-02	-1.4321683990346583e-02	-3.9370530243478960e-02	-6.7204998313106862e-02	-3.6935185380389791e-02	-6.0349802533483940e-03	-3.7858951904021693e-02	-2.1011953228234105e-02	 9.9489434526405553e-03	-1.2319556640116015e-02	-5.1092029561335905e-02	 8.8541987052650128e-04	 2.6087847681604305e-02	 1.0263413387840972e-01	 7.2189944349748236e-02	-9.4546632873015787e-03	-1.5410935487092683e-02	 1.6139532103688962e-02	-5.1919193429308258e-04	 1.9473019146847039e-02	 3.5583463025982434e-02	 1.0425113503111658e-01	 9.1084441280616588e-02	 7.2012656049693518e-04	-1.8445982934499006e-02	-7.2282365018152966e-02	-2.1174620054735194e-02	 2.9283291247212315e-03	 1.0420082665133178e-02	 5.8519268202886169e-03	 4.4718985950963769e-03	-3.7120950933648152e-02	-2.8621194592269434e-02	 1.6564756937630272e-02	-2.7574896738553765e-02	-8.1491364982339692e-02	-6.0162362251586235e-02	 5.0977240124550349e-02	 1.5209417341479431e-02	 2.5708782040993403e-02	 1.7977953725070786e-02	 1.9916903845176373e-02	 1.5121240705883559e-02	-9.4863121362340777e-02	-4.8532634398691515e-02	 1.3350514164590748e-02	 6.9550542513831734e-02	 7.8645078678156330e-02	-4.7786331165130411e-02	 4.8706100496711896e-02	 1.6576184352136113e-02	-3.6960102279705198e-02	 8.3469736895099761e-02	 5.3865607096800744e-02	 4.5237210573936336e-02	-9.7280500170108045e-03	-5.9693746647463783e-02	 1.1379221325608879e-01	 4.8969907334594935e-02	-7.6006849054202852e-02	 1.2566309465816909e-02	 1.2831207179642250e-02	 2.6715827378019181e-03	 3.8040860460159268e-02	 2.9996237406532539e-02	-1.6878113915836577e-02
-2.3238851738189618e-02	-3.4937604050867196e-02	-3.7167690066010513e-02	 1.5577362763199352e-02	 1.2894547546324953e-02	-1.7674026954245092e-02	 4.5363937731507806e-02	-3.0593480458084785e-02	-7.3123472226170091e-02	 3.9954775922896577e-02	-2.1351778672598555e-02	-4.2314483337108140e-02	-2.5076141662278374e-02	-6.6761378675959993e-02	 2.2763091268254994e-02	-1.7360491510422713e-02	-1.5710483523456834e-02	 2.8190617702258995e-02	-3.1368508267200355e-02	-1.4269196733590698e-02	 2.9431977556179365e-02	 8.2062130862825024e-03	 4.9596385663879687e-02	-4.5587050902751924e-03	-8.0372740420145364e-03	 1.1986658695227893e-02	 1.6560750308697789e-02	 1.2987040804017629e-02	-8.5446894803744410e-03	 1.0420532939966341e-02	-5.9985920125001872e-03	-2.6553341647828722e-02	-9.4857613792477774e-04	 1.5823744242475544e-02	 1.5885952329819868e-02	 2.5585150227465728e-03	 1.4466429095523389e-02	 1.5845769978759736e-02	-1.4935344042693709e-02	-2.2470562780799955e-03	-1.2750011808261887e-02	-1.9409700817825518e-02	-5.2242644272954865e-03	-2.9641206788990366e-02	-6.3771598844210284e-02	-9.5578180357670794e-03	-2.0653098413323549e-03	 8.8672608748164676e-03	 1.2872659679577608e-02	 2.9752382892152887e-02	-9.5463528964681698e-03	-8.1266627782424408e-03	 2.9453586477029382e-02	 4.7833539960732946e-02	-7.4177852679155392e-03	 1.0223010239552410e-02	 2.7804182756261311e-02	 5.1867961505479461e-03	 3.5149055000565102e-02	-1.3383632176250004e-02	 4.7297975241435090e-03	-1.1249084161891347e-02	-1.3332748278575654e-02	-2.6735769578506666e-02	-1.5551161432947673e-02	 1.0284739106018575e-02	 4.0123595272029869e-02	-7.6872851528037435e-04	-2.3238168000697959e-02	-1.9899729638776674e-03	-1.0149021422333985e-02	 9.7868064059616726e-03	 2.2413805079808903e-03	 1.9051609532477160e-02	-3.1563355380032999e-02	-2.5527920406357832e-02	-2.3193366077748270e-02	-5.4390330433925820e-02	 1.4102622464124359e-02	-1.3951275655381751e-02	-1.7628089180201676e-02	 2.6759440039947274e-02	-1.1974029189587950e-02	 6.1526884420921510e-03	 7.0439785065940314e-02	-1.5081576118821794e-02	 2.2896059380221788e-02	-1.5230446802927827e-02	-3.9726441205443289e-02	 3.8790501935458632e-02	 2.5715163082614253e-03	-8.1556424238448146e-03	 2.6460626853463030e-03	-2.0425265236651856e-02	-1.4133976391507937e-02	 1.8063300323888663e-02	-2.5815503936327923e-03
-4.9503420143934525e-03	 5.3693119042700771e-03	-2.8846962493592641e-03	-6.4619029251214728e-03	 2.6211304423908195e-03	-1.1908247598936838e-03	 1.6962674262567029e-03	 1.9824510618340008e-02	 2.7808587262184013e-02	-7.0462725243876700e-02	-1.7292034385477204e-02	-8.7660144934850141e-03	 4.9807003298512377e-03	-6.2335969107787572e-03	-6.9948312799604159e-02	 6.0310095652253686e-03	 1.5807605855239607e-02	-6.1113490013377902e-02	 5.1424153907308990e-03	 4.5981505991638735e-02	-8.9957713507419386e-03	-5.4114217231252615e-03	 7.9414978733715856e-03	 5.6657090597365518e-02	-1.3481546427453040e-02	-5.9779891155094678e-03	 4.5780825193112006e-03	-1.7797933451598899e-02	 1.4750614604217447e-03	-6.4218557399939261e-03	-3.2882864048524682e-02	-4.5296680695510174e-03	 1.3786301848656471e-04	-2.3142046153059492e-03	 3.7599768214878079e-02	 2.2113682084304344e-02	-6.5854833788524195e-03	 5.1320965901857996e-03	-1.6077374568632667e-02	-6.5143758823021421e-03	-2.1056954381981206e-02	-6.6748540116141827e-03	 8.7365793144057800e-04	 9.5565340402276175e-04	-2.0866401713047562e-02	-6.3805157143170615e-02	-2.4923051936134845e-02	-1.0049235295153988e-02	 9.4015186446845082e-03	-1.1942820640976151e-03	 4.2184486735258233e-03	 4.6578499629710515e-02	 6.7149586489427954e-02	 4.3136407056125203e-02	-3.3025148160759386e-04	-5.3310536847459653e-03	 1.6321555534849916e-02	 1.5758221034130028e-02	 1.7170741659315640e-02	 5.5812310827923067e-03	-6.1535932325015238e-03	-1.2644024072688893e-02	-9.7123499283198796e-03	 4.2465794249675805e-03	 1.6726598816493042e-02	 4.0181783096538169e-04	 7.5753159848450415e-03	 5.7282100095846618e-02	-7.0568249285549332e-03	-1.3890061088418146e-02	-2.3113923856814709e-03	-5.3559188017115525e-03	 6.5213149166839235e-03	-2.0392108916517184e-02	-3.7181459778487552e-02	 2.9626742422749468e-03	-3.4511380174110065e-03	 3.2519093428951444e-03	-6.0496887270157326e-02	-4.7871224637188337e-03	 2.9405998216981519e-02	-3.3142445794217906e-02	 2.3380585085010855e-02	 5.1443230039021584e-02	-1.7842660669410718e-02	-6.4359035325173017e-03	-2.8482839541023743e-02	 1.4280955453042601e-02	 3.3460719154710300e-02	-4.5558874764793707e-02	-4.1221117955775972e-03	 1.3561124867861891e-02	-2.2361641344534741e-03	 7.9711070696837118e-03	 1.2237431220228984e-02	-1.1557180879791833e-02	-1.0867939796467729e-02
-4.7034213917609858e-03	-6.3108344864412566e-03	 7.3064692628981593e-03	 2.5879270890908366e-03	 1.0329137080613615e-02	-9.2266500055911138e-03	 1.0233413957152486e-02	 1.6768948153881413e-03	 9.8422197690849651e-03	 8.8152160412002002e-03	-1.0308844975338202e-02	-1.1637873586802365e-02	-6.4238808611396169e-03	-8.9393503519235341e-03	 3.0699616123045256e-03	-6.1230724607131151e-02	-4.8916185441748333e-02	 7.5929600469874903e-02	 4.0731223846985576e-02	-5.6753103249304543e-03	-4.1738832949092357e-03	-1.0194556918950316e-02	-3.7169231802792577e-03	 1.6397278164793150e-03	 7.8470853272207527e-02	-6.9245329279519320e-03	-3.1132082436940989e-02	 6.6756211522251530e-02	-1.7774383177930578e-02	-5.1888700333288934e-02	-1.9268100176615850e-03	 6.1455168295661451e-03	 3.9653357684619594e-03	-1.7257319191836410e-03	 1.3834424480236368e-02	 4.6956220123325426e-02	 4.5530520337656068e-02	-5.1826716032732194e-03	 6.9396133351018268e-05	-3.6224885138343432e-02	-1.2531961081346441e-02	-3.5368524441650208e-03	-1.0405641126839399e-02	 6.3181282788530545e-03	 1.1105366435085539e-02	-4.7103287862382257e-02	-7.3848939730823612e-02	-9.3101579917367651e-03	 2.8863865383947701e-03	 6.6118430862708300e-03	 2.5669698737457475e-02	 9.8390430575683599e-02	 4.7507145915997875e-02	-1.4404630385641048e-02	 1.1279938396948723e-04	 1.0258440477537646e-03	-3.5008530975864640e-03	 1.5336162552388028e-02	 1.6733326709444236e-02	-1.1746391003542389e-02	 6.5531439481858007e-03	-1.8292619744480730e-02	-3.7103067896398405e-03	 2.9206668784398024e-03	 2.1785301819925739e-03	-3.4592762508006637e-04	 3.7216096391357715e-03	-4.9445942717611952e-03	 5.8618775745033547e-02	-1.2982984505741788e-02	-2.5528335683391495e-02	 5.2560827585731523e-02	-1.5624191920187037e-02	-4.5432210060264142e-02	-1.3796574180601717e-02	 3.6442009474179499e-03	-3.1789923272902438e-03	-1.0983577801769926e-02	-3.2656114927431469e-03	-4.9363230222354837e-02	-3.2514051339027017e-02	 6.4655925268475051e-02	 2.9161170760398331e-02	-1.1651187487116835e-02	 1.3949934643476327e-02	-6.9434753641251972e-03	-1.8248350906229444e-03	 2.0412242892933752e-03	-1.7610574577233445e-02	 6.7752973531504408e-03	 2.6674706358308189e-03	 1.5952266186878452e-03	 2.9940170357052424e-03	 3.4030254426321415e-03	 5.2751165897246214e-03	 5.2891150611969039e-03	 2.6875457589997684e-03
 1.3887580077877076e-02	 5.2418476906482166e-03	 1.6035327182151100e-03	-9.3245069355758665e-03	-3.7531599862982877e-03	-7.6777788802022667e-04	 1.8291069502082535e-02	 5.0802271956808488e-03	-4.5980365474204915e-03	-1.1277338411398746e-02	-1.0315624293226638e-02	-6.8314474489767196e-03	-5.4384069555234397e-03	-1.6500881798007696e-03	-2.6021493426204530e-02	-4.9046766828918481e-02	-6.4904966459563927e-03	-2.6531877589256250e-06	 3.7656486097813996e-02	 9.9504919641928806e-03	 6.2316500033232714e-03	-9.1186377567488604e-03	-7.8873236567607481e-03	-7.2098288138310648e-03	-2.6372455641826855e-02	 5.7677634778016157e-02	 4.4760219406074983e-02	-7.3458873528194496e-02	-1.9942142298808786e-02	 2.5639278372214334e-02	 6.0632592854790585e-03	 1.0870601320230083e-02	-9.2688157380472758e-03	-9.3544866061388929e-04	 2.0519841845539080e-02	-3.4706451524841593e-02	 2.7280367277095117e-02	 3.8471712781502694e-02	-4.5692543115066403e-02	-1.4254008256287823e-02	 3.5953335148716679e-03	-1.5211114337643205e-02	 1.6440167216971040e-02	-8.3857450554747949e-03	-9.9406282618441054e-03	 1.9064822867630251e-02	-8.8778566774083773e-02	-6.2649411098197105e-02	-1.5659378410149195e-03	 9.7085565740471225e-03	 8.9881670477037573e-02	 3.0556180702512089e-02	-8.4578336662196035e-03	 2.2549204186044315e-02	-1.3847822882331580e-03	 1.2322199041818271e-04	 1.3593358503191301e-02	-4.0838221925850397e-02	 1.9846561322518962e-02	 3.3000033179869590e-02	-4.6245562845149517e-02	-1.1139375447918737e-02	 1.9208325080233443e-02	 3.6341992769437772e-03	 1.7973489156161770e-02	-3.9179488344044753e-04	-3.5920107674697090e-03	-2.6343122788615660e-03	-2.0104727714314811e-02	 5.1059204833218345e-02	 6.4275921647528197e-02	-7.4849609783892268e-02	-5.2416462346994076e-02	 1.5855350516932175e-02	 1.3580507272867257e-02	 2.0226329899912521e-02	 2.9573838624568226e-03	 1.2827547152556443e-04	-2.1095587723708779e-02	-2.1426259489061898e-02	 1.3706201151099913e-02	 5.7787800282301204e-03	 2.1734654435701918e-02	 1.6290796074259484e-02	 1.8909248993100546e-02	 4.1894172880695083e-03	-5.1406314557816690e-03	-5.3097058770796898e-03	-1.3424668004426009e-03	 1.3727978955799330e-02	 1.3978889858494870e-02	 9.6691656460833764e-03	 1.3293687238494136e-04	 3.0431925100718599e-03	 7.7497322052834158e-03	 6.0915884312664568e-03	 1.0834824614315099e-02
 2.8570550046297112e-04	-1.0152014439016923e-02	 5.6721109065002735e-03	-2.8519412465421098e-03	 1.2813264320180409e-03	-1.1583864254776411e-03	 6.9688494077814857e-03	-1.1990997859952558e-03	-1.2208038221816674e-02	 8.2613160955396087e-03	-6.1563312560160700e-04	-1.4497033116646532e-02	 5.1706435206398324e-03	-2.4870911481877909e-03	-1.9331203858941153e-02	-1.3662751773000355e-02	-1.6383286929242041e-02	 4.2148857346272044e-03	-5.7866386710177659e-03	-1.5612853034468676e-03	-1.8551094387249736e-02	 1.3771465536208000e-02	 1.2856926876607031e-02	-1.5385759133660692e-02	-1.2686254916178624e-04	 3.7036607186741115e-02	 7.0312053799875384e-03	-2.0952391955533597e-02	-4.8813352709970573e-02	 9.2544814427758266e-05	-3.4324368831960390e-03	-1.7042239491025880e-02	 1.2396342499464868e-02	 2.7601608313132563e-03	-2.2688819613860160e-02	 4.4340395811292760e-02	 9.3794065840838731e-03	-5.6504220387263854e-02	 6.4063275621870502e-02	-2.0062211398777993e-02	-2.3774560213361620e-02	 1.1136462751987101e-02	-2.7438805605658943e-02	 8.5810394795669924e-03	 1.0333615974268375e-02	-2.2504256204702727e-02	 5.7962950473355909e-02	-7.6695890417265405e-02	-8.2983910560930296e-02	 1.1175775872190652e-01	 3.8212051029552239e-02	-4.7726146592794200e-02	 1.9043083407075174e-02	-1.3934627704930945e-02	-7.4701238033647122e-04	 9.6728267370947991e-03	-1.8706573739191518e-02	 5.6744322124709090e-02	-2.0146270315626363e-02	-4.1520342797081583e-02	 5.9261465800714591e-02	-5.2269050621061176e-03	-2.5974027144497445e-02	 1.7113943260476633e-02	-5.2534846142930150e-03	-4.8542669228062384e-04	 9.0634909520412397e-03	-5.6596677717308547e-03	-3.0947668049153051e-03	 3.3288107638175871e-02	-5.4392940548729767e-03	 1.1120854296472950e-02	-2.2615386556393398e-02	 2.2704634869428468e-02	-3.8921143717563812e-04	-8.9637245404211603e-03	 2.2449960802256746e-03	 1.0645909964410236e-02	-8.1778626767732218e-03	-6.7466291947155621e-04	 7.2342178558069429e-03	 6.6511272609498379e-03	 1.2609713124294413e-02	-7.3317039962348292e-03	-6.1267126981826361e-03	 8.2751027818843796e-03	 5.2784717195923413e-03	 3.7049151466236122e-03	-1.3733386991580431e-03	 1.0425758670204894e-02	 5.3492884135485363e-03	 1.9803685882269937e-03	 4.8196614251930416e-03	 2.9084951184656081e-03	 2.6979468854203478e-03	 4.3259090335236745e-03	 1.5905339141583522e-03
 1.7082635677292533e-02	 7.6861475851272894e-03	-6.3216695072308964e-03	-1.0666014326748966e-02	-6.4653313245735377e-03	 9.3746109201164607e-03	 1.2419095907716338e-02	-7.3464183101112721e-03	 9.7634854204779774e-04	-7.9519085751718066e-03	-1.1003722733082718e-02	 5.1451450527731260e-04	 9.2425331187731379e-03	 1.0219459949693983e-03	-4.2619674777805060e-02	-4.4345973972662392e-02	-7.7955258752244530e-03	-1.8629463810665263e-04	-2.2629427271706238e-02	-1.1980531355831617e-02	 1.1097008545715234e-02	 1.1021511060590786e-04	 7.0455026236392760e-03	-4.4291518915671605e-03	-4.8983343230419012e-03	 4.8178721024649401e-02	 2.9286482844062371e-02	 3.1237154992823458e-02	 5.5754245513959910e-02	 1.1456421634783337e-02	 7.5841491182462005e-04	 8.1897768737920710e-03	-4.4544637010700133e-03	 2.6591375161719587e-03	-9.7739900717536202e-03	 3.1482359927348796e-02	 9.0412299720969962e-03	-9.8912982718744019e-02	-1.0081143645831214e-01	 9.7798551235849292e-03	-1.1271056861478803e-03	 4.1699281089098265e-04	 6.6027837837387736e-03	-6.7010032689062261e-04	 1.9639175122086001e-03	 7.7208149509575639e-03	-6.1214909459891202e-04	-1.9482234898612200e-04	 6.8814224604163404e-03	 1.1032485678019288e-02	-1.3120176514048291e-02	-9.3407541734089224e-04	 8.3678483936104036e-03	 1.8975841302247325e-02	-2.3167658776043088e-03	 6.5088515236408698e-04	 2.2551058360068290e-02	-7.1176593403329130e-04	 3.7393797627958011e-02	 1.0629341773980316e-01	 9.8965923751775264e-02	-1.8982325957382161e-02	-1.3768675594961796e-02	 4.4954768292293622e-03	 6.0401514272657910e-03	-5.0573159446628006e-04	 1.7194883652434394e-04	 4.5491746031407635e-03	-8.0738405063423830e-04	-5.5275643333157709e-02	-3.0779704242446002e-02	-3.9640653360941733e-02	-4.0511458320775760e-02	 1.2254055414843330e-02	 8.6346548883307148e-03	-6.4813597582101079e-04	-1.4374575687731469e-03	 5.2476521008534812e-03	 2.1161807568605688e-02	 1.0891727114351411e-02	-1.5882322515010004e-02	-2.2068619534963387e-02	 1.6006790026673934e-02	 1.9675228280459110e-02	 1.7726782819922959e-02	-2.8051042982058481e-03	-5.6738426208845574e-03	-5.7375242158250739e-03	 1.0793171759253099e-02	 1.4167580772066682e-02	 1.6394159387552294e-02	 5.9777202703588158e-03	-3.1065808382949207e-03	-6.0403396989330005e-03	-2.7560946952299385e-03	-6.4410133292046377e-04	-5.4784165799719470e-03
 8.7631755246461093e-03	 6.0803123073356891e-03	 2.4149843226191937e-02	 7.8673066524240741e-03	-4.8415539174289724e-03	 9.1342465600196545e-04	 8.6984428928038905e-03	-1.6208151948057011e-04	 9.5281639387201598e-03	 2.1650841871292043e-02	 1.3512039138087559e-02	-1.8324671267318772e-02	-1.1544323116093845e-03	-6.5871287875368199e-03	 1.2258167831966385e-02	-9.1635071356213401e-03	-1.6642191959325769e-02	-2.7131007709096537e-02	-9.0427090298026321e-03	-9.8107542287915964e-03	-2.8986208936225749e-02	-2.4428880215931845e-03	 7.5939051871301063e-03	 1.5593836256774751e-02	 3.2062524389350387e-02	 2.4859742282531453e-03	 9.6887668063883312e-02	 4.6517800507240678e-02	-2.3681239631241916e-02	 2.8903452810655983e-02	-1.2997986365704584e-02	-1.8985475020666113e-02	 5.5229310340698346e-03	 9.8034935524923001e-03	 3.1693028214084970e-02	-4.2960024532662372e-02	-7.8218008325566510e-02	 4.4631594888100826e-02	-8.8673506846742977e-03	-9.4923810774747666e-02	 3.1131686248010103e-03	 1.6786135813969930e-02	-1.1050034965581965e-02	 2.2274899022439918e-03	 6.8519337912446273e-03	 9.5621093614092316e-03	 7.1631096067565692e-04	-1.7702150878193792e-02	-3.2207313935190378e-03	-2.1218432459143198e-02	 2.1881834734085873e-04	 1.8466753203428825e-02	-2.8527928967230095e-03	-1.2240218873923679e-02	 4.9822425183376137e-03	 2.8198279393966440e-04	-8.8020873395557829e-03	 5.4628093065808681e-02	 8.8850759027827908e-02	-1.4728623959140437e-02	-1.3705293679780180e-04	 9.0100333840255842e-02	 8.8199438822997387e-03	-1.6118611766823576e-03	-1.1022641911787069e-02	-5.2971014306759756e-04	-1.8459499255264328e-03	-1.0069140019828535e-02	-9.7378761054293279e-03	 1.2557430214513471e-02	-7.5884050802848935e-02	-5.4664348089742479e-02	 1.6920272782803822e-02	-3.4256421383095953e-02	-4.8259224866278212e-03	-8.8901087911885841e-03	 7.5154880869068722e-04	 9.2637215381235621e-03	-6.9752725890559666e-03	 6.9651425932740606e-03	-4.4116667597328364e-03	-3.8689870887100779e-03	-1.5886780989672505e-03	-1.0655646206210215e-02	 1.7346976815589017e-02	 2.8774463659989721e-03	-6.6733233976772636e-03	-3.2575358012764287e-03	 1.0108038409746946e-03	-1.9292980611534285e-03	 9.7283923075083545e-03	 7.5029608064918103e-03	 4.5115972660822838e-03	 3.5987127879486412e-03	-3.4635364539700700e-03	-5.8974626127710535e-04	-7.3713133045394067e-03
-2.5690311872366969e-03	 9.3805659560986326e-05	 1.3137588683737513e-02	 8.1738995300642964e-03	 2.7001207295449720e-03	-3.9534427200345655e-03	-1.1554798266724356e-02	 4.7277177641870108e-03	 1.4589098862041303e-02	 2.8541789761435288e-02	 1.3155231818667745e-02	 6.8359922503730972e-03	-9.7602350656950405e-03	-1.0572048244717316e-02	 7.3375560568419238e-03	 1.0592900189976042e-02	-8.2815960118061915e-02	-5.7157783816734961e-02	 7.6287822466037936e-03	 1.6846290435073754e-03	-2.4211474678788140e-04	-1.0877675793388237e-02	 1.8717576007187559e-03	 3.8530936507768748e-03	 4.0922824174510319e-02	 6.9213826379686094e-02	-2.1239975198966192e-02	-1.8928562594360619e-02	 6.0416612129735398e-02	 5.6392002956943679e-03	 4.0922360616218898e-03	-4.2997482271452019e-03	 4.3853011763619713e-03	-6.1766564091669781e-03	-4.0617774434431250e-02	-6.9517799740882999e-02	-6.2547468707508311e-03	-6.7793207285676378e-03	-2.0625703447566902e-02	-1.7801133653743462e-02	-6.0656823575195931e-02	-5.7562006081916060e-03	 5.9346272468312955e-03	 2.9244397661737425e-03	 4.5141460239096539e-03	 8.7088815959082645e-04	-8.3385633751174703e-03	-5.1169077342525428e-03	-7.3358812987354121e-03	-1.0694375585720627e-02	 9.6756930718043671e-03	 6.3026038389795425e-03	-9.1540022591974791e-03	-1.1897868839819279e-02	 1.8711920671434768e-03	 4.0042846864891150e-03	 3.2884681791305603e-02	 5.8507481092423499e-02	-5.0072796835214329e-03	 1.4326863402460708e-02	 1.3168147276647776e-02	 3.4238904525944455e-02	 6.3995963145868279e-02	 8.7218466980122818e-03	-1.4054207900556096e-02	-1.5210309919652348e-03	-5.4775129741857272e-03	-6.8356280302478076e-03	-2.6158793559760037e-02	-6.5581618271392694e-02	 1.8268579977115398e-03	-1.2169636917801169e-02	-4.5147024807838068e-02	 1.9184519825114627e-02	-1.0396360306662255e-02	-1.7194662265214898e-02	-8.5292660476576042e-04	-2.5223313279347111e-03	-8.0945016315461284e-03	-2.5260899464001764e-02	 5.8419788042501294e-02	 3.6049423304707721e-02	-2.8835005107034330e-02	 6.2293836386319336e-03	 9.2956413822548010e-03	-8.9965994957336734e-04	 3.6454178792058155e-03	-1.8949801523593351e-03	 1.5653229797516696e-02	 9.7072088539258954e-03	 8.0411840506377126e-03	 4.8196138211661303e-03	 3.9682579556950147e-03	 4.8757742613865594e-03	-1.7412167235969184e-03	 1.2701892749370411e-03	-1.7980586821029552e-03
-5.0729864337547355e-04	 9.0795939584958386e-03	 2.1096669242837096e-02	 8.0539471450881764e-03	 1.5034088864162149e-02	-9.7539973703214457e-03	-5.5697111133529674e-03	-1.1076100992385193e-02	 6.8679713957190136e-02	 4.6092251448671941e-02	-9.8206123233091774e-03	 3.4257737787067328e-03	-1.4296543500113053e-02	 2.1646094270124532e-02	-1.8304481123448905e-02	-7.3097486452027405e-02	 1.8698069818007812e-02	 9.1888650607951719e-03	-6.1182452436753375e-02	-7.1809127105040838e-04	-4.3284844984905228e-03	-7.7655682916286991e-03	 9.4565692124853841e-04	 4.6822823290949847e-02	 5.5360023956097071e-02	-9.2425960293244843e-03	 2.8891717549435321e-02	 8.9400456669235778e-03	 5.1737358344661145e-04	 5.2869283675949008e-02	 5.3719345609368196e-03	-7.1652356174749911e-03	-4.1311117825201171e-03	-2.0515355227556778e-02	-6.7578221215863599e-02	-1.5832457366842991e-02	 1.8197499053531019e-02	 7.3926638081039941e-03	 3.3204080264857220e-03	-1.5412483290054107e-02	-8.0753396047041539e-03	-5.8939924557129528e-02	-3.2411116100502964e-02	 9.6191026054612868e-04	-4.5303940140798797e-03	-1.3697804086219588e-02	-1.4588463235812150e-02	-1.0868085462300002e-02	 5.0700631768126440e-03	 7.8123880281754569e-04	-2.6934843747562750e-03	 1.3035425266031658e-02	 1.3730512071699501e-02	-1.2300516829238987e-02	-3.1586827652315837e-03	 2.0695414328936831e-02	 6.5021622121491152e-02	-6.8972726558207227e-03	 3.4196379057336386e-04	-1.3187697813936167e-02	-7.4228785921801835e-05	-3.9487180236856146e-03	 1.8421896766637420e-02	 6.9950885971592713e-02	-8.1022894727477042e-04	 5.7553413336149904e-03	 4.5427972428653800e-03	-2.0551598741113210e-02	-5.4736687547740713e-02	-5.9827868918453774e-03	-1.8619087445688375e-02	-1.2075645908995344e-02	-1.0721043026919725e-02	-7.2070954072811486e-02	-9.0498259667723575e-03	-8.0857774795969439e-04	-4.4074890954303532e-04	-1.5047481229637271e-02	-2.7843818716328465e-03	 4.2889310625325708e-02	-1.5396763487181660e-02	-6.3825141577661740e-03	 4.4461116660535510e-02	-2.8956809246891906e-02	-2.8771049619000986e-02	-5.5047005657380219e-03	 5.3376652134890790e-03	 1.6087264775577842e-02	-3.2540831057589092e-02	-1.4373499406475729e-02	 4.3078319392364048e-02	 3.0330650540860628e-02	-3.7174173675141745e-04	-3.3303551139937070e-03	-6.0551244236202294e-03	-2.0867928240702119e-03	 1.1526381728037017e-02
 6.8798632240382488e-03	 2.8371293717734267e-02	-3.1840595204657554e-02	-3.2140724520786618e-02	 1.6015064120147488e-02	-5.2218862888632256e-02	 5.0092352681334121e-03	 7.7464077710375612e-02	-3.6379185642731605e-02	-1.0918946249699532e-02	 6.8081958259729181e-02	 4.5709713160497056e-03	 5.7294548154480009e-03	-3.4249589821411124e-02	-3.9084654463552429e-02	 1.9299855476029609e-02	-1.2485674653373316e-02	 8.3705397947723796e-03	 2.1904460928252347e-02	-4.7489645129424780e-02	 2.3363478590965020e-02	-7.6732501560528715e-03	 2.5820403322160478e-02	 5.3335269023029035e-02	 4.6491833466953368e-03	 8.1931141531958671e-03	 2.8915140038031768e-02	 2.9475982286411490e-02	 1.6371902208510522e-02	 1.0099080554193911e-02	 6.7510725242106134e-02	 4.0455873273435826e-02	-2.3082624116194748e-02	-6.8125997761077112e-02	-4.3249233957335237e-02	-1.0698506571802914e-02	 5.9161321730488818e-03	-9.7556686080319151e-03	-3.3914091882064597e-03	 1.2720320086870220e-02	 1.1364456395523123e-02	 1.0181087429968566e-02	-2.5398787368740783e-02	-8.6840569808494059e-03	-1.2461629544339327e-02	-1.9538635236151972e-02	-9.2678515941465346e-03	-1.5684093891537642e-02	-5.1106665318185075e-03	 8.2139299241233144e-03	-2.3329070821427518e-03	 1.8946338910257252e-02	 2.8495455068039723e-02	 1.7121653727944310e-02	 2.2863862272918964e-02	 4.4104466097583464e-02	-9.3463730415464050e-03	-9.9021629964255869e-03	-1.7650933355679244e-02	 4.9975825498008815e-03	-1.0302550108937882e-02	-4.4518450797776769e-03	 3.1634599152638308e-03	 3.8069718021645008e-02	 5.1228049712215354e-02	-1.9334339341936903e-05	-1.8016138846187035e-02	-5.0741956385466913e-02	-1.0476013312209901e-02	-2.6922734157789268e-02	 9.3324493110866560e-03	 2.8369319070695991e-03	 3.2950871270687912e-03	-2.0833941692198508e-02	-5.4046460163538000e-02	 1.4312550038391617e-02	-8.7244676666637065e-03	 1.3352663669590214e-02	 3.9943737021447198e-02	-1.6626336906978643e-02	 2.1064499680308737e-02	 1.2029209473597684e-02	 2.8882074338961831e-03	 2.8257523617207146e-02	-1.4055496861426826e-02	 2.3027949048741551e-02	-4.7902254391064920e-03	-4.6108009193187284e-02	 3.6387364604118386e-02	 1.8456183374758781e-02	-3.5586082568960967e-02	 2.2472639283758509e-02	-1.0147934336148833e-03	-1.8080633126189211e-02	 1.8222006695418187e-02	 1.3195752370463769e-02	-1.7253042540469641e-02
 5.0494992152932119e-03	 1.3563252218455970e-02	 1.3801634027699263e-02	-2.2968662524905120e-02	-3.1410220364595839e-03	 2.3348811321726469e-02	-2.7243576131884419e-02	 8.3494995378099561e-03	 1.4813617476238529e-02	-4.2244722167636251e-02	 2.0108479984193545e-02	-4.9729515467045573e-03	 2.5409859834626936e-04	 3.4262958480145170e-02	 2.3036792419544854e-02	-1.0213134036665669e-02	 1.7507494770288016e-02	-1.0238804586048318e-02	-1.0602800533730075e-02	-2.4469340850406605e-02	-2.8879288700458819e-02	-1.1880239787501228e-02	-4.6080554877511448e-02	-2.6934063547625980e-02	-2.4515539867194403e-04	-1.0036294171380275e-04	 7.6900192304362874e-03	-1.7906411403849916e-02	 1.9719242409167084e-02	 2.0135508236380183e-04	 3.1336043114235303e-02	 1.3026006613717576e-02	 5.4340780388783113e-03	 3.0614488116579387e-02	 1.9887133566905933e-03	 4.8369317146653304e-03	 4.6929892011489819e-03	-1.4277222084284496e-03	-1.2188405041811776e-02	-1.3423113286122322e-03	 3.4090379820689654e-03	-1.4185531454688854e-02	-2.5619534480901721e-02	-5.9669519259138975e-03	 3.9678818610866182e-03	 1.4812684671655207e-04	 1.8789335891238417e-02	 2.5923933216180549e-02	 7.1400567400294115e-03	-1.2211582331098916e-03	 1.8750535876596197e-02	 1.3286927551131540e-02	 1.8671864137459675e-03	-1.3187754500493436e-02	-2.6814804963895773e-02	-3.0863721445970965e-02	 9.2650556002500228e-04	 1.2254795740646383e-02	 1.7980724224108145e-02	 1.1916798202343853e-02	 9.7147211682362437e-04	-4.1164189610706846e-04	-1.6205435718621927e-02	 3.0146593232354559e-02	 2.9516430316905658e-02	 2.0011039940152570e-03	 1.1600250486118791e-02	 6.9517156977853042e-03	 2.1048532288969364e-03	 6.7309802733449432e-03	-3.3182887594785516e-03	 2.1131074492360066e-02	-1.8415578081184741e-02	-2.7810250972628444e-03	-2.4919437403741973e-02	-2.4880466201070844e-02	-1.0056952629729252e-02	-3.9998576059705818e-02	-2.4911038732776343e-02	-4.0089620338495027e-03	-1.8417059577280695e-02	 8.8073411670165323e-03	-1.2320849125363589e-02	 3.0705174574992798e-02	 2.6690111185116647e-02	-1.8289731106444912e-02	 2.0844731695971584e-02	 1.9330581515614083e-03	-3.0590639858606921e-02	 3.0164160191090614e-02	-1.6078779862702064e-02	 4.7532840659546185e-05	-2.5797292031059212e-03	-8.0705609013495064e-03	-9.5801187229310990e-03	 1.2386753924911868e-02	 1.6511656872779056e-03
-3.1697273932428703e-03	-1.1580072986066024e-02	-6.9376163783821882e-03	-5.7236055837163579e-03	-5.5659196862373247e-03	 5.4924029660271718e-03	 1.0263587919805950e-02	-1.9045627778349040e-02	-2.5808540915222493e-02	 4.2572054132962028e-02	 1.6244332847435196e-03	-1.3667274414127403e-02	 2.7244398119155577e-04	-1.6246813143823761e-02	 3.5448597156225219e-02	 2.4105834780456060e-02	-1.8230562524041927e-02	 1.9959264958590933e-02	-2.8217728746611118e-02	-9.9317490377569644e-03	 1.6062784925424782e-02	-2.8515296917486594e-03	-1.0496970668360989e-02	-4.5477618580100354e-02	-3.1180672314605602e-02	-5.5692539301563804e-03	-2.9062637699266637e-03	 7.1105596826421778e-03	-8.5836149195924367e-03	 2.0073880461955476e-02	 1.1707747974267046e-02	-3.9324299187631327e-03	-2.5447693018670493e-03	 1.4197721964467527e-02	 3.6312786444239686e-02	-5.1263000010953160e-03	 1.4002143847488373e-03	-5.5684899011352595e-03	 2.9474695103279425e-03	-6.2850002585613882e-03	-3.9317618549777229e-03	-4.7390490446811331e-02	-2.0048932419065579e-02	-5.8036032652401641e-03	 1.8059469802915451e-03	 1.2282521832019002e-02	 3.3740295677644914e-03	 8.0971853116047141e-03	-1.4659923261997635e-02	 5.4364331010009689e-03	 5.6259159452285833e-03	-7.3053599670437055e-03	-2.9728594615281382e-03	-2.1058234265684400e-02	-7.4363405178339767e-03	-1.5523468310252135e-02	-4.0275567658006092e-02	 2.7988388847191370e-03	-6.8042737597714190e-03	 5.2636281364472478e-03	 7.9080778700511088e-03	 7.6901744618633975e-03	 4.1894346248746179e-03	 4.2754725045386237e-02	 5.8938274169684345e-03	-7.5845342080764107e-03	-8.5322483551225660e-03	 2.6269421786347343e-02	 2.7448286133594433e-02	 8.2425858461236366e-03	 4.0905588810197175e-03	-4.5940938349047222e-03	 1.8709883462462351e-03	-3.5237570712052385e-02	-1.5267903812490139e-02	-1.1748016747477677e-02	-6.0326231669327439e-04	 6.1401671731578615e-03	-3.0612947721690761e-02	-9.1174750354098485e-03	 2.6060590972667171e-02	-2.5820841913814049e-02	 2.2105650631339714e-02	 7.2474860684065678e-03	-1.5787971211677489e-02	 1.2534265797609534e-03	-4.2685258632463698e-03	 1.1508078080124044e-02	 2.9139787732514084e-02	-2.9064687762769222e-02	 2.8845660890945346e-03	 9.3446563688206648e-03	 2.4202246155000406e-03	 1.3300430615327027e-02	 1.5900544114417117e-02	-4.6057145243867982e-03	 2.7569469711513023e-03
 3.9793894858971106e-03	-4.0878106000129255e-03	-4.1482042303983471e-03	-1.5478160155810817e-02	-8.6827804647945997e-03	 1.0809878735412828e-02	 3.8582690021314077e-04	-5.7061307088446490e-03	-1.1839771303545538e-02	 3.1639401982319106e-03	 6.3162299770028046e-03	 1.3276750525656304e-02	 3.8778345464309176e-03	 7.9251780038281164e-03	-8.9891172267048784e-03	 3.9834596418751034e-02	 4.9148462407673364e-02	-5.8436140215312134e-02	-1.1476364985627726e-02	 2.2452024185897389e-02	-4.4674969775307556e-04	 7.1972218650627976e-03	-8.4773959430352081e-04	 1.1543382814133982e-03	-5.7247984508217470e-02	-2.1189086503788711e-02	 2.2262725144577507e-02	-2.6560015847228891e-02	 2.2302495841552562e-02	 3.2970300357393817e-02	-5.7270485852507942e-03	-4.1158807933619453e-03	-1.3035005377966548e-03	-5.8917185882735798e-03	 3.0820692719967551e-02	 2.5179132474684597e-02	-1.4537187401182032e-02	-1.1758452476775285e-03	-1.5639143661359704e-02	 9.3197985492999673e-03	-4.3889514770321832e-02	-1.9826910368568977e-02	 1.2426224070227233e-02	 1.2409956469877376e-03	-1.0264970019302450e-02	-7.7517678639277051e-03	-3.4063539021410875e-03	 8.4619748000907026e-03	-2.8993048802175543e-03	-7.7606292384404451e-03	 2.8621189526542292e-03	 1.2724765847262009e-03	 1.4940572375681436e-03	 1.0334685738238886e-03	 3.5331281797394152e-03	 9.7506968111778919e-04	-2.9849079475542755e-02	-4.5061205169524901e-02	-1.8835753845711699e-02	 4.7188708178284920e-04	 2.4815415457997252e-03	-7.5314477282473150e-03	 5.6391025264215813e-02	 2.0879807240233878e-02	 6.6228824876230497e-03	 1.2245138235007491e-03	 9.0770414122783322e-03	-8.8622585469719795e-03	 4.4278855373999393e-02	 3.7133264230412924e-02	-1.0782808368926273e-02	 2.8824079978812520e-02	-2.8616451714740671e-02	-3.1994988942689429e-02	 2.3879273046103090e-03	-3.4149866477593801e-03	 1.8555751906735793e-03	-6.0231210646841810e-03	 1.1225071579529714e-02	-1.5800300216648633e-02	-2.8557721948341712e-02	 5.3834526613029454e-02	 9.7391329002598365e-03	-1.7205901737883156e-02	 7.7634310163879807e-03	 3.6818235814783679e-03	 7.2022260640347419e-03	 6.9961638704964047e-03	-1.3114249028095925e-03	 1.0777960302035774e-02	 1.5344481915900161e-03	 4.4516077293987565e-03	-2.2531633421148172e-03	 7.1701727526476381e-04	 3.4031567850871932e-03	-1.2155112971708559e-03	 5.5448140453935113e-04
 5.6669988391779749e-03	 1.5996383073146549e-03	 7.6135852348155056e-03	 4.6095053639990677e-03	-5.5791619994881060e-03	 1.5134606597211473e-02	 1.6841320139047021e-03	 1.1655990771898181e-02	 1.3992759676310133e-02	 5.6285635513122368e-03	 1.6164792785174076e-03	-7.7741751609168557e-03	 1.0976059649194486e-02	 1.7326903342639886e-02	 2.1481222077860043e-02	 3.7161629951782627e-02	-1.1248989213352401e-02	 2.4339329680328446e-02	-1.4911108111499868e-02	-3.1445846186229534e-03	-3.3529627183370818e-03	 5.9771387959005780e-03	 1.0779736745440981e-02	 8.2856607575045541e-03	 1.5594109717732233e-03	-3.3843659647876029e-02	-4.8186850495357716e-02	 5.5331530770974011e-02	 2.7671469586193573e-03	 3.6163506596434561e-03	-5.0870917210461466e-03	-1.3409694673003011e-02	 1.0246522456053106e-02	 5.6521132961515168e-03	-1.5989143131612350e-02	 5.5734216486931068e-02	 2.8075288821543365e-02	-1.9163686318782756e-02	 5.4193226597243349e-03	-6.2347847980768971e-02	-4.2891259361490026e-02	 1.0004719353535984e-02	-1.5248683946626115e-02	 7.5289966612751853e-03	 6.0351196205038482e-03	 7.8568047150857252e-03	 1.3269772523269207e-02	 1.8613719275427668e-02	 2.4989111959880603e-03	-1.0316285680584718e-02	-9.3473813232401570e-03	-1.4253666008377606e-02	-8.8848899424856208e-03	-1.7115773048765239e-02	 5.5947311924700160e-03	 3.5974552098655094e-03	 1.2573301988872710e-02	-4.2514964512561496e-02	-1.9830786028945772e-02	 3.0844306740167521e-03	-1.8478148675567938e-02	 4.5946094243397767e-02	 2.6070689922576353e-02	-4.1942544212400772e-03	-1.0319206669210207e-02	 1.8985362678889477e-03	 2.2469587295154427e-03	 1.4618735643078903e-02	 2.9687280559279258e-03	 2.8249328172019476e-02	 2.5093844282258054e-02	-6.3067913645443285e-02	-3.2352624551183165e-02	-2.4490972094779746e-02	-1.2596149802211182e-02	-9.8127587638516291e-03	 2.9557448987920041e-03	-1.4696746629096809e-03	-6.9694805458740917e-03	-9.6703019262670935e-03	 4.0887545543677201e-03	-2.8077220403150874e-02	 8.2948974418046613e-03	-4.3074957091401482e-03	-7.7022569961125381e-03	 5.3774600736174356e-03	 6.6375559320683329e-03	 1.2146403138583413e-03	 1.0314357373477567e-03	 3.9050643210640588e-03	 7.4135912717747110e-03	 8.0431892388702214e-03	 1.4463895431690577e-03	 7.4959452067253161e-03	 3.7842586091493768e-03	 2.7795178097275936e-03	 4.9946182112331331e-05
-3.8742289103939230e-03	-4.2550051978169044e-03	-3.9720354953305410e-03	-1.9167492895267337e-03	-3.9643479730777590e-03	 2.7852726632247539e-03	-8.7221170472205883e-03	-3.2812688866127020e-03	 2.0242412403742055e-02	 1.1793163282573620e-03	 1.6028203365856932e-03	 4.1083044194887659e-03	 5.1892332390791260e-03	 1.0914834816520292e-02	 1.1534428642861130e-02	-1.7291764311377369e-02	-1.6589127966868226e-02	 2.1424439743094048e-02	-1.7532950218906106e-04	-1.5919049373802424e-02	 4.1949571211888862e-03	 1.0155446902561829e-02	 3.4238023728879068e-03	 6.1420638237280932e-03	-1.2317583229347215e-02	-1.6840398633562875e-02	 9.2356215972572743e-03	-7.0986432357086800e-03	 2.3288538304572986e-02	-4.2405400423018175e-03	-6.6011743356717322e-03	 8.6218998472522342e-03	-2.2065455178901100e-03	 5.4801104123219316e-03	 5.3704336605269491e-03	-1.6173075853428309e-02	 6.0797481646362200e-02	 5.4253309431336494e-02	-8.5246574403223224e-02	-3.9725407249111194e-02	 2.1210194974702938e-02	-1.1023305169245524e-02	-1.0745381112799272e-03	 1.1898165532011479e-04	-1.6650535768785296e-03	-2.7725317311926680e-03	 3.3213041086678267e-03	 1.3605987697368285e-02	 3.1644609982589542e-03	-1.1533405972205160e-03	 2.0230400079107305e-03	-5.9941801869886659e-03	 5.1523873648522600e-03	-3.6663762906914239e-03	-3.1236268109381226e-04	-5.1753624292710902e-03	-8.8715681756713627e-03	 8.5479944190623193e-03	-5.5524242163456153e-02	-4.5347681616031886e-02	 6.5302069184544481e-02	 3.5594572235051761e-02	-2.2739246001228567e-02	 7.4225591301169272e-03	-4.3428028545372394e-03	 3.7726759076687974e-03	-1.0754815839834361e-03	-1.3328084633086091e-02	 1.3764019028121769e-02	 8.6116127817241761e-03	-2.9891194099712026e-02	 3.3957978897459504e-03	-3.3312100575658969e-02	 2.5679442409652629e-03	-1.9544126546588514e-03	-6.5829288830255434e-03	-6.8164804508395998e-04	-1.3940142469136795e-03	-1.6347991131793221e-02	 2.8490336990450822e-03	 1.1196629962890944e-02	-8.8389469812381206e-03	-3.0096716962688353e-03	 8.6746144036709029e-03	-8.6580204969129455e-03	 1.4790992080716075e-03	-2.5361049331586033e-03	-6.8688032633185559e-04	-1.0312881001201819e-03	-1.6872106910055746e-03	-3.1790941836511372e-03	-3.1016760683517091e-03	-1.0724206224760756e-03	-6.8162607633531964e-04	 8.0905120663032285e-05	 2.4693769221734163e-04	-2.7151539027806086e-03
-4.1566488238515397e-03	 4.5542422786635697e-03	 8.8221861095323499e-05	 7.1323715813570981e-03	-7.2366401593982666e-04	-4.6453322157273703e-03	-9.7585638702050725e-03	 2.7142276934633653e-03	 7.2721904789381370e-03	 1.5626894142217882e-02	 1.0589288575328214e-04	-2.1348054711775111e-03	-4.5148332128135680e-04	 1.2636729227851688e-02	 8.1774362108480592e-03	 1.1683371130190447e-02	-1.8806401396496423e-02	-9.4024424483523557e-03	 3.1353604449982073e-02	-3.7557849867334006e-03	-1.7722292939979269e-02	-5.0762214110501641e-03	-1.7133955067853862e-03	 8.1883831693416158e-03	-2.1569748843682558e-02	-1.2121574368091723e-02	 9.0859686090313148e-03	 3.5737369636713257e-02	 9.0863889798322925e-04	-4.0267012370855441e-04	-4.2973165164372860e-03	-1.1687523793409121e-02	 2.6709922299442469e-03	 1.2810648017743115e-02	 1.1817739100056287e-02	-2.5986016644533511e-02	 4.1154954223826194e-02	 5.5978657188691851e-04	 1.5466381084605841e-02	 5.1010749129139749e-02	 2.3678646055531900e-03	 3.0852892596764738e-02	-1.3865420897174335e-02	 5.3035917271023365e-03	 4.3060383139368096e-03	-9.0004002302465358e-03	-1.9619293606157755e-02	 2.4172163063928460e-02	-1.0959860385021317e-01	-9.3500899988342462e-02	 2.3252657655688156e-02	-2.0780832743456205e-02	 1.3430342259549977e-02	-8.4642799562958016e-04	 5.0156133203495485e-03	 4.8668543587338511e-03	 6.9942283358025116e-03	-2.2501039639250035e-02	 3.7506567383957495e-02	-1.5329019998652438e-02	 5.2816178282126276e-05	 3.7121002679252238e-02	-2.1425923788311107e-02	 8.3612468933810993e-03	 1.3450649670795997e-02	 2.0104482782523116e-04	 2.8984237033044791e-03	 5.0524355410456251e-03	-2.4503631399470024e-02	-1.2454781588386610e-02	 2.0395016256686879e-02	 2.9095065837672213e-02	-1.5314752098783881e-02	 2.1778849092049350e-04	 2.0753418877176282e-02	 1.0831140124406578e-02	 5.0856622138111028e-03	-8.3999732598355784e-04	 3.7523735811853002e-03	-1.1717606523938277e-02	-1.7653321895469531e-02	-8.4692145025783566e-03	-2.2028482502251009e-03	-1.0593235276798439e-03	 1.0568902841283272e-02	 1.9136585951749414e-03	 4.0098128297559659e-03	 2.4924071984856397e-04	-2.0563695950450616e-03	 8.5255021072455639e-04	 3.9268024930598213e-03	 1.1755365529970945e-03	 2.0594760701479697e-03	 1.3169755721056321e-03	 6.1441558020097105e-03	 9.6128936934150259e-03	 8.1133718743642766e-03
-2.4028791289009361e-03	 1.0077811340770832e-02	 8.2663957338551680e-04	 7.9223173812905424e-03	-3.9488757936402266e-03	-5.5829989295945693e-03	-4.4489175497898900e-03	 9.4976102022620683e-03	 1.6055439441774712e-02	-8.9662738309095238e-03	-3.1920667247444545e-03	-1.2218708356248265e-02	-3.4646560883462938e-03	-1.0141511929155040e-02	 1.1979707009622319e-02	-1.8848206532397785e-02	-4.4408627457015954e-03	-2.5779614380970473e-02	 2.4716642796716041e-02	 1.1432396304132005e-02	-1.9570674339557146e-02	-6.0778727754062538e-03	-1.2458895763352452e-02	-3.1900656300244872e-03	 2.3675728890271454e-03	-1.6364189054292731e-02	 1.4813051396778753e-02	 9.1097159975421348e-03	-6.5992912644558975e-03	-1.2396511953518525e-02	-1.4733355046571342e-02	-4.9181554353132911e-03	-1.0820105261633895e-02	-1.9838620942034792e-02	-2.2862080351618463e-02	 4.7830176170087745e-02	-8.5059204147480087e-03	 6.2807388748227597e-02	 3.7920627834034465e-02	-2.1124618569537336e-03	 1.0033649080130026e-02	-2.5278790887165982e-02	-1.7586258125896009e-02	-4.7473353616531806e-03	-5.1477013529999862e-03	-1.2139875371791769e-02	 2.8284335944835780e-02	-9.2353552664710528e-02	-1.1692572114323554e-02	-3.1378774933944142e-02	-6.0611050504666225e-02	 6.0116444211129553e-03	-2.7237081271170430e-02	-1.2014272482329249e-02	-6.8029812567352507e-03	-8.4837118505951097e-03	 1.2577268339581484e-03	 3.8542559673280553e-02	-1.6561205987273529e-02	 5.9242464951725686e-02	 5.8623431719131459e-02	-5.0275616973628652e-03	 4.8557575055982349e-02	-1.7354220586603734e-02	 5.0685453746032354e-03	-6.7398008989041063e-03	-7.5246752624013018e-03	-2.1391374933997951e-03	 1.0357139499102427e-02	-2.2746392748611895e-03	 3.1085193758120102e-02	 1.5932984890131993e-02	-2.8449069925965940e-02	-1.9308899320428702e-02	-1.0589172679011289e-02	-3.5602762131425759e-03	-5.2057129934719084e-03	-3.1888238078407903e-03	 1.0895291898641614e-02	-8.8764272392985004e-03	-2.4636221324031815e-02	-1.6327263658220022e-02	-5.2632614394789714e-03	 1.3409239156568454e-02	-2.3945252532631030e-03	-2.7510431414042632e-03	 3.4741010035420706e-03	 6.3795030583774035e-03	 1.4123660200304741e-02	 1.0587962848138245e-02	 4.7867110975484553e-03	 8.2577076475966668e-03	-9.3647113057154297e-04	 5.6860851437683687e-04	 2.6260237405645475e-03	 1.9391706831076510e-03	 2.4245861045890148e-03
-6.5546532435247721e-03	 4.7255823090728115e-03	 2.9258053847804437e-03	 5.6307580867118769e-03	 1.2969113487354324e-04	 1.9807259639331694e-03	-5.4360411396470517e-03	 1.0683134999816126e-02	 7.7524670155681725e-03	 1.3166209172174596e-02	-1.0145283090169602e-03	 3.1343160528984112e-04	 1.1117436326332233e-02	 6.0291598286196888e-04	-3.8792097839982678e-02	-9.4728826247873349e-03	-6.8994102237215056e-03	 1.2564861508969384e-02	 8.4588391812705863e-03	-1.7128073110470508e-02	 7.4277090584121859e-03	 1.3658897221813009e-02	 3.4521203189366396e-03	 1.1359811043129414e-03	-2.0188316003217945e-02	 2.8076380575056688e-02	-6.8861824506146418e-02	-3.1547844406833392e-02	 5.6291689891433835e-02	-7.1323487217690336e-03	 7.6940271316616486e-03	 4.0492480247653149e-03	-4.1585863354287687e-04	 8.8525702401830268e-03	 1.4175109966737303e-02	 2.9472270416944311e-03	 4.9911375807730279e-02	-2.9664676846070576e-02	 1.5894211004857758e-02	 4.9614761515601832e-02	 1.6169914279843295e-02	 2.2274968946494264e-02	-6.9309877885410862e-03	-4.4592331236410054e-03	-8.8585752281417182e-04	 1.6228810569692911e-02	-7.6885623297250349e-02	-2.2767204045305932e-02	 6.1747518554354439e-03	-9.3100155696530275e-03	-4.1212887307567600e-02	-4.9232517870790929e-02	 1.4222827065837301e-02	 1.3630443430856721e-02	 2.0773351152781959e-03	 5.8995025457890737e-03	 1.5145032888327477e-02	 5.8851563386579635e-03	 5.1213271294202570e-02	-1.3393789624914124e-02	 1.4999273055652277e-02	 4.4586236155419373e-02	-1.0324024741146118e-02	 1.1598728295564398e-02	 5.1887922899086034e-03	 2.0414209648422963e-03	-1.5222984640897083e-03	-2.5184275164654084e-03	 5.8809831701479038e-03	 4.5041954849903906e-02	-4.8831307407541720e-02	 2.5259531584699993e-03	 3.8561995124064108e-02	-1.1063055776596695e-02	 7.4776391375618477e-03	 1.1863933758871976e-02	-1.3908459625942035e-03	 4.1399299386199635e-03	-7.5689424517471713e-03	 6.2162120741864526e-03	-2.7437703683119340e-02	-9.0168475493741535e-03	-7.7047019573644494e-03	-9.4645215340283056e-04	 1.6789847491423242e-02	 7.1625463253381857e-03	 5.4070661247021361e-03	 8.5397044596596805e-03	 1.1589786830201749e-02	 8.1812070819426048e-03	 1.0223270622465572e-02	 1.3872875548455382e-02	 3.8970627797345028e-03	 5.4680021879046116e-03	 3.7493262934651279e-03	 8.9604808204772689e-04	 6.4180135964141084e-04
-1.0791052388349702e-02	-1.2070959204884515e-02	-5.6348497364796957e-03	-7.5144637881759159e-03	-1.4545608790673242e-02	-6.9856552267015017e-03	-6.9538914357888826e-03	-5.9712000884597216e-03	-4.8659256226430163e-04	-1.5600737771358699e-02	-8.1248581562518504e-03	-6.2794452454075951e-03	-2.4394735964381330e-03	-1.9643126955834388e-02	-1.0752699821882152e-02	-5.0531123768375388e-02	 5.1176925981450225e-02	 2.1629457821909830e-02	-2.3246873776330609e-02	 1.4039524338756871e-02	-1.0500221953652382e-02	 8.4687767066390831e-04	-6.5456677213079299e-03	-1.5098629830133856e-02	 1.1791090877765663e-02	-5.2108696846849420e-02	 6.9572938810040829e-03	-2.3209508120213313e-03	-3.2574589799155049e-02	 2.2043666872007366e-02	-1.1416883498474490e-03	 1.1475603808340623e-02	-4.2133866331150061e-03	-8.6661273967630448e-04	 1.4915785348680825e-02	 4.8239776022907771e-02	 6.1635041724364386e-03	 6.1702068646829322e-03	 5.4740984771275477e-03	 8.7320457731023086e-03	 2.3780573707098074e-02	 6.6233541682742762e-03	 7.4957771295546009e-03	-3.5195777226551040e-03	-4.3123342427138032e-03	-5.4952882581130943e-02	-2.9992284734789057e-02	-9.3090128814953162e-03	 5.0489845449257775e-03	-7.2775056836704502e-03	-4.1483315639597113e-03	-6.0891059320604207e-02	-4.4507653121344998e-02	 1.0026519436346294e-02	-8.3117044762094085e-04	-1.4140892858573693e-04	-9.6702467480908603e-04	 4.3932419876840545e-02	 8.2869470282884057e-03	 2.0135921703530214e-02	 1.4771072234594000e-02	 2.7407218492920406e-02	 3.9750577094090980e-02	 1.3064582346714097e-02	 5.5291033635722665e-03	-3.2947372507176045e-03	-9.5774235363044972e-04	-4.5628290740893779e-03	 2.5532213427621762e-02	-2.6030294586815869e-02	 4.3126085421955852e-03	-2.4994017806340384e-03	-2.9182657675213563e-02	 4.1026423998213074e-02	 1.7074952425537545e-03	 7.8698733146489357e-04	-1.6836217845612035e-03	-1.5830674643935450e-02	-9.0784634081111856e-03	-3.4677690171378561e-02	 3.1278201763886099e-02	 1.7773159951140146e-02	-2.1403694484038442e-02	 1.1131909216075916e-02	-7.9944866449224161e-03	-1.6233945153081518e-03	 4.1105281525349209e-03	 2.6828145289191771e-03	 2.0557047888471826e-02	 1.2632374537496625e-02	 3.6091621315997022e-04	 3.8006613786326191e-03	 2.1836628883333478e-04	 5.0756581836026238e-03	 6.1969688443187527e-03	 1.7979153301637798e-03	 8.9957558957170657e-04
 1.2549666641986170e-02	 1.4916385338684331e-02	-7.6083733902984618e-03	 3.9421968870155240e-04	 4.3739955353111802e-03	 1.2139021490896370e-02	 1.7612853334886024e-03	 3.2717572745254567e-02	-4.5854642372309289e-02	-2.1407255932872300e-02	 1.6791217538588976e-02	 8.0752299576631759e-03	 8.5466405301598287e-03	-1.0594805374409088e-03	-4.2708242511152544e-02	 5.9814129709058438e-02	-2.2802201990442569e-02	 7.2054555186167627e-03	 3.8228316381984241e-02	-1.5989916508769957e-02	 7.4632643213247765e-03	 3.3491015547130456e-03	 1.8768114755423361e-03	 3.6611406920904879e-02	-2.7431955130745429e-02	 1.2891654475710938e-02	-5.5230921432806081e-06	 1.8912777677153863e-02	-2.9543265124711959e-03	-3.1388776377339806e-03	 2.2803623090204485e-02	 8.5432790742654505e-03	 4.8334256597584035e-04	 9.2994828731790512e-03	 5.7938851269238603e-02	 3.0694473823572571e-02	 2.0287886047498149e-02	 1.4863793966493736e-02	 7.5538414149006940e-03	 2.8268775981391387e-03	 7.4711220777350937e-03	 2.5570803194636057e-02	-5.5712258992826440e-03	-1.0657579882100698e-03	-1.8655096410017245e-02	-4.6638014818736515e-02	-7.4913947656337493e-03	 1.2243599572584550e-02	-1.8380162261297406e-02	-1.2284381745329918e-02	 6.0195379897548182e-04	-1.9862047939696523e-02	-4.6920481865785665e-02	-2.4025913317793777e-02	-3.7488588965193534e-03	 4.0220150487390704e-03	 4.5832813514738710e-02	 1.1869571806024569e-02	 7.7864919655911587e-03	-1.5864366236684885e-03	 1.2038450759023716e-02	 5.8265510466608333e-03	 1.7287223660635148e-02	 1.7165548498226782e-02	 5.3532924027632715e-03	 2.3383553917285214e-03	 9.1807663316820689e-03	 3.3755989913895973e-02	-3.1707843360882219e-02	-1.4986157053109532e-02	-1.4199605640339775e-02	-1.5321335774560171e-02	-2.1981265306031367e-02	-1.2627159027557216e-02	 3.1060587847007142e-02	 9.1624284165684466e-03	-4.9301322279062323e-03	-1.9363433737341420e-02	-3.9530755507603106e-02	 1.8498972655463526e-02	-2.3745052311103968e-02	 2.2929699515361382e-04	 3.5464780542298516e-03	-3.6531046628489147e-02	 6.1128253682372876e-03	-6.6856543490163064e-03	-5.2575513439587452e-03	 1.0392455580822746e-02	-4.4328584419114372e-02	-1.4079982243325590e-02	 2.5560145511264582e-02	 4.9958651750596356e-03	-6.3720851716739350e-03	-6.5497175492274864e-03	-1.1349319396108618e-02	-8.2850054938776781e-03	 2.7039379356310284e-03
-4.9378417683348212e-03	-1.4691900888158081e-02	 1.5084541841828659e-02	 1.0454825859589494e-02	-2.1933168880992129e-02	 2.5672604581661845e-02	 7.5265782828591926e-03	-5.2033477924899943e-02	 3.7856870519051698e-02	 8.4327636496527164e-03	-4.0685019891859062e-02	 2.1225850368116125e-02	-9.1501075587692403e-03	-2.9628360714485994e-02	 2.3291808878148700e-02	-3.7347909297513901e-02	 5.5757829702270216e-03	 1.7706240137558644e-03	-6.0612215176971780e-03	 1.2529194330489679e-02	-3.6775443121028525e-02	 1.9058488875905083e-02	 4.0646165055450656e-02	-3.2842987026323106e-03	-1.6222959242357154e-02	-3.6507229020267734e-02	-1.7580880732692015e-02	 3.0061411222348892e-03	-1.0080852940743195e-02	-9.0534337361192572e-03	-8.2104232627360288e-04	 2.0717846146148779e-02	 6.8404335826531184e-03	 4.4913988524645385e-02	 4.0555668320435098e-02	 1.7456005883734842e-02	 1.2519104661347879e-02	 1.6950987437309721e-03	 2.0207572748672638e-02	 7.9244936057267408e-03	-1.8443315072422220e-03	 3.1411327465904776e-02	 1.1351493822290067e-02	-1.6966348246301558e-02	-5.1682550622662221e-02	-5.1682918514830696e-04	-1.9756808920536203e-03	 9.8822474910233802e-03	 2.3409205792854326e-02	 8.8905840355326914e-03	-1.0561402619494197e-02	-2.0140484276336086e-02	-2.2794340986425177e-02	-9.9729840863025422e-03	-2.6462717001030436e-03	 1.4372152649094583e-02	 1.8431038750141134e-02	 1.7426074472989876e-02	 1.2315979166168385e-03	 1.6744133561490727e-03	-2.2081210860474313e-03	-8.9002375145706813e-03	 4.2149807571097396e-03	 2.1844260962317529e-02	 2.5551471923783563e-02	 3.3022826130482894e-03	 1.9878429070990453e-02	-1.5836504052864155e-02	-1.8871283954631120e-02	-1.3394914060044729e-02	-1.7610091501956839e-02	-3.8939266026886041e-03	-1.1977289022040542e-02	-9.5092164712752923e-03	 2.8194038567378099e-03	 9.4758735970459813e-03	-1.8477594144299087e-02	-2.3251238388142512e-02	 2.6552721178271413e-02	-1.9931841618580200e-02	 1.0518343199197606e-03	 1.2097035673428052e-02	 8.5501547231390607e-04	 1.9838857058066532e-02	-3.1359957683415256e-02	 4.3094739287604360e-03	 6.8710282138254039e-03	-3.1741712304743451e-02	 1.8795542347080786e-02	 1.8714161980101902e-02	-3.1499397370220818e-02	 3.5388778130874210e-02	-6.7777859902196447e-03	-1.3295344455421989e-02	 1.7165869947751666e-02	 2.7659602287090444e-03	-2.1485742644175906e-02
