-1.1342782281275199e-01	-8.1120287308140998e-02	-4.2190008798980118e-03	 5.1002349226135966e-02	 6.7724162032659727e-02	-4.2246277590491110e-01	-2.6995003614185997e-01	-2.5729699703964826e-01	 4.1483095927886959e-03	 2.1754335847542372e-01	 3.2413952728290485e-01	 3.7476589945664884e-01	-6.9033078065429176e-01	-7.2567894811516021e-01	-6.4300413023017500e-01	-3.8482292269853169e-01	 4.3129439511223333e-03	 3.8551631012168058e-01	 6.0586059870444287e-01	 5.8250419403705722e-01	 5.3246005331282775e-01	-6.3756709594375760e-01	-8.8895113976417828e-01	-1.0850473159826253e+00	-8.0682146521457798e-01	-4.5462521030587888e-01	-2.8636882014696410e-03	 4.5083734299279649e-01	 7.7140357002375581e-01	 7.8922575186377175e-01	 6.5260568328001367e-01	 4.4725675027517287e-01	-6.7003292305909490e-01	-1.1378277570515500e+00	-1.2434874116138519e+00	-9.1055824127058693e-01	-4.4559613169785295e-01	 1.1299614815808273e-02	 4.9464372481559277e-01	 7.9871373832933290e-01	 1.0079889973979554e+00	 9.7076729470082657e-01	 5.0406164145528287e-01	-7.6408574398453699e-01	-1.2178620248816356e+00	-1.2636087329330192e+00	-9.2772675212893452e-01	-4.5470831076836460e-01	 1.0899041952710914e-02	 4.8841067252536230e-01	 8.8847054649177615e-01	 1.0928166222759093e+00	 1.0603033636807071e+00	 6.2124175842210350e-01	-6.9640688638409509e-01	-1.1073426642522413e+00	-1.1784273268801040e+00	-8.9972275679050795e-01	-4.1131662033093963e-01	 5.7263283589423238e-02	 4.5558950636014384e-01	 8.6329389719894656e-01	 1.0311984884282097e+00	 9.6512803323052654e-01	 6.1502171340046718e-01	-6.2549638689313936e-01	-8.6416397161705327e-01	-1.0053454592319813e+00	-8.5103856063688066e-01	-4.6662107709904588e-01	 1.2251401640616923e-02	 4.5093847668417220e-01	 7.7746138692947020e-01	 9.2580131842876390e-01	 8.2403276467755249e-01	 5.4887230937861953e-01	-7.2195306120762215e-01	-7.2898653790909329e-01	-6.7926085829943994e-01	-3.6193088298652770e-01	 1.8784632505979539e-02	 3.8982930066540544e-01	 6.1444810021701368e-01	 7.1112627917551108e-01	 7.1047683358173774e-01	-5.2680300592167184e-01	-3.8881531684719262e-01	-2.2938885020722621e-01	 1.4680458085520345e-02	 2.7221948404240814e-01	 4.1338708135228253e-01	 5.1697223944331783e-01	-1.8998830590763943e-01	-1.1480532478606614e-01	-5.9457496818615240e-04	 1.1687799316077788e-01	 2.2176621493248289e-01
-3.5372754467173440e-01	-4.2367012819092575e-01	-4.2122756180691689e-01	-3.2315497211356775e-01	-1.9418598644174540e-01	-5.4298853535310543e-01	-5.7955968570748184e-01	-9.4276786274703894e-01	-1.0236513112376686e+00	-8.8902271462533533e-01	-6.7635332950339266e-01	-4.6451360220436833e-01	-5.1671947080474367e-01	-7.2715327806164232e-01	-9.9455181195498610e-01	-1.2028773219819870e+00	-1.1760420013840893e+00	-1.1292223857231047e+00	-9.7848219429635885e-01	-6.4179939283781262e-01	-4.3827004799229596e-01	-2.8058528923350368e-01	-4.3079658645665359e-01	-7.1351063149702743e-01	-8.3677450250313190e-01	-9.4540905665858233e-01	-9.5844803120564692e-01	-9.5902312178244675e-01	-8.3608541613067411e-01	-6.3256531187914600e-01	-3.5893256545887453e-01	-1.8389437723401958e-01	-1.4560821142389990e-01	-2.9545737507511588e-01	-4.2485310979124558e-01	-5.1531496451890191e-01	-5.3783414865288559e-01	-5.5523357288167707e-01	-5.4682418591769366e-01	-5.0744600118898631e-01	-3.8934687961898734e-01	-3.1495576174387513e-01	-1.2359101702289563e-01	 2.4047650928343451e-02	 2.6770255598917252e-02	-2.9072331667553779e-02	-5.2636964295126695e-02	-6.5573848138792051e-02	-6.0023445187569940e-02	-9.2248841436535223e-02	-4.5168406392896251e-02	-9.0664024323967585e-02	-6.2709037200214077e-02	-4.7103878383708185e-02	 1.1420539912462133e-01	 2.5461278340285742e-01	 3.9512174449796528e-01	 4.0867333976263598e-01	 4.1079433811324212e-01	 3.7207890804275523e-01	 3.6590034987543285e-01	 3.0212771839136660e-01	 3.1464250285111239e-01	 1.7442499274874734e-01	 5.6308337602400581e-02	 2.6326466372322094e-01	 3.9656654456065032e-01	 6.7816692579614724e-01	 8.2562566910130941e-01	 8.6358457543601164e-01	 8.4287312856684637e-01	 8.0974160882341328e-01	 6.9208680011095081e-01	 5.8624024678448849e-01	 3.4180311307903483e-01	 1.6606444720306110e-01	 5.2979602255742941e-01	 6.9639832752653952e-01	 9.9637782001818764e-01	 1.1318512729654828e+00	 1.1905443391559509e+00	 1.0848248302608110e+00	 9.4646306304414884e-01	 6.7392826273605511e-01	 5.2259821550354024e-01	 6.7439328050166836e-01	 8.3026936001454832e-01	 1.0113034994858798e+00	 1.2678429345727953e+00	 1.0771230335435960e+00	 8.3766551358170760e-01	 7.1871489419528778e-01	 5.6055669617279669e-01	 6.7052964558470618e-01	 7.6477428342526466e-01	 6.8765152844846456e-01	 6.2390586114874136e-01
 2.3388454542085296e-01	 1.5034098147796254e-01	 1.9284809333494485e-02	-9.1913727736992690e-02	-1.3085613106863578e-01	 6.0177389547786131e-01	 4.5785058691791780e-01	 3.9848404430354900e-01	 2.7728298464951277e-02	-3.7799335167345799e-01	-5.2458841923438215e-01	-5.1634219162928308e-01	 7.1564712678419551e-01	 9.0951298181181284e-01	 8.9312159659752632e-01	 5.6337504376910441e-01	 1.9149226642255789e-02	-5.3301292164533343e-01	-8.2467417914845154e-01	-7.7850425480982821e-01	-6.0917528366056950e-01	 4.1503387095608046e-01	 7.0076782808092131e-01	 9.6844428835152785e-01	 8.1572583700981527e-01	 4.6935565664620621e-01	 1.1288126793970402e-03	-4.4680528044718204e-01	-7.7015508342906136e-01	-8.0808178370491113e-01	-5.9776863736063912e-01	-3.1332332634291205e-01	 2.4318652883609254e-01	 5.0027800750208318e-01	 5.9558854017875207e-01	 4.8786888116384086e-01	 2.7736491836842897e-01	 1.2812619060117911e-02	-2.4358360767290926e-01	-4.3885508180643407e-01	-5.5305172105918865e-01	-5.0127440906911036e-01	-2.3267463571227304e-01	 1.0840425946675697e-02	 1.0808863230495586e-02	 3.8600077322156479e-02	 4.7546492491618964e-02	 4.0573717303534013e-02	 1.2712745840273425e-02	-2.4434552914075508e-02	-4.9697253475257858e-02	-1.1185383987098962e-01	-1.1814757647908117e-01	-6.8266875628430868e-02	-2.1801910257153159e-01	-4.3231789649416663e-01	-5.3019345935928497e-01	-3.7872042723154420e-01	-1.8184202867633942e-01	 2.1492502268387392e-02	 1.9981916241853778e-01	 3.4762271169530723e-01	 4.1278686662304398e-01	 2.8885025936054853e-01	 1.1554504809090788e-01	-3.9625962931710218e-01	-6.5090416882005830e-01	-8.6064304059803809e-01	-7.2718165932770296e-01	-4.0179022281532700e-01	 1.7130575493941511e-02	 4.2500057473408237e-01	 6.8407593249386522e-01	 7.7782035767703794e-01	 5.5172286520189195e-01	 2.9275660774156154e-01	-7.7209558128951994e-01	-8.7777375298496496e-01	-8.8490430027177669e-01	-4.8683292586363430e-01	 2.9315941643346111e-02	 5.2931525968102378e-01	 8.3778365595596338e-01	 8.4255159734470553e-01	 7.0199774415065219e-01	-7.2688343326097615e-01	-6.3500358973009319e-01	-3.9419990902104751e-01	 2.4310495940458494e-02	 4.5566738780011584e-01	 6.6677680272118311e-01	 7.3523953367187889e-01	-3.2310548411735074e-01	-1.9847276959809504e-01	 6.4163371160003918e-03	 2.0940615723954331e-01	 3.7822838851435092e-01
 1.8925982789834703e-01	 2.0211247767229429e-01	 2.0690660203402922e-01	 1.6633806714608507e-01	 1.0812200670516930e-01	 3.1193747439220126e-01	 2.6281145582904092e-01	 3.4209410538590113e-01	 3.4744459951296192e-01	 3.4233786347992706e-01	 3.1458335040013774e-01	 2.7958765073010006e-01	 3.8000839353778415e-01	 3.7266064662355625e-01	 2.2280904458677672e-01	 3.2939770281695008e-02	-5.7619271348969964e-02	 6.2062022235824084e-02	 2.4655148517847697e-01	 3.4719663611849949e-01	 3.3162065816839192e-01	 3.2117260787849877e-01	 4.0378911958512809e-01	 2.7101453629107719e-01	-1.5303570773456543e-01	-5.2958299888116378e-01	-6.2397320983160720e-01	-4.8466561577559375e-01	-1.3573217036399154e-01	 2.2163189002570943e-01	 3.3277070637371886e-01	 2.2106285552813687e-01	 3.3887866835828317e-01	 4.1873388039216930e-01	 2.3768649128004492e-02	-5.7731398220464214e-01	-1.0260529851105695e+00	-1.1171119123389348e+00	-9.6074837226517085e-01	-5.2004653657076638e-01	 1.4724937989888526e-02	 3.5903817648808545e-01	 2.4856755257438634e-01	 3.5524165702521404e-01	 3.8744182657661924e-01	-8.7735777092218165e-02	-7.7908515414545332e-01	-1.1390132395722730e+00	-1.3599242662498203e+00	-1.1650968958264283e+00	-7.2798121077036060e-01	-1.4640984118547973e-01	 3.2971224181223519e-01	 2.8885169704038482e-01	 3.3043708603695116e-01	 3.9733454350245689e-01	-1.4237413118540925e-03	-6.3695955097227952e-01	-1.0652324532017390e+00	-1.2023828730918278e+00	-1.0450898631465904e+00	-6.0097327934733080e-01	-4.4322618172867673e-02	 3.1635291764787210e-01	 2.7624298944584857e-01	 3.2033578869037882e-01	 3.8697190897189254e-01	 2.0690145247351061e-01	-2.7282604294842494e-01	-6.2123710130418397e-01	-7.9414329151912832e-01	-6.6939778310342612e-01	-2.6697841296110258e-01	 1.5351720055904328e-01	 3.3249041662593282e-01	 2.5006921740683874e-01	 4.2575150492144148e-01	 3.4763864010770368e-01	 2.2331388049482456e-01	-3.5780298116637146e-02	-1.5069481256246170e-01	-7.4992392671347025e-02	 1.4899069329479117e-01	 3.3833244456379929e-01	 3.6941945171988377e-01	 3.9548248370122074e-01	 3.8271431250504961e-01	 3.5944155665936717e-01	 3.8104775567305305e-01	 3.7204227966414782e-01	 3.7183742624355753e-01	 3.9888727405648228e-01	 2.9670030521414098e-01	 3.3567734560195650e-01	 3.6279768179367056e-01	 3.3918394224143389e-01	 3.1759920710100276e-01
 2.4037893622211576e-01	 3.4345412446696388e-01	 3.9949128804576872e-01	 2.9390165874872520e-01	 1.3993932556104982e-01	 1.1269988421852067e-01	 3.3969031124942095e-01	 7.4989119674197457e-01	 9.1229762074502796e-01	 7.2361327329657699e-01	 4.2766161804079217e-01	 1.4725388031115208e-01	-2.2749444845682715e-01	-3.1080272851876981e-02	 3.5697038316931168e-01	 7.5531084838908313e-01	 8.3636899712000101e-01	 7.3368067167267170e-01	 4.1665407097623353e-01	 5.7646936806748802e-02	-1.2474859376280337e-01	-4.4114848101979964e-01	-5.4768909142004407e-01	-4.1063810930193284e-01	-1.4493801868319136e-02	 3.4803330741051330e-01	 4.9895737238367632e-01	 3.7839517693340974e-01	 5.3211185852519612e-02	-2.1707047952461730e-01	-3.7963953525038008e-01	-2.5995392992058852e-01	-6.0903375239796920e-01	-8.9588122568753414e-01	-7.5656271834416322e-01	-3.3423214681702151e-01	 3.7723373160253770e-04	 1.2985705028967248e-01	 1.8590120919374072e-02	-2.5365276783264851e-01	-5.8805125147385029e-01	-7.3785631094399851e-01	-4.2221394586809702e-01	-7.0459898334686522e-01	-1.0731814001113837e+00	-9.0507190124317960e-01	-4.7521665225104742e-01	-1.3910942312646940e-01	-1.5773612606788837e-02	-1.3250282751954590e-01	-4.2546292934661445e-01	-7.6193869259469582e-01	-9.1260388705301376e-01	-5.6005057008776749e-01	-5.8852303103119297e-01	-8.8208105663453251e-01	-7.7283397770293871e-01	-3.5230868019894396e-01	-2.6127063264342339e-02	 6.2150449934459839e-02	-4.0393864722620021e-02	-3.5828857010841997e-01	-7.0921067047632913e-01	-7.8225428757554183e-01	-5.3642057145521616e-01	-4.2116995022302439e-01	-5.5184694257615297e-01	-4.1068837288131432e-01	-5.0994635544079139e-02	 2.7344990389162971e-01	 3.5908191001820389e-01	 2.3310963943201451e-01	-8.3398514271995378e-02	-3.9836498764845851e-01	-5.2691397375469839e-01	-3.8637829690280223e-01	-2.1618068114566766e-01	-1.4213804920306754e-02	 3.2106048982880786e-01	 6.6501623452333303e-01	 7.8739570590861208e-01	 6.3147407585833670e-01	 2.9528467649476420e-01	-3.8402971290278740e-02	-2.4294159399459372e-01	 2.0229344665693533e-01	 5.1332655825183249e-01	 7.9661036285334330e-01	 1.0618181854504907e+00	 8.4447990054740285e-01	 4.9502802610011537e-01	 2.1666155363186840e-01	 3.9174635063243368e-01	 5.7757271553843759e-01	 6.8917052010969515e-01	 5.9133568690685179e-01	 4.3501157750771680e-01
-2.3853441139812426e-01	-1.8119121863380122e-01	-1.7348947891003729e-02	 1.1945491743408858e-01	 1.4204355984519687e-01	-4.3178058269560715e-01	-4.6343401515784743e-01	-4.6169647146747428e-01	-3.6388069034680226e-02	 4.2591401174041282e-01	 5.4154983664450440e-01	 4.0324571533200448e-01	-1.9759791395627113e-01	-5.0384023775576536e-01	-7.0539820921746066e-01	-5.3057729095442374e-01	-2.6246086929101943e-02	 4.9276510109230132e-01	 6.9253229902916591e-01	 4.9278966748582109e-01	 2.3526851803167953e-01	 2.0087208927075192e-01	 1.4291906951108718e-01	-1.4265545668207946e-01	-3.5785996042113333e-01	-2.9738507809480030e-01	-5.7795244336839432e-03	 2.7547278737801850e-01	 3.6685161638538621e-01	 2.1728040850507052e-01	-3.2763986671195656e-02	-8.8415388210559623e-02	 4.5021196924853013e-01	 5.8888214439862629e-01	 3.5697323930150382e-01	 4.7048131648277147e-02	-6.5854265329519324e-02	-7.7621262302582615e-03	 4.7660577884956243e-02	-1.5206551033733428e-02	-2.5427283524775257e-01	-4.6293521116089142e-01	-2.9171554907415947e-01	 5.6255046356781779e-01	 8.5443235659451244e-01	 6.0328942134401897e-01	 2.3049027584269560e-01	 4.4592664833232182e-02	-4.4636971919375492e-03	-3.8692868445006738e-02	-2.0486345967880659e-01	-4.9376257248836086e-01	-7.2071532427967333e-01	-4.5192564995343665e-01	 4.3187153789452676e-01	 6.0943378015136551e-01	 4.1245706231676454e-01	 1.0112168930395060e-01	-1.5698679910608856e-02	 6.3736112970275340e-03	 2.7334710747871915e-02	-1.0722488363433005e-01	-3.8844150573920133e-01	-5.7944761702183112e-01	-4.0979748063927512e-01	 1.8952505192247032e-01	 1.7108146961141535e-01	-7.8079071668962635e-02	-2.5562369370458343e-01	-2.1939139734840107e-01	 1.8047999769663453e-02	 2.3427407072331305e-01	 2.4145639084258302e-01	 4.3202292753298080e-02	-2.1614093176016180e-01	-2.0657168139324567e-01	-2.2748227185740577e-01	-4.8546670945691217e-01	-6.5914686494089636e-01	-4.3297707513098538e-01	 3.3138062110868158e-02	 4.6336079580511041e-01	 6.1930254798483775e-01	 4.3392904871571170e-01	 1.6700478676324274e-01	-5.5545843658032190e-01	-6.4364939642488139e-01	-4.4418397604199272e-01	 3.8477082658970915e-02	 5.1084671639356882e-01	 6.6412215574881417e-01	 5.6615873603701994e-01	-3.4077424654274091e-01	-2.2626812678447356e-01	 2.2978721262195096e-02	 2.5606798654148599e-01	 4.0415028102990352e-01
-7.1006457245445159e-02	-3.9958723602784546e-02	-7.3252982733345243e-03	 2.1270914226478616e-02	 3.7670527637541640e-02	-1.7049375392597710e-01	-8.9850211468503471e-02	-4.4241530101377047e-02	-8.1492340860475753e-03	 3.7153451145981099e-02	 9.5250035930731808e-02	 1.5193551529626587e-01	-2.4372925861785161e-01	-1.5142268526190372e-01	 5.3084332386154211e-02	 1.2975806587401162e-01	-8.5806377557080711e-03	-1.2657204075185127e-01	-4.4656004406482312e-02	 1.4834262740939178e-01	 2.2028678201789176e-01	-2.4068793826683210e-01	-2.4331646677521401e-01	 6.8208478290474411e-02	 4.3712146253664852e-01	 3.9436344366983822e-01	-2.4578471496278634e-02	-3.8704738539949080e-01	-4.1401671616757302e-01	-4.2827652684174169e-02	 2.0969980558416895e-01	 1.7748895380933238e-01	-2.6556360878526275e-01	-1.8227825297341715e-01	 4.4662444792171097e-01	 8.3459441225869802e-01	 6.3947700148131514e-01	-1.1342786138221182e-02	-6.0531979618794896e-01	-7.4223710120638819e-01	-3.7497781607294173e-01	 1.6251319551955945e-01	 2.0121349673076250e-01	-2.7853293044139538e-01	-1.2589553455889885e-01	 5.9000520192881212e-01	 1.0360371126245429e+00	 6.9535560946505481e-01	 4.2091853752073589e-03	-6.7772437818895193e-01	-9.5085910997224177e-01	-5.8722490934849980e-01	 9.8760636908145613e-02	 2.3634213465143494e-01	-2.5850371609096245e-01	-1.6789996874510460e-01	 4.6512926638235041e-01	 8.8679070059480414e-01	 6.2174648664485344e-01	-4.7841323385628175e-03	-6.1415112775188008e-01	-8.4336343824538462e-01	-4.6548186463942920e-01	 1.2284555552719029e-01	 2.1827348213044889e-01	-2.4269046600006566e-01	-2.2301554425770548e-01	 1.5367149076552733e-01	 5.5655336896169949e-01	 4.4452998022055351e-01	-8.5063071029641262e-03	-4.5569840269420792e-01	-5.2318511778059462e-01	-1.5331727481831142e-01	 1.7983544072097291e-01	 1.9665335801066311e-01	-2.6791512984355303e-01	-1.0953250113004528e-01	 8.4200350849894925e-02	 1.6288688845388652e-01	 1.0154584499047676e-02	-1.6792328130841266e-01	-1.0905733859031982e-01	 1.0758102157977348e-01	 2.3040617745916611e-01	-1.9594149675639377e-01	-1.0700588445168141e-01	-3.1998249245953819e-02	 9.1158162303204872e-03	 4.3310834507317778e-02	 1.1843354781818922e-01	 1.9443172550974835e-01	-8.8226250384751126e-02	-4.2929779474114207e-02	 7.6075534413781194e-03	 5.5451227382340165e-02	 1.0267570651883871e-01
-1.5192609528795106e-01	-1.6715126421454768e-01	-1.6633905091315523e-01	-1.3071477717550545e-01	-8.5472204437684107e-02	-1.9186621712387636e-01	-1.5505473555081817e-01	-1.5431538909834744e-01	-1.2634351520760970e-01	-1.6018776119968250e-01	-1.9634423318032437e-01	-1.8893495490307832e-01	-1.7465422708865100e-01	-1.3337015274831593e-01	 1.2010773810901289e-01	 4.4535739699764054e-01	 5.4569649943291432e-01	 3.8074527694260252e-01	 8.2860765565240191e-02	-1.4853435407151822e-01	-1.7500144313107369e-01	-9.6090128706129666e-02	-1.2262143492284576e-01	 5.4427765704395947e-02	 4.7006716577964791e-01	 8.5525211287530789e-01	 9.7483710843877491e-01	 8.2549077960461992e-01	 4.6318190013620020e-01	 4.8511898322679964e-02	-1.1520279480859508e-01	-8.1451487829419730e-02	-4.8676169227461305e-02	-5.0891057162870970e-02	 1.5554586437637274e-01	 4.5218494244582885e-01	 7.1696287801500536e-01	 7.8314335219805087e-01	 7.0561614815548479e-01	 4.8380573289028428e-01	 1.7289095398184701e-01	-4.2084134193748769e-02	-4.6357869616474354e-02	-4.5155361974519147e-03	-6.6507213530556195e-03	 4.8650230549958252e-03	 3.4374889981788767e-02	 1.0258515834943197e-01	 1.1305115185458958e-01	 1.1901969626927703e-01	 9.8845937322373817e-02	 6.2912265704359510e-02	 6.1224722870989500e-03	-1.0202748752401883e-02	 5.0487693939023019e-02	 3.2546129740305227e-02	-1.6445986933714779e-01	-4.2680898687167462e-01	-6.1031944783058456e-01	-6.1424648181975650e-01	-5.4697100956881972e-01	-3.3042396069729896e-01	-1.1826362955004559e-01	 2.6431843987114179e-02	 3.1923175763726913e-02	 9.3962213807617129e-02	 1.0448664230809293e-01	-1.1238544835538095e-01	-5.4290061231998377e-01	-8.5825170240416870e-01	-9.7251843650285785e-01	-8.4895030658071846e-01	-4.8349605499600329e-01	-1.0261326247297337e-01	 8.3210489890250608e-02	 7.3784421742969050e-02	 1.9420577893281193e-01	 9.9538010924405756e-02	-1.3468219158061229e-01	-4.9991671565503093e-01	-6.6024957632963066e-01	-5.3067378944295174e-01	-1.9469946213323600e-01	 9.0778440556837106e-02	 1.6234834595842443e-01	 2.6193012526225828e-01	 2.2408128926146487e-01	 1.4132987730301338e-01	 8.6350462595158176e-02	 1.2289476002858460e-01	 2.0250345452482127e-01	 2.4421560585228480e-01	 2.3324519845582098e-01	 2.7682754482436162e-01	 3.0139513409068774e-01	 2.7322925018708843e-01	 2.4810228468205825e-01
-1.1186120175772460e-01	-2.6064647034911709e-01	-3.2931214094700623e-01	-2.2023375935286102e-01	-6.3149278241438331e-02	 2.3916673084774512e-01	-7.1559094797704476e-02	-5.1603735811917040e-01	-7.3275852863475643e-01	-5.0484107387202370e-01	-1.2827102612162261e-01	 1.5747124641209581e-01	 5.7023579136890878e-01	 5.5545712010718806e-01	 1.6337836617864521e-01	-3.6269280843572138e-01	-5.5271336387593961e-01	-3.7781157933250153e-01	 5.4544471867108799e-02	 4.0027022910360455e-01	 4.4808062429599799e-01	 4.3142745338944233e-01	 7.1513294392928273e-01	 7.8589234846409695e-01	 3.7822545004372071e-01	-4.9753208763366641e-02	-2.4248022003636191e-01	-9.1996537212569382e-02	 3.0193774697229137e-01	 5.8410699049800874e-01	 5.7718543279239054e-01	 3.1544456463292403e-01	 2.8211196656834325e-01	 5.7050331198344961e-01	 5.4969579409168812e-01	 3.1094928080582218e-01	 7.7416258552279515e-02	-3.4069704624241241e-02	 4.7375792542615675e-02	 2.4655630230375333e-01	 4.9595408825151499e-01	 5.5658022679796626e-01	 2.6032123662567136e-01	 2.4262268602503814e-02	 2.4304190961587091e-02	 4.5499350129396134e-02	 3.8834853495627639e-02	 2.3002581981237898e-02	 5.8506085838062379e-03	 6.9825366335033098e-03	 3.1033962375939542e-02	 9.6906612149042920e-02	 1.2057584967733015e-01	 7.7308383896818725e-02	-2.5585148111309386e-01	-4.8537079682780082e-01	-4.8591879355173578e-01	-2.3158036618447120e-01	-4.1448167559647392e-02	 1.0152426713082755e-02	-6.2873732585799383e-02	-2.3523975541569947e-01	-3.9842881066394553e-01	-3.4898974878298900e-01	-1.5316044613778163e-01	-4.0255737730742158e-01	-6.5911621376785390e-01	-6.9175223967080135e-01	-3.3151037582466858e-01	 2.3832551486342501e-02	 1.3580776133854833e-01	-8.1701427822085081e-03	-3.5180169929515115e-01	-6.4668770251422081e-01	-5.9880295661828531e-01	-3.1905633465441641e-01	-5.8665995423062978e-01	-5.0349240040557031e-01	-1.8682988935162959e-01	 3.1419440197070148e-01	 4.7645126751726219e-01	 2.5727773514005070e-01	-1.8691701143324785e-01	-5.2288609787900264e-01	-5.7802652713414693e-01	-2.2417506694914435e-01	 1.4364863521999804e-01	 5.3103719062242583e-01	 8.1973066229314595e-01	 5.4552212988130622e-01	 1.0496262289944522e-01	-2.2974640546486669e-01	 1.9979110289214175e-01	 4.3435731835404429e-01	 5.6052158860208579e-01	 4.3504830638485986e-01	 2.0476140242741747e-01
 1.9486858227278622e-01	 1.8459168292987332e-01	 2.5915733693825778e-02	-1.2292029459524573e-01	-1.1905092062165420e-01	 1.4026158309093784e-01	 3.4397489386559826e-01	 4.4984899721214799e-01	 3.9184037202649867e-02	-4.1060222914243255e-01	-4.2960488667140517e-01	-1.8031065249967387e-01	-2.5696577811212223e-01	-3.4293202071051909e-02	 3.4997096817864093e-01	 4.0277115970773802e-01	 2.3289401470803810e-02	-3.8644514832133359e-01	-4.0347103262313172e-01	-6.4748291467250113e-02	 1.4606618108835473e-01	-3.4777414506068560e-01	-5.4661781822256950e-01	-4.1580087217207440e-01	-1.1549851249536339e-02	 1.4032166950461777e-01	 2.7333190155607147e-03	-1.3966853318848166e-01	-3.4721661032677049e-02	 2.4261663886221529e-01	 4.0790856811693027e-01	 2.3634874727615129e-01	-2.7746388330447236e-01	-5.3569869602659392e-01	-4.1592251368986610e-01	-1.4702699545192155e-01	 1.6264852952838169e-04	 4.6190497750556239e-03	-6.5743091235198929e-04	 1.0282857944229071e-01	 3.5215039950697902e-01	 5.0692230237087244e-01	 2.4326412762313085e-01	-2.6924227041332530e-02	-3.0083056144311573e-02	-4.0646803131440229e-02	-2.3660956608293066e-02	-6.8228342710251206e-03	-2.5729455992493959e-03	-1.9864821097631607e-03	 1.1886906710935841e-02	 7.4785388968278632e-02	 1.1716968546769987e-01	 7.5129345311877260e-02	 2.4781912551532487e-01	 4.6165202735833288e-01	 3.7458986320473020e-01	 1.1721526469921907e-01	 9.1533735558138127e-03	 4.7903864012945122e-03	-1.5683237557456708e-02	-1.2990246047734266e-01	-3.2672267038733049e-01	-3.5229388726714872e-01	-1.6308268455142017e-01	 3.2131621654839476e-01	 5.2025669134304553e-01	 3.7738787206591584e-01	 3.9629213119184867e-02	-8.7463430108327675e-02	 7.9500024721913930e-03	 8.7609008456735166e-02	-6.9867146191941260e-02	-3.8877928319176347e-01	-4.9919943700539549e-01	-2.7411027047820080e-01	 2.5313601481488657e-01	 1.7264237682429392e-02	-2.9925583060043326e-01	-3.1014823928032786e-01	 2.9997098643591381e-02	 3.2495237601199656e-01	 2.6575206083692327e-01	-7.5780524880318029e-02	-2.9345463109283432e-01	-2.2520236978129654e-01	-4.8954294566602508e-01	-4.1493728850438383e-01	 3.9632230976700246e-02	 4.7743356277739268e-01	 4.9176173772954657e-01	 2.2078713974220382e-01	-2.8198020825693559e-01	-2.2077075260615936e-01	 2.6246034743935852e-02	 2.5612950330915762e-01	 3.3109006368611710e-01
 7.1834080495212310e-02	 4.5289265014404653e-02	 1.2595532652066747e-02	-2.2342642644525509e-02	-4.0240126352539748e-02	 1.2949694282006813e-01	 5.9194159333947713e-02	 4.4530446686126086e-03	 1.0489904938505042e-02	 3.8310223666839383e-03	-6.8908097975258792e-02	-1.3134103921736942e-01	 1.4209404334179571e-01	 2.2691020826577937e-02	-2.7734403382308037e-01	-3.3377343611572208e-01	-3.9689053479428655e-03	 3.0081523412931499e-01	 2.3759027280524603e-01	-5.0058739032414597e-02	-1.4850853886682078e-01	 9.5877557658749030e-02	 7.8621104474725589e-02	-2.6337601915508269e-01	-6.5117175781138115e-01	-5.4725039649871987e-01	 1.5607972891149936e-02	 5.2319967950381485e-01	 6.2166938748352463e-01	 2.2144126149133542e-01	-7.8625508499733709e-02	-8.4522597860317766e-02	 5.0399132973949344e-02	-5.0415662461987332e-03	-3.5131874167786614e-01	-5.7702308514159850e-01	-4.5904349180236392e-01	-1.6860821698558810e-02	 4.1349848355865781e-01	 5.6249757810032264e-01	 3.5573527637107949e-01	 1.7511542782117764e-02	-4.7822097297256727e-02	 4.0963239338012662e-03	 3.4804392977964872e-03	-2.1712815230025582e-02	-5.6660026852068501e-02	-8.1085845923297067e-02	-2.4823340175251552e-02	 4.5448678339753537e-02	 9.3686646648660499e-02	 1.0182064299280925e-01	 2.7106842748126407e-02	-9.0531500183523329e-03	-4.9928720368794782e-02	 2.0304972953367105e-02	 3.4268859072203361e-01	 5.0366945864392010e-01	 3.3575696156652068e-01	-1.9017649503760364e-02	-3.4203683975883159e-01	-4.3355216570151422e-01	-2.7098479810571224e-01	-7.1897082154307570e-03	 3.7058715713617102e-02	-9.2790453694934327e-02	-5.4861992730447486e-02	 3.2718625299336135e-01	 6.9376777844287774e-01	 5.3356540650058926e-01	-2.5616529343118026e-02	-5.4715187687563871e-01	-6.4570146977329590e-01	-2.9733062157185131e-01	 3.8936112358747471e-02	 7.3528026545443811e-02	-1.5332111621764261e-01	 3.6065966426213639e-02	 3.0882950935896980e-01	 3.4100023207421148e-01	-5.1989340464132913e-03	-3.6996663274458147e-01	-3.4271496926311051e-01	-2.7980240500397158e-02	 1.2518847957049328e-01	-1.5860875559819443e-01	-6.1843687623683065e-02	 2.3580892764222129e-02	 7.8007422824226983e-03	-2.0169912568559642e-02	 5.9930682461621268e-02	 1.4942574344430887e-01	-9.0158910190440408e-02	-4.3953419969145105e-02	 1.0845371041128999e-02	 5.7962899566152283e-02	 1.0518967200652105e-01
 5.0052696670338057e-02	 4.5816146426756688e-02	 3.7418967519784740e-02	 3.1566961801128071e-02	 2.7469016956390230e-02	 6.8088644005491597e-02	 1.6725305106979907e-02	-5.1450198464144309e-02	-9.0702469376483838e-02	-5.3181956573296219e-02	 2.0718851378201265e-02	 6.6523677585459295e-02	 7.0454673253553840e-02	-2.0654787366640198e-02	-2.2319708526748927e-01	-3.4410312659131614e-01	-3.3328535478845328e-01	-3.2909136920421711e-01	-2.1608460650248471e-01	-6.6031278727456356e-03	 7.8171027247096653e-02	 6.7037930993464750e-02	 2.2260667905098439e-02	-2.1103081297130288e-01	-3.0312674008832402e-01	-1.2229723089664089e-01	-3.8602159016046994e-02	-1.5029648321546407e-01	-3.0769077140425760e-01	-1.7055664612492527e-01	 3.1445281391943802e-02	 6.2714091181434339e-02	 5.9943236584762083e-02	-6.1978751756225248e-02	-3.2268184403601197e-01	-8.0678111237781153e-02	 4.2659381619767334e-01	 6.4520992898216978e-01	 3.9162412628773519e-01	-8.6163996292072303e-02	-2.8543827231680774e-01	-5.3195035854403383e-02	 5.5297609986741977e-02	 5.8347853560248943e-02	-1.0926555267546950e-01	-3.1849957322658140e-01	 9.9603201991864232e-02	 6.9621714134738677e-01	 1.0582834334102325e+00	 7.3731675311045375e-01	 1.0764485150253036e-01	-2.7647756331371010e-01	-9.7827214067998852e-02	 5.8207424821374934e-02	 6.1345049556327018e-02	-6.7421016637846193e-02	-3.2506185379303310e-01	-2.6919733351907622e-02	 5.3380352707783596e-01	 7.9683769389345205e-01	 5.4427730266499941e-01	-2.3207528584360286e-03	-2.8207206654265238e-01	-6.2018336986980872e-02	 5.3215352442782957e-02	 6.9352415055168856e-02	 4.0597357783515387e-03	-2.5476750677715854e-01	-2.8902923695604443e-01	-4.2689078434141825e-02	 1.5528219685939687e-01	 1.7622210782906225e-02	-2.4532205552879499e-01	-2.1541137385715312e-01	-4.3372837846277264e-03	 5.6849031249657220e-02	 7.5522316198182837e-02	-6.6735792836649238e-02	-2.4304684828681244e-01	-3.2692305241925412e-01	-3.1280185300294550e-01	-3.0688353735809981e-01	-2.4159899452134381e-01	-5.3984608372873624e-02	 6.1860386088164972e-02	 7.8904577771833101e-02	 6.6773472889155349e-03	-8.3747750900207044e-02	-1.4601152970208356e-01	-9.5801936013282546e-02	 1.6568979447242995e-03	 7.1513733704006863e-02	 7.2498061281899034e-02	 7.4314569062142788e-02	 7.0296473984358870e-02	 6.5770405920841435e-02	 7.4551008621311199e-02
 6.0879087647332533e-02	 8.4705801612896273e-02	 8.7157028573018533e-02	 6.6957641045958999e-02	 3.6667314455954114e-02	 2.0439077114472060e-02	 2.8732268290568772e-02	-1.2385469289574666e-02	-5.5986942445626291e-02	-1.1038056088199116e-03	 4.6054694061983703e-02	 2.5200020362087433e-02	-4.6321389719302913e-02	-1.1575345021907123e-02	-1.3595564780157252e-01	-4.6335157690428230e-01	-5.9409704115853357e-01	-4.1764177845864303e-01	-1.3060679716821910e-01	-1.0008910264012797e-02	-3.5224855478899822e-02	-9.5293467823122507e-02	-5.7849183751214575e-02	 9.8266614292355683e-02	-1.9711900128048153e-02	-4.3179598125904128e-01	-6.5123398922228559e-01	-4.3990883212806187e-01	-6.0577560492732371e-02	 4.4054859340158098e-02	-5.4390437493753399e-02	-7.3223446282549814e-02	-1.2072229073288018e-01	 1.3411069276729451e-02	 4.4007169731117513e-01	 3.8428162209272088e-01	-2.2266295037703627e-02	-2.5921634083914946e-01	-5.7472170408025561e-02	 2.7756291788100529e-01	 3.4132466515562221e-01	 8.9586267874398016e-05	-1.0011441039498736e-01	-1.3670324215544788e-01	 8.6612642706951418e-02	 6.2256427125697855e-01	 6.3674635054885642e-01	 2.2453320256697940e-01	 1.0832321958916900e-02	 2.1031444039882630e-01	 5.7472517800733103e-01	 5.7833061071410408e-01	 7.7553507341684064e-02	-1.2360354924877784e-01	-1.2301172008932465e-01	 2.1580184754964864e-02	 4.6172291045327907e-01	 4.3082840386237775e-01	 2.3441493055793093e-02	-1.4712075668765567e-01	 4.8305986438054359e-02	 4.4142909736625868e-01	 4.6035998847980120e-01	 3.2410815324420673e-02	-1.0897246952710070e-01	-9.7136297357067886e-02	-4.6432347570199539e-02	 1.3255131922248220e-01	 2.4316545482843531e-02	-3.7531507311023038e-01	-5.5147637792789639e-01	-3.3551887788865387e-01	 5.4036708957747558e-02	 1.3809391308104899e-01	-3.3588196140143529e-02	-8.2440362567939546e-02	-5.2044228976410811e-02	-1.3839749936203734e-02	-1.2171740976511827e-01	-4.6739031133660125e-01	-6.4369585767028448e-01	-4.6622180832067261e-01	-1.4047558559291218e-01	-1.5841816246642305e-02	-4.7582313878511487e-02	 3.8984688355826996e-02	 4.5294054888823862e-02	-4.1098217163160089e-02	-1.4055487081268403e-01	-7.1493027500982881e-02	 2.3049153247465506e-02	 2.6895680512902552e-02	 1.0208902905488294e-01	 1.4005713971553352e-01	 1.5246117360094716e-01	 1.2780694605219114e-01	 9.5529318873556202e-02
 1.4126375869371655e-02	 1.7222752140509273e-01	 2.6934764597512295e-01	 1.5950425808889107e-01	 1.4813182916536469e-03	-3.5604262647349638e-01	-1.1702718912550542e-01	 3.0645945999809032e-01	 5.6549329785426394e-01	 3.0803207410531996e-01	-8.9576486077106082e-02	-2.8949106437632433e-01	-3.8626289315765905e-01	-5.8665982336641542e-01	-3.8623747777913209e-01	 1.1935602345129440e-01	 3.5215697122378853e-01	 1.4941211141536204e-01	-2.8957997925554402e-01	-4.8964445981487925e-01	-3.5731173468961303e-01	 1.0180611149997579e-02	-1.5480494318812443e-01	-4.0757096239382218e-01	-3.2159962964248290e-01	-4.2687896973046313e-02	 1.1666186440991444e-01	-6.4237466186154567e-03	-2.7462534811578643e-01	-3.7234943818890870e-01	-1.8908603078582464e-01	-4.0094005250638248e-02	 2.8755742802397588e-01	 3.2395500576609471e-01	 9.9686272623338124e-02	-5.0532538544339686e-02	-3.8468706364295224e-02	 4.3348318760596076e-03	-2.2742421677692869e-02	-4.5755131607254293e-02	 4.6068346214227243e-02	 2.2809798791467095e-01	 1.7251723945493380e-01	 4.2781994623848585e-01	 6.4162037407031292e-01	 3.8216020317933358e-01	 1.0094189868288375e-01	 6.3103974002151186e-03	-5.3172488233667239e-03	 2.1020876002853829e-03	 8.8592221533861495e-02	 3.0846116157412817e-01	 5.4733774462436735e-01	 3.4923265916410950e-01	 2.8571793685655722e-01	 3.6640929147778467e-01	 1.6970809224203309e-01	 2.8764820022782827e-03	-1.3102131071943945e-02	-2.6225428382520809e-03	-2.6163584552836901e-02	 2.7010438151377214e-03	 1.7039228177444801e-01	 3.8625061687265466e-01	 2.9360234889444203e-01	 1.6054825609263759e-02	-1.0361312061512211e-01	-3.0528114352568791e-01	-2.3381951408443477e-01	-3.9328858202062812e-02	 4.3106438966540768e-02	-6.6291468134469150e-02	-2.4209616994446753e-01	-2.6409368938767719e-01	-3.4157478557810886e-02	 6.6393159680539632e-02	-4.0479609293187380e-01	-5.3471777312830326e-01	-3.7549220327513549e-01	 9.9286530557383429e-02	 2.7425326125193616e-01	 4.3956815737330159e-02	-3.6191160588673588e-01	-5.2261450570995938e-01	-3.5790134696047360e-01	-3.9170164620768294e-01	-1.2509273922248268e-01	 3.0747853087541044e-01	 6.0512598180856869e-01	 2.9378859828399817e-01	-1.7171113264639176e-01	-4.0436215206026271e-01	 4.2025681043126123e-02	 2.9309384798614668e-01	 4.2786862348838667e-01	 2.8619414255982029e-01	 2.0306639543820747e-02
-1.3201272358182081e-01	-1.7036852080315051e-01	-2.4982962147533663e-02	 1.1260440976356006e-01	 8.2532076700492452e-02	 8.5534922987829304e-02	-1.9377855501892424e-01	-3.8831046514152512e-01	-3.7365138373197118e-02	 3.5560901363736208e-01	 2.7320685262698019e-01	-1.6533913258848652e-02	 3.4011274465936830e-01	 3.4158913057056750e-01	-4.6910974828730648e-02	-2.6455556940913483e-01	-1.8705209432511805e-02	 2.6607981094661165e-01	 1.3679716768745478e-01	-2.1852319205105830e-01	-2.6996672293087981e-01	 8.8207050027959949e-02	 2.9442310514294784e-01	 4.0610210978008676e-01	 1.4362250801715623e-01	-4.6362035649146149e-02	 2.4994770901331535e-03	 6.4545576259669030e-02	-9.2749196932880168e-02	-3.0869010991039431e-01	-2.7485322248522420e-01	-9.5265782334929050e-02	-1.6687783190056343e-01	-1.3302492158009549e-01	 2.6840413987966764e-02	 5.6663486886445576e-02	 1.0759926875768027e-02	 2.2706281283219930e-03	-6.9872986545155037e-03	-4.1481134944420517e-02	-4.7431444661626618e-02	 6.0198502063035855e-02	 8.4125573913997415e-02	-3.1438902816022474e-01	-4.7545679392848506e-01	-2.3251570354214146e-01	-4.0038094687729994e-02	 3.2212401299110517e-03	 2.2999013619649181e-03	-1.7170539059870645e-03	 3.9618496050948242e-02	 1.8629441313185754e-01	 4.0747891451074070e-01	 2.6196648782932908e-01	-1.6670771682530411e-01	-1.8861376129089641e-01	-3.3222942271010150e-02	 2.0799791469390063e-02	 7.2178904840822216e-03	 1.7662509285054605e-03	-1.1322990664280169e-02	-2.4054910827515562e-02	 4.6435720380635842e-02	 2.3178704489938237e-01	 1.9740401136151714e-01	 7.4560925612442652e-02	 2.4486249007408709e-01	 3.1888161260279918e-01	 1.1631796790485591e-01	-2.3486713118945797e-02	 6.6783078733583384e-03	 1.4952533687952341e-02	-1.3185725060525294e-01	-3.0184413354699624e-01	-1.7843629867630523e-01	-2.2988868465592026e-02	 3.5246724341554858e-01	 2.9851795350758226e-01	-1.2358029479804751e-02	-1.9098692542089285e-01	 2.4062350704678312e-02	 1.9288358844415077e-01	-3.9258448039783591e-03	-3.3165670063581532e-01	-3.4469060459602319e-01	 5.2353746696417389e-02	-2.8595360358736843e-01	-3.4534511250272215e-01	 3.9988725312840985e-02	 3.9158971368521778e-01	 2.6639617417295380e-01	-6.4599269412119562e-02	-1.9416165266320834e-01	-1.9576318716661933e-01	 2.8131204161796403e-02	 2.2618221310113956e-01	 2.2208286698219040e-01
-5.0365345514557423e-02	-3.8259070716437547e-02	-1.3816610984007188e-02	 1.5295427307235855e-02	 2.6521514404020629e-02	-5.2701777172906125e-02	-4.6275573559923788e-03	 5.0270038575848067e-02	-5.5224872802922976e-03	-5.2392757546818658e-02	 1.1473220992627226e-02	 5.9165428845050147e-02	-2.1305155875953694e-02	 4.8832629611008656e-02	 3.3544629476899429e-01	 4.1819568249399508e-01	 1.3221513067269642e-02	-3.7453384648534060e-01	-3.0942072856164360e-01	-2.9882582294203614e-02	 3.1924175426277263e-02	 2.1075928661396695e-02	 7.6156461758531432e-04	 7.3929477710640873e-02	 3.7326969449651193e-01	 4.2273192686602890e-01	-5.2382365256146216e-03	-4.0375678560878181e-01	-3.8795257203224254e-01	-1.0618521886053828e-01	-8.6455533219417201e-03	-1.4306360780006244e-02	 4.5786318213611926e-02	-7.6263596879381501e-02	-2.6194025226858730e-01	-4.5551187137292323e-02	 1.3774265946086131e-01	 1.2129738445277916e-02	-1.2507815758173957e-01	-1.9643927781593962e-02	 1.7300459793896544e-01	 4.8495750229034421e-02	-4.2206193416297888e-02	 5.8128884853880861e-02	-1.7087493881185656e-01	-5.1209023690408706e-01	-3.4399432063853119e-01	-6.8589947135005741e-02	 4.0006984627526899e-03	 6.6109050678383297e-02	 3.0717616875033504e-01	 4.5482847089070561e-01	 1.4289057618400106e-01	-6.0250825351295403e-02	 5.0573839877843252e-02	-8.2593918930375335e-02	-3.0327285498399476e-01	-1.2316343154720763e-01	 6.0303997442080315e-02	-8.4966221950792779e-03	-6.2326633567023684e-02	 1.4719315307717901e-01	 3.1957754544066053e-01	 9.2886138164646900e-02	-4.9120622941814393e-02	 2.7511544283367100e-02	 1.4449218280846439e-03	 5.6475289891104778e-02	 3.2562880164969227e-01	 3.5751387165074228e-01	-2.8700430783961603e-02	-3.6018160924042997e-01	-2.8824602396677002e-01	-3.2318468837235770e-02	 1.0295309919519713e-02	-2.1980063911145698e-02	-1.7071749505331371e-02	 8.9726762734674947e-02	 3.3884857214492670e-01	 3.8858794447537942e-01	-2.0341050260042400e-02	-4.1905712258439348e-01	-3.5801334920270339e-01	-7.4224495047375133e-02	 1.1105143462718188e-02	-6.1205964045346062e-02	 1.0212418444645710e-02	 8.2039248798355169e-02	-2.9588972554007572e-03	-9.5248215711987244e-02	-1.9071067174535127e-02	 5.4229733618390494e-02	-6.2590020881723218e-02	-3.3918983420311147e-02	 7.2185567018160056e-03	 3.8033456946951510e-02	 6.7509086181407177e-02
-1.2490398657677529e-02	-7.3779696379496374e-03	-3.1800397929620935e-03	 4.8448711490489606e-05	 5.4770950463736354e-03	-1.5687849372254689e-02	 1.2196380566048269e-02	 2.6956086577497786e-02	 1.2315671550428300e-03	-2.6936468234195252e-02	-1.1869805452964797e-02	 2.0012000725249064e-02	-1.7382200732413436e-02	 5.9782013219200292e-02	 1.4198227724793294e-01	 8.3659717920867599e-02	 8.1429579903466720e-03	-7.5280427218099133e-02	-1.2666850040483754e-01	-4.3045948961582564e-02	 3.1007614628293753e-02	-2.5928819790067816e-02	 3.2409932929676838e-02	 1.9684434756582583e-01	 6.4156696959616205e-02	-1.1212712789629486e-01	 2.0200869884100102e-02	 1.1187018185037402e-01	-5.8793344322206370e-02	-1.5705654581051257e-01	-1.5277164817824380e-02	 2.9950830621523365e-02	-1.7072666025468364e-02	 1.2564100633869779e-01	 1.7583214246452161e-01	-2.9908465663475975e-01	-4.6257780299490242e-01	 1.7933298788306018e-02	 4.4351112877998122e-01	 2.6603451897800595e-01	-1.6336338370550851e-01	-1.0981271839461787e-01	 2.4039301250054275e-02	-1.4650137422007520e-02	 1.8014255228152962e-01	 1.1732607207150196e-01	-5.4548930599589229e-01	-6.1271678395171936e-01	-5.3049454039880133e-03	 6.1003133735442394e-01	 5.1232741700145379e-01	-6.8796256869217087e-02	-1.5509407644800211e-01	 2.0021973446080157e-02	-2.0862774919996295e-02	 1.2930058876546463e-01	 1.7567603939428111e-01	-3.7576300248450245e-01	-5.0263341670912065e-01	 8.0853273990430258e-04	 4.9476885492630318e-01	 3.6731928222289079e-01	-1.3132909689332750e-01	-1.1097622722619327e-01	 1.8894230467032910e-02	-2.8753969951041427e-02	 5.0313697237366478e-02	 2.0632923355302701e-01	-1.7541746773111596e-02	-1.8120376587903697e-01	-2.9215465446631519e-03	 1.9663534238939784e-01	 2.5807231706189742e-02	-1.7371729129156405e-01	-4.6693322137717985e-02	 2.4297766112337908e-02	-1.6141564635805253e-02	 9.3059993957915699e-02	 1.4093675633201347e-01	 4.8727750364504122e-02	-1.5241294304308557e-02	-5.8149828976547552e-02	-1.3367418535776812e-01	-7.7280062021260046e-02	 1.3989565223616366e-02	-1.5885115217865731e-02	 2.4391303991965922e-02	 3.8432234536722398e-02	-3.9110165376068876e-03	-4.3064460206981986e-02	-2.9574471538465756e-02	 1.5233947343046152e-02	-1.2505489623273341e-02	-6.0988403491358837e-03	 2.0719735127681179e-03	 5.0362138196574785e-03	 1.3658804661006262e-02
-2.3369226583208533e-02	-1.9388879669743446e-02	-6.0363643342579709e-03	-8.4054219339732839e-03	-1.3371816184939543e-02	-2.2407689152926180e-02	 2.3684659630974641e-02	 1.1101762614332208e-01	 1.6296581044434622e-01	 1.1376846394263110e-01	 3.2425665442884902e-02	-2.0973532735770878e-02	-1.5009717525004625e-02	 6.0433163275057593e-02	 1.9938717061852465e-01	 2.1913396878348559e-01	 1.6770657167223618e-01	 2.3121415318532093e-01	 2.1183312262895082e-01	 5.4877377634616573e-02	-2.2037889938436458e-02	-1.2255415842653408e-02	 1.9522389978830632e-02	 1.3236934802514205e-01	 4.9900549832766011e-02	-2.7992171660421289e-01	-4.1113792573736008e-01	-2.4080285701221793e-01	 6.4098237992221557e-02	 1.2197808736140911e-01	 1.1335390901421136e-02	-1.3757342277099013e-02	-4.7680765001611057e-03	 3.7647192242031516e-02	 6.8574443585382644e-02	-1.5659620536733262e-01	-5.1989386257507497e-01	-6.6648682708718843e-01	-5.1318671187715792e-01	-1.7455394544667974e-01	 6.0075177726526603e-02	 3.7208291923933143e-02	-6.0898866868179012e-03	-8.3945444156477661e-04	 2.3091344441387024e-03	 7.9783877004144920e-03	-7.8611776230748907e-03	-8.9325179827756312e-02	-1.0809076803396755e-01	-1.0752914220150653e-01	-6.0317563254796688e-02	-3.1121749394860559e-03	 1.0075936865854562e-02	 1.7334121730703019e-03	 3.9898025310207020e-03	-3.2695940510260035e-02	-5.1226634732241545e-02	 1.8913388703339618e-01	 4.9638387919365623e-01	 5.8320973901342310e-01	 4.4749841778957061e-01	 1.3725135577095327e-01	-4.2953296969774776e-02	-2.1767289753826843e-02	 3.7995865760145900e-03	 1.1661783655948638e-02	-2.6411884952751576e-02	-1.2963157518539681e-01	 2.2498273179157712e-02	 3.5973014212478449e-01	 5.6557955086025091e-01	 3.8763670342538603e-01	 2.2088801747761393e-02	-1.0846511794001171e-01	-2.1202726225434291e-02	 9.4096275027095513e-03	 1.2215029262395725e-02	-9.5227718382476040e-02	-1.9706980081095379e-01	-1.4667676721133316e-01	-5.9803825836330565e-02	-1.1186924621238706e-01	-1.7632297546767131e-01	-7.6616392406104322e-02	 9.3762868965425843e-03	 1.4346988976147274e-02	-5.2161132334052562e-02	-1.5017445116545744e-01	-2.1996586054239359e-01	-1.6049382880040464e-01	-5.5715188851420044e-02	 1.6481964962990720e-02	 3.3550307846180898e-02	 2.6355841242673997e-02	 1.4210811919010488e-02	 1.5865908353592823e-02	 2.9993502934138817e-02
-1.1182625579544647e-02	-3.6686719870390364e-02	-4.1726599985907116e-02	-3.1034633398873218e-02	-7.7358267794978832e-03	 3.2350971589934600e-02	 8.0647829464429201e-03	 6.7115371358326181e-02	 1.3062562403569861e-01	 5.9381866509327613e-02	 6.1063321000890281e-03	 3.5683624542566933e-02	 6.1459177533702641e-02	-3.8806552438665626e-02	-5.3767132556823541e-02	 2.9138675980431777e-01	 4.9364113389641218e-01	 2.7962810911547781e-01	-1.6493279234213041e-02	-8.7382500832876419e-03	 6.8274135468742933e-02	 6.0207302474054182e-02	 7.7885102987645402e-03	-3.1468432844897570e-01	-3.5542203617726997e-01	 8.3044293030144073e-02	 3.6087377659772296e-01	 1.1137134215822458e-01	-3.0032852942747268e-01	-2.4025923342207112e-01	 1.8517409129505578e-02	 5.5476901641770070e-02	 3.3762827640992615e-02	-7.0752767953843138e-02	-4.1833023656701973e-01	-4.1958262711072891e-01	-1.3035227757497084e-01	 7.3763775687009758e-02	-8.9867478844707666e-02	-3.7341241819763327e-01	-3.9962496685250087e-01	-7.9948340836075577e-02	 3.2666329030551375e-02	 1.1797451852690502e-03	-1.5311788261269975e-04	-3.1999048179864736e-02	-4.9519362923625826e-02	-4.0283752508353671e-02	-2.0581901601542428e-03	-1.4551916574005553e-02	-6.5054105344726873e-02	-1.0884376927639397e-01	-4.0649022876223323e-02	 5.0797528237715404e-03	-3.3565883912632155e-02	 7.6102271725046355e-02	 4.0008815147910642e-01	 3.6011712497407750e-01	 8.9260784731619539e-02	-2.7509820335322132e-02	 1.1377149538999515e-01	 3.4234367301251328e-01	 3.3218270937761546e-01	 5.0356981626948863e-02	-2.7868200938075790e-02	-6.0550188134768250e-02	 1.1699496123751357e-02	 3.5631666314810817e-01	 3.7826094136632737e-01	-4.6789655810941161e-02	-2.5660377892063124e-01	 7.5591903331508981e-04	 3.8515331534129982e-01	 3.3635656306358130e-01	 2.1054089298617119e-02	-4.7220064568764944e-02	-6.8377249177583616e-02	 6.9388716488663599e-02	 8.2830074693609729e-02	-2.7779903729319166e-01	-4.8584263860845167e-01	-2.4625283533818307e-01	 9.4627278823676012e-02	 6.3871996432296435e-02	-5.0184129619262531e-02	-3.3577720540006559e-02	-5.9718319687574748e-03	-9.4665392264894899e-02	-2.1560479664867399e-01	-1.1856283751349091e-01	-1.8552863755791352e-02	-3.7723528739666237e-02	 3.0412929394767540e-02	 6.2022127727375059e-02	 6.4564311182026213e-02	 4.9225974836273306e-02	 1.6753401978250634e-02
 3.9552429195025940e-02	-1.0338202104688038e-01	-2.0778353417487369e-01	-1.0645729765703571e-01	 3.2254627662877358e-02	 2.7463570277959481e-01	 1.9836201459035213e-01	-1.4535190556586902e-01	-4.3194776898388143e-01	-1.6140598811707621e-01	 2.0359282836028902e-01	 2.5820938893388701e-01	 2.7744400069146271e-02	 3.0311266494691341e-01	 3.6457755128522878e-01	 5.4986195292798350e-03	-2.1674731054512775e-01	-1.9963195173582408e-02	 3.2432933498848471e-01	 3.0795826348235211e-01	 9.1641566293303361e-02	-2.2680009118531075e-01	-3.1547361909457344e-01	-8.2364205619552780e-02	 1.3264396786935898e-01	 4.8625016469372354e-02	-5.3068187269169245e-02	 2.7833334602526093e-02	 1.3133140713696193e-01	 2.0381041607972251e-02	-1.9974713566968050e-01	-1.3754115769983988e-01	-2.3717473730760469e-01	-4.4502042955504806e-01	-2.6764038296895010e-01	-5.1079116720733883e-02	 9.4062821133294207e-03	-7.5226737241301279e-05	 7.7611458639456968e-03	-3.0102079633441359e-02	-2.1812740899742639e-01	-4.1114216888713684e-01	-2.0298356294356101e-01	-2.5609691137777300e-02	-2.6152623417964170e-02	-3.0829518554812536e-02	-1.6110144753535748e-02	-3.2748004219073567e-03	 1.6499885721376949e-03	 5.4965882407294608e-03	-1.7531212483896331e-03	-5.1645455801655811e-02	-1.0023629104807275e-01	-6.4804986402463627e-02	 2.1385561361302746e-01	 3.9905352462252797e-01	 2.5820206576803417e-01	 4.7593023735258942e-02	-4.9142783094276712e-03	-1.8212701722993457e-04	-1.6820918083940363e-03	 5.8297210129953869e-02	 2.3585055487441864e-01	 3.1764071598515953e-01	 1.5412735986293330e-01	 2.1402868188689528e-01	 3.2062756485649496e-01	 1.0786822237622859e-01	-7.7227278353026091e-02	-3.5344995183540812e-02	 9.2631241146673080e-03	-4.8993276949435699e-02	-5.8324002014842148e-02	 1.3945008755721749e-01	 3.4205011215301828e-01	 2.0023968991841673e-01	-2.7582072280699269e-02	-2.6960868979533714e-01	-3.3122903852511748e-01	-4.8768559366660514e-03	 1.5649249807853849e-01	-4.4152930518487787e-02	-3.0631802042208178e-01	-2.2335075852400355e-01	 3.1915577052003971e-02	-3.2875358078774108e-01	-2.5200873695542259e-01	 1.4441868694479515e-01	 4.3799388975415254e-01	 1.1598697532924676e-01	-2.9421357733692288e-01	-3.3161785135142685e-01	-4.7688880455845947e-02	 1.8099685876512370e-01	 3.2001095845755761e-01	 1.7179459784834766e-01	-7.9806793152599961e-02
 7.8056861692624491e-02	 1.4615710837706297e-01	 2.4988122127625821e-02	-9.8677427797861997e-02	-4.4418234794894047e-02	-1.7838881386966166e-01	 5.5686673341707071e-02	 3.1541850106694613e-01	 3.6873384903268427e-02	-2.9134445429258959e-01	-1.1818176310470485e-01	 1.2500407088802012e-01	-1.6841014557476158e-01	-3.4758157506783055e-01	-1.2043021079504654e-01	 1.5573764772597820e-01	 1.1893796259929583e-02	-1.6306006446356158e-01	 3.8282700826104063e-02	 2.8023438202038431e-01	 1.7597186057033631e-01	 1.1807664459452946e-01	 1.0647753070041310e-01	-1.1542164258727811e-01	-1.1940247808631932e-01	 6.4906111918516425e-03	-2.3645579678400188e-03	-2.2838087093883425e-02	 9.2371742681409977e-02	 1.4056974811106926e-01	-2.9465588216872014e-02	-5.6059129415630952e-02	 1.9340309063416683e-01	 3.4088773922128335e-01	 1.5263038045906091e-01	 6.6108947051929656e-03	-5.8599936238071838e-03	-7.8117098130172985e-04	 4.7795092191651282e-03	-1.3354953071976149e-03	-1.1259535784748240e-01	-3.0592188330071324e-01	-1.5727947275457305e-01	 2.0604984235575517e-02	 2.2387261259227811e-02	 2.0345117383623545e-02	 8.9353417551354380e-03	 5.1630055847640415e-04	-6.2696300167990006e-04	 2.8005760959185222e-03	-8.3028452143566627e-04	-3.3065150036677399e-02	-8.9725846098620721e-02	-5.5684828706337078e-02	-1.7546226474907112e-01	-3.1816772550635752e-01	-1.5983618991324788e-01	-1.5079549104672033e-02	 3.4024031410471544e-03	-1.3781936308538876e-04	-3.2940665101848926e-03	 1.9911764659564301e-02	 1.5136398194059911e-01	 2.6997116505086588e-01	 1.3696367341894589e-01	-1.1573591083175211e-01	-1.3362516235193483e-01	 5.6273570066611184e-02	 7.8256708923005971e-02	 4.2848792953771760e-03	 5.3810787337723095e-03	-5.6301322516233189e-03	-7.6168827093134078e-02	-2.8028441691175264e-02	 1.8209490918054058e-01	 1.2547900966966119e-01	 1.6805241017222727e-01	 3.0020785723932092e-01	 1.2766667906554832e-01	-1.0203322556535678e-01	 1.8944619174004685e-02	 9.6044425344137485e-02	-1.2782031442274408e-01	-2.9156706431157509e-01	-1.2487202587007805e-01	 1.7712623910492631e-01	-1.0078130398267152e-01	-2.6787346938536916e-01	 3.4036336131348266e-02	 2.9465789372186074e-01	 6.4377649359691980e-02	-1.9094515457279462e-01	-1.0705941054414211e-01	-1.6343604018163135e-01	 2.4694371020146280e-02	 1.8826143337563145e-01	 1.1371508768019778e-01
 2.8844022247782167e-02	 2.7395665487871208e-02	 1.1772585569122711e-02	-8.2621768100266460e-03	-1.4081974127357039e-02	 8.2416662321165134e-03	-2.0337497975410887e-02	-8.6581357418304361e-02	 2.0502087318191669e-03	 8.3899606746897643e-02	 2.1714592781358424e-02	-6.8651601093878828e-03	-1.1926717268054783e-02	-3.9460823691444668e-03	-2.2152763008601561e-01	-3.8610041400471201e-01	-1.5024086079068475e-02	 3.5106233123533304e-01	 2.3203855385157773e-01	 1.8739535863222613e-02	 1.4488341962444104e-02	-2.7543665475418536e-02	 2.9602762397853366e-02	 2.0487996137720629e-01	-8.5086964457787954e-03	-2.3515750775136726e-01	 3.6637123257846735e-03	 2.3422156209813921e-01	 5.4365158541380174e-02	-1.2074643519620375e-01	-1.2922301398923808e-02	 2.6453535956933179e-02	-1.5961873330075239e-02	 1.0996480940756348e-01	 3.7419808783498409e-01	 2.2024711278105893e-01	-4.3760907585663842e-03	-4.4950847484562734e-03	 9.8328755328012558e-03	-1.6992640811512982e-01	-3.3648684794771855e-01	-1.1257452515117010e-01	 1.7313267580475009e-02	-3.2794359560212461e-04	 4.1193333130595741e-03	 3.4290299413748032e-02	 3.1951031208085644e-02	 1.2194144565376881e-02	 2.5713556165151488e-03	-1.8681176684151425e-03	-3.6604748107724329e-02	-9.5136906983273525e-02	-4.7493416770521199e-02	-6.2392812002552028e-04	 1.7702554292086323e-02	-1.0897706506518139e-01	-3.6548055913080491e-01	-2.0450250968654088e-01	-1.2457123005421920e-02	-4.0122900686253796e-03	 2.1074349486953588e-02	 2.0648711865207697e-01	 3.1688451479322577e-01	 8.3141668403167251e-02	-1.7994319645048953e-02	 3.1633756143008174e-02	-4.3276392615393677e-02	-2.3711110388793449e-01	-3.8600014407296601e-02	 1.7314468783231812e-01	-1.9575292949753773e-02	-1.5752516030228131e-01	 6.7113080633046440e-02	 2.4110292533892691e-01	 5.1233617919503052e-02	-2.3147957871966510e-02	 1.9221468952941349e-02	 8.6077674725670815e-03	 1.9813439998464794e-01	 3.3340523285434909e-01	-2.4941979034179586e-02	-3.4821051388165780e-01	-1.9419905581818572e-01	 3.0519863869727321e-03	-8.6766761172440057e-03	-5.1991913265999820e-03	 4.6646721536506099e-02	 1.1636761801843867e-01	-1.1974165422365911e-02	-1.3884966776921387e-01	-5.7432301381611442e-02	-4.8498663808991312e-04	-3.1270714918463970e-02	-2.0842080064516100e-02	 3.6946798611890317e-03	 2.0061220640780135e-02	 2.8029612337136807e-02
 9.4655647978045057e-03	 5.2087806461262607e-03	 4.1134279101572892e-03	 2.5478284075594491e-03	-3.3619966011303910e-03	 3.2447038042396174e-03	-2.7950850920171758e-02	-4.8322256183956136e-02	-6.3558024012918320e-03	 4.3227067912687732e-02	 3.2085751929684297e-02	-5.8901810746894764e-03	-2.6783127722006103e-03	-7.9847318537803746e-02	-1.2557890311628009e-01	-2.3769497933049992e-02	-3.7220919663075772e-03	 2.8536550911098274e-02	 1.2577760838028573e-01	 6.7063127175405718e-02	-8.9824510432734567e-03	 3.3967366196128060e-03	-4.1048288062517577e-02	-1.2467121894895675e-01	 1.2857386874677978e-01	 3.0773791508300430e-01	-1.7216887453537718e-02	-2.8805579911601070e-01	-1.2223114936642064e-01	 1.0733454334582873e-01	 2.9184630019828239e-02	-8.1056168645354358e-03	-8.2383909062395001e-04	-5.7331762566950883e-02	 1.6821870061853527e-03	 3.4221065672766826e-01	 4.3156941777964863e-01	 5.7324087348592087e-03	-4.0405125640320766e-01	-3.4510764151889883e-01	-8.7597783785569594e-03	 5.6235191821573889e-02	-8.5994912819017141e-04	-7.4967091739211575e-04	-4.2607232168918388e-03	-4.2902822714603450e-03	 3.1444151361379874e-02	 8.0772220808656328e-02	 1.2717857336656018e-02	-6.2376583072343547e-02	-8.1074756975954537e-02	-2.8816057040141719e-02	 1.1198986161374519e-02	 1.3441774029819514e-03	-7.6463759773125217e-04	 4.6714708495709689e-02	-1.7981293409630172e-02	-3.4904121240682040e-01	-3.6195996901144567e-01	 8.8122572337878645e-03	 3.4701966508313520e-01	 2.8525915595509038e-01	 1.5279148733847645e-02	-3.4895720114479611e-02	-1.3102365269758729e-03	-5.9612020253374479e-03	 4.9425705856779231e-02	 9.5159620332201711e-02	-2.3317342186384921e-01	-3.5953767328462410e-01	 1.3426453242744638e-02	 3.6991723924951347e-01	 2.1432153643196278e-01	-7.9128078273940541e-02	-3.7829177619589711e-02	 2.4635389257967452e-03	 4.5473133036130174e-03	 1.0790770147583084e-01	 1.0693389770666747e-01	-3.2572723484154409e-02	-1.0707003072474451e-02	 3.9715796309156670e-02	-8.2928222440615318e-02	-8.8430386460155663e-02	-5.1040801692259462e-03	 8.7276720574418903e-03	 5.0190311282293759e-02	 5.5744958605843845e-02	-1.1605593456416428e-02	-6.7830607377986324e-02	-5.4767657588730312e-02	-3.9172303364985485e-03	-6.0267246538345167e-03	-1.6386458475831107e-03	 1.4880193018522545e-05	-3.8366457813847578e-03	 2.7788435038519602e-03
 2.0372853561896487e-03	-1.4524212808291831e-04	-7.3255170868235736e-03	-4.3248107207501940e-03	 1.0203902342235016e-03	-7.4397670274495157e-04	-2.4048083701260044e-02	-6.1397573351294310e-02	-7.7070229083989666e-02	-5.9324354739193452e-02	-3.0688904888790593e-02	-3.9333145520245626e-04	-4.0511587149581361e-03	-5.1430693217262721e-02	-6.4071493194732307e-02	 3.0413718149503995e-02	 7.9726023356752787e-02	 1.6594764418749346e-02	-6.7593312491475696e-02	-4.6192525296164633e-02	 2.9914462840383046e-03	 1.3446707750307562e-03	-2.9168003710960018e-02	-6.1730562441522287e-02	 1.2415089018321435e-01	 2.2868824076648547e-01	 2.2398213371441100e-01	 2.2984829133781765e-01	 1.2448378608081341e-01	-5.7003348013707114e-02	-2.2993098200651950e-02	 4.8310632278815661e-03	-2.9263336834688992e-03	-6.3649726197419737e-02	 5.5731397209492939e-02	 2.2049843246161779e-01	-4.2073435373015444e-02	-2.5418268981478498e-01	-2.4037012699898792e-02	 2.1451910396574855e-01	 4.1955924050983542e-02	-5.7826790219954190e-02	 1.7000647430857867e-03	-2.5729053250012498e-03	-7.5417005388839470e-02	 1.0691947827143777e-01	 1.8140628702748759e-01	-3.1344563118352675e-01	-7.0632529894790608e-01	-3.4706107516685414e-01	 1.5827460568030305e-01	 1.1695100542482749e-01	-6.2262846268744003e-02	-2.3759390339059818e-03	-1.9249945324843068e-03	-6.2670140491772414e-02	 6.2348686375532453e-02	 2.1955073792388602e-01	-1.4011266315941415e-01	-4.1307923818589931e-01	-1.5686031469461634e-01	 1.8902344019599596e-01	 6.7571838784963548e-02	-5.0836853042381863e-02	-1.0239590678492218e-03	 2.9701038186177734e-03	-3.7767313049569144e-02	-3.6643317545200241e-02	 1.8770798385173096e-01	 2.2033247376190182e-01	 1.3530484906901102e-01	 1.9166141928927838e-01	 1.6257191817824526e-01	-3.2685393141591690e-02	-3.1566602087370749e-02	 3.3962035674268260e-03	-7.1977905900714421e-03	-6.3544375630685296e-02	-4.3887911025063939e-02	 8.7041681983107355e-02	 1.4740228381244347e-01	 9.5712965330014568e-02	-2.6454393222116679e-02	-5.4010670482051555e-02	-5.5929534873129846e-03	-6.4985737988530658e-03	-4.0208048431911426e-02	-7.1311109400264389e-02	-8.7870286386979857e-02	-7.6021982418976397e-02	-4.2698466407178497e-02	-5.2485948530382629e-03	 2.6006751186763554e-03	-4.9492087112131405e-03	-1.0106508299810406e-02	-8.6042764446685426e-03	 5.4701783837715005e-04
 4.0148827041410796e-03	 1.9221905905545730e-03	-6.4023668480750135e-03	-4.9560207044794784e-03	-3.5033576139743947e-04	 2.8986002026163901e-03	-1.8397344667310633e-02	-8.5521555413061057e-02	-1.2958810918389851e-01	-9.0472191991897447e-02	-2.9335535604030120e-02	-2.8391761626579549e-03	 6.9119814781123186e-04	 1.3907792943861524e-03	-4.5525972991401160e-02	-1.8259219960910962e-02	 4.1560656042666372e-02	-4.4472723996024324e-02	-6.3751204369106834e-02	-8.5113961887041626e-03	-2.7360928258477303e-03	-4.8877211129705646e-03	 2.5372294612792962e-02	 5.1248985918283391e-02	 1.4540952435090069e-02	 2.5934647521175813e-01	 4.3952176202177545e-01	 2.4468508337674938e-01	 1.0885471118553078e-02	 3.2247903792111288e-02	 1.5766572696644582e-02	-5.5821184698536998e-03	 1.8772551091580832e-03	 9.2059077723229105e-02	-1.0640291993457583e-02	-2.3713999079124740e-01	 2.9118980321655941e-02	 2.8403465179365395e-01	 5.5482181181451248e-02	-1.6997786734586817e-01	 7.4951339207199701e-03	 8.1604090521330150e-02	-3.1392355722039715e-03	 6.1980397671984738e-03	 1.3431583891216048e-01	-8.4032178685391146e-02	-4.8333041737688603e-01	-2.3879584951771560e-01	-6.2793414873180773e-03	-2.2866351170374455e-01	-4.3871382606081943e-01	-1.0989916884932352e-01	 1.1516277503344227e-01	 2.0862015134584617e-03	-2.0824044348600372e-03	 9.4414456316865070e-02	-1.0988172558963318e-02	-2.8621805213949120e-01	-1.8882856818507987e-02	 1.7776609887519795e-01	-4.4730597235917741e-02	-2.9828600336077560e-01	-3.2572185071957707e-02	 8.6606785244873918e-02	 6.3554808078391417e-04	-7.4358487861886360e-03	 3.3558394023259469e-02	 4.9796252104178672e-02	-3.7688746463125887e-03	 2.5474900338255102e-01	 4.5493676580842785e-01	 2.3707523234361741e-01	-2.0499095509802737e-02	 4.1663600126598303e-02	 3.3784866655394472e-02	-4.8147245328720636e-03	 1.3542768263227490e-05	 5.9572942097558200e-04	-3.7334136072086459e-02	 4.2644297457874403e-02	 1.5243875922016137e-01	 7.1910627409665237e-02	-1.8835224203585743e-02	 6.8140384405460594e-03	 2.2454921589937617e-03	-3.5973861012016006e-03	-3.9269791819409622e-02	-1.0805719288613432e-01	-1.5748641218469889e-01	-1.0900346957692049e-01	-3.3730055494419195e-02	-3.1140279426564782e-03	 6.2923988886963373e-03	-3.2717584153358114e-03	-1.2408152111271949e-02	-5.8936967833202337e-03	 3.2969046617803690e-03
-7.4677213409063848e-03	 1.0853014269623255e-02	 1.5140704823012835e-02	 1.0670398146968817e-02	-4.5942927283442511e-03	-2.3466586301170371e-02	 5.7764766584905735e-04	-6.4960983651035656e-02	-1.4748485015703192e-01	-6.3809240543466372e-02	-3.4712859684023446e-03	-3.2810068785421302e-02	-1.8965886135643869e-02	 9.2421382264464891e-02	 2.1090113014212120e-01	-1.1369244694206826e-01	-3.6787051971112072e-01	-1.2749638076791811e-01	 1.5907950411405644e-01	 5.6467946421018031e-02	-3.2237956593932818e-02	-2.7953102726463027e-03	 1.0111049663352776e-02	 2.1874339187187014e-01	 3.6809706374163731e-01	 6.4825506777545283e-02	-1.8582852251168397e-01	 3.3041176303396168e-02	 3.3859601120191651e-01	 2.0617886132432284e-01	 1.0594369737893971e-02	-5.6994574287723568e-03	 1.4505304536664949e-02	-6.6090478480928333e-02	-8.4372607876610106e-02	 8.7402503895782829e-02	 7.4352179686798525e-02	-1.3299080260329806e-02	 5.7166179189060674e-02	 1.1172011941680071e-01	-2.0065226408834458e-02	-3.8977309775351729e-02	 1.5019832317857591e-02	 1.8879508374246859e-02	-1.8491715375824569e-01	-3.7530908303291194e-01	-1.6497964427362732e-01	-1.1921211135697133e-02	 8.2444143135240282e-03	-6.7396260917802001e-03	-1.4599882559058353e-01	-3.2579168912393053e-01	-1.5938912092354285e-01	 2.4007478863200510e-02	 1.7611564328895633e-02	-7.9369915922141016e-02	-1.3612178944450901e-01	 1.1829335409811577e-02	 3.5830508061517691e-02	 2.8993013101343773e-03	 4.7643291743857674e-02	-1.6691623963946862e-03	-1.6712313406427681e-01	-9.3532062197400914e-02	 1.6015008953212860e-02	 7.5020636643486271e-04	 1.3382283712828468e-02	 2.0275791422185202e-01	 3.2411837842133673e-01	 6.4578180184923964e-02	-1.0655925593871668e-01	 9.9460194060209867e-02	 3.1781157640325597e-01	 1.7510120174340682e-01	 2.0661173456094934e-03	-5.0817422315488163e-04	-1.6266246772870138e-02	 1.3299303334712032e-01	 2.3262193621172267e-01	-1.0396843081490531e-01	-3.3191217876405421e-01	-5.9278681027772756e-02	 2.4609089370725790e-01	 1.1934307649882879e-01	-8.6102936266688173e-03	-2.3620779053037569e-02	 6.2448860440515504e-03	-8.3959277279430422e-02	-2.2415178426792098e-01	-9.7293284603900243e-02	 6.8702497039306344e-03	-2.4389177207696417e-02	 1.7289832482173624e-03	 2.0933661221747061e-02	 2.0077472183892456e-02	 1.1772848670251386e-02	-9.2061644898442114e-03
-5.4925148033028365e-02	 5.1622592756231378e-02	 1.5444509925533498e-01	 6.6028481301826897e-02	-4.2944174214247094e-02	-1.2172304010210099e-01	-2.0108643046960661e-01	 3.7052227652999231e-02	 3.2001129068226386e-01	 5.9172163370710032e-02	-2.3031969398462776e-01	-1.5166654866252116e-01	 1.8411745037876190e-01	 1.8810366085775031e-02	-2.2746896174546072e-01	-5.5333133603131711e-02	 1.2948730193641267e-01	-3.7358853276211648e-02	-2.4689425119927991e-01	-6.1242406153753606e-02	 1.0486619443478364e-01	 1.1301555748289603e-01	 3.0286104019304561e-01	 2.6900029160098016e-01	 5.2104886351179809e-03	-3.0186661685828502e-02	 2.4862301189492550e-02	-2.5999766719113394e-02	-2.1552184321143829e-02	 1.6289829471057876e-01	 2.5329380166734217e-01	 9.5017562724085097e-02	-8.5290849589123030e-02	-1.4888385571522786e-02	 6.9449371102126511e-02	 3.3505182505144615e-02	-4.3624953684714087e-05	 1.9690444960647657e-03	-8.5447534997292992e-04	 2.4365473249611379e-02	 7.7685034736128866e-02	 3.7700376937663399e-02	-2.7493325674700517e-02	-2.2599277795909772e-01	-3.4571576917075331e-01	-1.3989155327164235e-01	-1.6109938209047117e-02	 1.7531898380023355e-03	 3.1076133585958055e-04	 1.5993319267104916e-03	-1.4065258283858413e-02	-1.0963112590522929e-01	-2.9624784118152248e-01	-1.8804952357895011e-01	-9.0033930020613911e-02	-6.6768837382747692e-02	 2.6057733567868197e-02	 1.6987144753683736e-02	-5.8854698188331479e-04	-1.4257585542856792e-05	 3.8835218460022214e-03	 2.1809611440366958e-02	 1.4385183983897735e-02	-1.2342760616780907e-01	-1.2328310017980235e-01	 1.0228509138219483e-01	 2.7002781554303013e-01	 2.2705083531198189e-01	 1.5303594245689868e-02	-1.8484460789129700e-02	-1.0768470431819646e-03	-2.2947423910647507e-02	 3.5369495559651618e-02	 2.3104483806545442e-01	 2.2671886782010880e-01	 6.4164689783966028e-02	 1.9803204019535509e-01	 1.9279724251973572e-02	-1.9049967356276495e-01	-3.8576745567414417e-02	 8.7555957638408385e-02	-6.4750325928829511e-02	-1.6528367451960027e-01	 7.2719917267570766e-02	 2.2599004529446137e-01	-1.6797287419995083e-01	-2.6648650601531637e-01	 4.0780285554935305e-02	 3.1259785635302406e-01	 8.7842553070815125e-03	-2.9107118980917224e-01	-1.5717189937274839e-01	-8.0054407607772340e-02	 1.0214111773338874e-01	 2.3050928987272967e-01	 8.8973368022112947e-02	-1.1218307637555186e-01
-3.8587408835263404e-02	-1.1697371403948031e-01	-2.2738381242841277e-02	 7.9529651707839641e-02	 1.6908953492552697e-02	 1.5937710287918957e-01	 3.0273472564763679e-02	-2.4035172585492279e-01	-3.3263495309669648e-02	 2.1700959555332966e-01	 6.9778718829634281e-03	-1.4120590371943520e-01	-2.7689280506925654e-02	 1.7958583480822043e-01	 1.6309331453407139e-01	-7.9340579108779757e-02	-6.7082760935166805e-03	 8.7883469775523179e-02	-1.1755537660261282e-01	-1.8870870290748654e-01	-2.4033810332226471e-02	-9.7535748161022756e-02	-2.3873591894329926e-01	-1.1081480332755023e-01	 4.8373973966983973e-02	 5.9855716899263412e-03	 6.9542429004177081e-04	 8.5396385810222199e-04	-5.0440373844761605e-02	 3.1134552815230233e-02	 1.7849883026172758e-01	 7.3724639491978106e-02	 3.5281718129648754e-02	-5.0329585958100595e-02	-6.8916021292822094e-02	-1.1907207642665892e-02	 2.5628456033846775e-03	 1.0733946266695683e-03	-1.2009836590883555e-04	 9.2520801173037251e-03	 6.8119550878472795e-02	 8.6319245795335633e-02	 4.4494654271848497e-03	 1.6203458801390996e-01	 2.5123082853862144e-01	 8.3004333384192830e-02	 6.5349982061207821e-03	-1.5821009998593203e-03	-3.8774457203275198e-04	 1.4490158199370073e-03	-6.2620250511952018e-03	-6.4146128331945829e-02	-2.1185968657596249e-01	-1.3715024745015711e-01	 3.9497910343476758e-02	-5.2934052702183201e-03	-4.3629456865815430e-02	-1.0166273521601502e-02	 4.4235344103429252e-03	 2.6280685785451995e-03	 1.8690986602538267e-04	 1.1500742549692024e-02	 3.5090528798347002e-02	-5.2511956060655660e-02	-7.3364620723200602e-02	-9.2994489063885730e-02	-2.3026364766275934e-01	-1.1015313129079576e-01	 2.6383128683886717e-02	 7.2949939342915760e-03	 2.6112756821312917e-03	-8.6918045451572640e-03	-1.4143998985393879e-02	 1.2476074126925593e-01	 2.1448419412049208e-01	 7.2445681940394677e-02	-4.5507944883349416e-02	 1.4659212712764461e-01	 1.4806680673085754e-01	-4.5646994033875912e-02	 1.3271251527252587e-02	 3.7828792886483206e-02	-1.3398924910888277e-01	-1.0641442933920188e-01	 8.8555430627919374e-02	 1.7618455769815711e-01	 2.5023811026958762e-02	-1.9492020646806874e-01	 3.0485273086309935e-02	 2.0561506231872712e-01	-6.3255834528186644e-02	-1.7935939932018236e-01	-4.8462142097776523e-02	-1.2772969963508946e-01	 2.0328597281302437e-02	 1.4646657895045209e-01	 3.9874546558732585e-02
-1.4905314137095399e-02	-1.6687129451272931e-02	-9.2925044943764426e-03	 2.9869591155796196e-03	 3.9686217439632758e-03	 1.9927134435662949e-03	 2.2466159040989558e-02	 9.9591385073268673e-02	 2.8801555631949183e-03	-9.6129609513332326e-02	-3.0522251399118495e-02	-1.1661754913823291e-02	 2.3444369610381858e-03	-6.8004167007464644e-02	 5.4856220699628540e-02	 2.9637425460617500e-01	 1.3169353478126405e-02	-2.8212917410308413e-01	-9.8532200247908597e-02	 3.0133163175542342e-02	-1.4115264317695863e-02	 4.1182350834844247e-03	-3.1889214501529123e-02	-2.5099820840787540e-01	-1.7430375102435941e-01	 9.4382010046491660e-02	-4.5356590749527281e-03	-1.1154805344246456e-01	 1.2641644543809516e-01	 1.9702320877025509e-01	 2.3853614349481085e-02	-9.8440616091085703e-03	-3.3527986032653684e-03	 3.4637462862294854e-02	-3.0761458619376732e-02	-9.7239128599153235e-02	-1.8928316354204361e-02	-1.9247870960336197e-03	 1.2778875986687036e-02	 9.3886799112763139e-02	 6.9333422429396524e-02	-9.9023721712933142e-03	 4.8247929412723184e-03	-1.5968256343675182e-03	 1.7318542157638123e-01	 2.6049961804221133e-01	 7.3355322435440379e-02	-7.3327532137593414e-04	-4.1281388008340919e-04	 2.4753869247527618e-03	-6.6871916934025277e-02	-2.2206141946390712e-01	-1.4880775538454788e-01	 5.5479221269549807e-03	-4.6995451111800837e-03	 5.1629582115044551e-02	 1.6682259503958276e-02	-4.8221698675872615e-02	-1.3394806834982929e-02	-8.9609297639091628e-04	 1.9445340201120362e-02	 4.2324779464889578e-02	-5.5257448060436073e-02	-7.4649781074661442e-02	 1.7026606169216905e-03	 4.3477829793946241e-03	-3.7937255005519366e-02	-2.4038408297183225e-01	-1.6667023134463266e-01	 6.0314223363822854e-02	-1.2451628824833035e-02	-4.0156920703512462e-02	 1.8414867556641046e-01	 2.2449808165159474e-01	 2.6469200694093475e-02	-6.4865201682343032e-03	 2.6193970390671695e-03	-8.8275289461278647e-02	 1.9716365635712812e-02	 2.4275780659801344e-01	-2.1583913818201725e-02	-2.3793204296375364e-01	-6.6906368637695106e-03	 8.9842228777549965e-02	 6.8309504501688758e-03	 5.3688838339678328e-03	 4.4860820293780704e-02	 1.2509217231165970e-01	-1.6981381865518320e-02	-1.4881241583349669e-01	-5.1384847548493720e-02	-9.6860256613179561e-03	-1.2488454288860362e-02	-9.4511197796786316e-03	 8.4880152752709703e-04	 5.7275805996166882e-03	 5.1153777007876657e-03
-4.5462203517070351e-03	-1.4652455693578642e-03	-4.7778902961746219e-04	-4.1926103851735261e-03	 6.7776970013157896e-04	 2.9415288770823652e-03	 2.6946535679468257e-02	 4.7589241540391056e-02	 7.5148711912137317e-03	-4.2330502785312432e-02	-3.2932118863680915e-02	-3.6050272599237147e-03	 5.0490305108677712e-03	 4.0537355494031972e-02	 4.8127476060416133e-02	-6.7625448967272433e-02	-2.2188666370706461e-03	 5.0129080141850024e-02	-5.6672291841240362e-02	-4.0686954078474467e-02	-1.2328090621501057e-03	 2.4975430180202594e-03	-1.9128506897133049e-03	 8.2659786914098792e-03	-1.5313022708104013e-01	-3.2782519014272471e-01	 1.0742054141932678e-02	 3.0633175368791071e-01	 1.5595654416832247e-01	-1.0355795110045873e-02	 1.2119022415525160e-03	 6.6423750888626682e-04	-2.2997372284270568e-03	-5.0258374747614312e-02	 6.1318825069142616e-02	 4.2350971661673113e-02	-1.5993948522100326e-01	-8.9022644701454365e-03	 1.5707576599138751e-01	 1.8077136542232843e-02	-2.8269712577554836e-02	 4.7271250858432173e-02	 2.5293825322259059e-03	-7.7392586196056721e-03	-8.4968395306737790e-02	 1.6569390228469372e-01	 3.2797410205161659e-01	 8.2306993339330378e-02	-1.1578638902378176e-03	-8.1069997226315069e-02	-2.9186755824946220e-01	-1.7078985394668778e-01	 7.5198995807198438e-02	 9.3093169649612201e-03	-9.8499344611329841e-04	-5.5496124851139653e-02	 6.7424720353906384e-02	 9.9872219572320536e-02	-8.7199450281626262e-02	 7.9570138745389506e-03	 7.7961435732556553e-02	-1.2826057659871176e-01	-8.4788369022325866e-02	 5.1486186133940237e-02	 7.3326629407484065e-03	 2.0425350756922236e-03	-6.4046810092925838e-03	-3.0492867156315332e-03	-1.7658222949959623e-01	-3.1882372996849417e-01	 2.3119194326224578e-02	 3.1647673842878493e-01	 1.4774168360173662e-01	 7.2760783598896297e-04	 1.0764820837122716e-02	-5.1629583203438329e-04	 6.6546044177993834e-03	 4.8918732996194106e-02	 2.2155760970111696e-02	-1.1696922992579033e-01	 3.1072191680587787e-04	 1.3908587857937385e-01	 5.1754155906787716e-03	-3.7585141036906800e-02	-3.8575929331446396e-03	 1.3623847609555713e-02	 5.0137228682536894e-02	 5.1814954817020351e-02	-9.7859598080515253e-03	-6.0042383369781460e-02	-5.0682715214643695e-02	-1.1051734125666273e-02	 2.9184489900819848e-03	 3.9506612576526946e-03	-2.0650324036812729e-03	-6.5314417552539677e-03	-5.2888439644856022e-03
-2.1291162532158410e-04	 1.0230714713755646e-03	-1.5975627499374795e-04	-1.4111851173870338e-03	 1.0962440496767424e-03	 3.6821638075395322e-03	 1.0870250993172488e-02	 1.2478210804281610e-02	 2.2399091265677658e-03	-1.0417074318401337e-02	-1.1564616061399635e-02	-3.3460967168671522e-03	 5.8050654911219737e-03	 3.1285444457022721e-02	-4.8529764979759558e-03	-4.6672909763844708e-02	-4.0012085020869892e-03	 3.8531369568248444e-02	-1.3804794413118868e-04	-2.8874650812146224e-02	-4.9474914490067884e-03	 1.4705689173750368e-03	 2.5742982500257021e-02	 1.9202675395077801e-03	-1.2884169609590257e-01	-4.8171091368155811e-02	-1.1226522719541047e-02	 4.2482409311755578e-02	 1.2499565567350379e-01	-4.2075981887613996e-03	-2.1791099197967137e-02	 5.4298615003230653e-04	 5.3530921255220071e-03	 4.2090733048596202e-02	-1.3293257766883887e-01	-5.0383926693121993e-02	 2.3002318020820373e-01	-1.5586238558644364e-02	-2.2240686111527030e-01	 4.9469462813121354e-02	 1.1289165404100215e-01	-4.0687566115949855e-02	-1.9391891578311358e-03	 6.1403751405850627e-03	 4.3804797053015820e-02	-1.6822642722635711e-01	 9.7266028678651584e-02	 4.2519293362721294e-01	 6.3394882934361980e-03	-4.3224171810818784e-01	-1.0444076749101430e-01	 1.6310310505313719e-01	-3.6021410781038085e-02	-8.4569171244319730e-03	 4.5827938216818579e-03	 4.4346916394988015e-02	-1.4110625885153655e-01	-9.4236941278307909e-03	 2.9523893570389570e-01	-1.7203533563242526e-03	-2.9245827419744908e-01	-5.8221532798713380e-03	 1.3249090966379368e-01	-3.4353783161398366e-02	-5.3611851081439175e-03	 2.9504591454618543e-03	 3.2022296192641964e-02	-3.7439999118686174e-02	-1.4174682352963214e-01	-8.7121384828881231e-03	 4.7209338506886767e-03	-2.7696873487609544e-03	 1.2783659411570958e-01	 2.6628186635714007e-02	-2.2569691453527996e-02	 2.8334614903125044e-05	 9.1515270189429614e-03	 3.3533309264972375e-02	-2.0253130918235458e-02	-5.1418691904937079e-02	 6.8926216483531887e-03	 6.3109896695276904e-02	 3.5036491689327237e-02	-2.9779792931265280e-02	-6.6996227535220196e-03	 9.8720167093132791e-03	 1.6740002421519525e-02	 1.1053469605772772e-02	-1.3510385126411159e-03	-1.2765010893290442e-02	-1.6835494959958529e-02	-5.1852660723585627e-03	 2.4184724074818695e-03	 2.4786597240525768e-03	-1.1277059942856591e-03	-2.8332545476640516e-03	-2.9203540348292025e-03
 3.4973909809149668e-04	 3.8625575957427763e-03	 8.3286758421654734e-03	 6.8766383812812202e-03	 1.1104516764432794e-03	 5.4790097026214072e-03	 2.0490909306278338e-02	 4.6590272747200762e-02	 5.1040460747215396e-02	 4.5870405804563870e-02	 2.6217960813747991e-02	 5.4994740050472134e-03	 5.6268475014512095e-03	 3.2730189446183403e-02	-2.3296977105585759e-03	-1.2471233628456213e-01	-1.6590102417571612e-01	-1.1299420819992885e-01	-5.0349863041812971e-04	 2.9785394892600042e-02	 4.2874469301331427e-03	 9.4097261759337617e-04	 1.3644461466275255e-02	 1.1781847171901339e-04	-1.2906642537361851e-01	-7.0123296532584950e-02	-9.8655566747338237e-03	-9.1092139316076126e-02	-1.3918996064570599e-01	-1.0494423178659465e-03	 1.1241793031144467e-02	 6.3115308317315995e-06	 1.4414923911463037e-03	 1.0650469636347771e-02	-4.9145239889859249e-02	-2.8316585032653920e-02	 2.5974883146225458e-01	 4.3775554875683287e-01	 2.5584266274066636e-01	-2.7279711225372722e-02	-4.6884372913003389e-02	 1.3105593209890822e-02	 1.2344415131796493e-03	-6.0124038424998335e-04	 1.0086756619099278e-03	-5.3409824491720166e-03	-4.0168699801657430e-03	 6.4596736445016317e-02	 9.2006824564383874e-02	 7.8141805947528814e-02	 1.8299222520550724e-02	-1.1895026354610835e-02	 1.9068231205871611e-03	-1.2661168925012485e-03	-1.5075088550094702e-03	-9.7736268058930785e-03	 4.5660325271401653e-02	-5.7428557953269717e-03	-2.9832693929438292e-01	-4.3848183275253294e-01	-2.7258835361048422e-01	 3.7022017032039148e-03	 3.6556319022108485e-02	-7.3434213956167886e-03	-2.0926274694181035e-03	-1.2352530566284558e-03	-1.4956524514888119e-02	 2.4900933986532328e-02	 1.3327357338021667e-01	 4.3747728189025186e-03	-1.6222473118916525e-01	-3.0148856373910807e-02	 1.1552335738031058e-01	 1.7975710040521231e-02	-1.2867283858676143e-02	-1.8284370103087218e-03	-7.6323790607497038e-03	-3.2764483007984548e-02	 2.6940430100255493e-02	 1.5862645636252720e-01	 1.8798385934721085e-01	 1.5762417872054818e-01	 4.4363594657902759e-02	-2.6239294155565009e-02	-5.6615705983678963e-03	-1.1127420439281440e-02	-3.2003141173417370e-02	-4.1138660690449046e-02	-3.8804896894814277e-02	-4.4143250809122417e-02	-3.1321845304578363e-02	-9.0362004228255015e-03	-4.2648509320919329e-03	-1.2733188889636638e-02	-1.4613612377080837e-02	-1.1227772178825601e-02	-5.2317543527008858e-03
 5.2950064108222812e-04	 3.7668048560785370e-03	 9.1172593171627934e-03	 6.2302460730069400e-03	 1.8404833734294637e-03	-3.8080603476251034e-03	 2.1730329810897876e-03	 5.2050776261849382e-02	 8.7913166466036391e-02	 5.9403184836524743e-02	 1.1245102581380905e-02	 2.1878125455492207e-03	-7.3165120145661754e-03	-4.2831987195455001e-02	-1.5045469663237374e-02	-4.9678213845443450e-02	-1.3537821506026915e-01	-3.0087553121702394e-02	-4.6123850947631028e-03	-3.1213015936781587e-02	-7.4325062838423276e-04	-2.5164519859557470e-03	-3.9832210345195435e-02	-5.4108968699477504e-02	 1.3097091904505270e-01	-7.6526097796526860e-02	-3.2038383955449562e-01	-8.5365376836535972e-02	 1.2261542092714114e-01	-4.2892249108430897e-02	-2.8934810829907877e-02	 2.6294127244214311e-03	-5.5077811750587000e-03	-5.5326229886602955e-02	 8.9846192572794470e-02	 3.2829458537829170e-01	 1.4162758783849549e-01	-1.0128526934889234e-01	 1.0644069033636963e-01	 3.0646751821203222e-01	 8.7915731678155556e-02	-5.0966914215718653e-02	-2.4673933054450625e-03	-7.9011816128972271e-04	-7.8863333053698255e-03	 4.3438718769849708e-03	 3.9162639910009706e-02	 4.4937520621613748e-02	-1.3174438728323498e-03	 2.3473994976279493e-02	 6.9938395149535273e-02	 4.7798139407293917e-02	-9.5919077946554493e-03	-2.1768206224393443e-03	 1.2173523255291370e-03	 4.3389844518216217e-02	-9.8980069586148897e-02	-3.2216517658222843e-01	-1.1747135275769008e-01	 3.6574799822917954e-02	-1.3514740135589376e-01	-2.9217054739840614e-01	-8.6924906359996126e-02	 3.4276285720588467e-02	 3.1444265063490344e-03	-2.7626100010559151e-04	 4.6054136651676153e-02	 1.8389697427933512e-02	-2.0111778152251791e-01	 4.3039907582983705e-02	 2.6921992152489671e-01	 6.2343913535631585e-03	-2.0219891900343823e-01	 1.2241654237058117e-02	 3.6018350810772759e-02	 9.4830479152470208e-05	 9.0458378106697945e-03	 5.5945743755461075e-02	 8.2102027984485848e-03	 8.2098095229401119e-02	 2.1121838957390965e-01	 8.9938710907159158e-02	 3.0219483052966530e-03	 4.8858695940368596e-02	 9.0511792358483369e-03	 4.5696545700681986e-03	-8.1641156788055252e-03	-5.9691893115478158e-02	-9.1522405205441582e-02	-5.6214057964262820e-02	-2.6998364428363003e-03	 4.0841937483669872e-03	-1.0378609934301967e-03	-1.0853584443182159e-02	-1.6311095381859497e-02	-1.0364041229207269e-02	 3.9634708816835285e-05
 1.2559314659950176e-02	 8.5318332355302094e-04	-3.5982416655846129e-03	-3.1575865340239531e-03	 5.5813634435122111e-03	 4.1438320058365362e-03	-1.8277471106996984e-02	 3.9309015226894214e-02	 1.4305147603015955e-01	 4.4563177263011802e-02	-1.2875941698314103e-02	 1.3414107943244758e-02	-5.2449231857525070e-04	-6.9486880359019565e-02	-2.4711406396010099e-01	-1.0996871185188054e-02	 2.5740918029486476e-01	 1.6347006711899172e-02	-2.1424408824808913e-01	-5.7849581448077003e-02	 2.4757510656626463e-03	-8.6146219870690682e-03	 3.1380891391599247e-02	 4.2005793618822167e-02	-1.7995769717228854e-01	-8.8033878455398007e-02	 9.2183191456098948e-02	-6.8825944320707877e-02	-1.8858492608575586e-01	-2.0365130957951637e-02	 1.3007912577415810e-02	-1.0188351429125423e-02	-5.4575150831454606e-03	 1.2141431924754131e-01	 2.7836942710105428e-01	 8.4120045703025226e-02	-1.9967754632765986e-02	 2.9401770141391419e-04	-1.9458100427711164e-02	 4.5163809483992144e-02	 2.3383657398888230e-01	 1.1643390503069848e-01	-5.9329796977912533e-03	 6.2991769359733345e-04	 5.8278530685000607e-03	 3.0088042685425330e-02	 2.0134118134882195e-02	 3.7655999492682227e-03	-1.0958192305196106e-03	-3.4173525370204986e-03	 1.6535999507327856e-02	 7.5527753202860023e-02	 4.7188359687187112e-02	 1.6898900663024428e-03	 1.0378229708534527e-02	-1.2179080050949243e-01	-2.8577141806373685e-01	-9.4671477912845720e-02	 7.5310532652168877e-03	 1.4157587731933833e-03	 2.3715690812004687e-03	-1.0390390840644220e-01	-2.5911346235794286e-01	-9.8103321995700626e-02	 7.4157579639610102e-03	 1.2808742191159173e-02	-4.3407137970571136e-02	-7.7279644536588962e-02	 1.2200894262933774e-01	 6.9080073838933498e-02	-4.0970852582149483e-02	 8.1282189279245132e-02	 9.8772141899230892e-02	-9.9286015201131173e-02	-5.3114445530763943e-02	 7.7426784116221862e-03	 5.7552229801789406e-03	 9.3154575504965087e-02	 2.4725634875433927e-01	 6.3203752659981884e-03	-2.1483050738478968e-01	 4.5814699911230147e-02	 2.4855357649649990e-01	 7.2480684414820057e-02	-3.6720364917188186e-04	-3.2367970897841884e-04	 3.5760775957698304e-02	-5.0007567282226460e-02	-2.0121783373793006e-01	-5.1138070073832670e-02	 4.2579515516526154e-02	 1.2001386003942516e-03	-5.4765802303565984e-03	 3.3949283684339450e-03	-3.4952292823902786e-03	-3.4930536059458806e-03	-1.0553808698054539e-02
 5.4506244028399042e-02	-1.4032563337621266e-02	-1.1546339859938733e-01	-3.4364341372703069e-02	 4.1846632005509449e-02	-1.3924489218562475e-02	 1.5324141009043082e-01	 3.0242119916135232e-02	-2.3609606552164938e-01	 7.7928555890973599e-03	 1.9753606211989064e-01	 3.7535140085073873e-02	-1.7839396163878857e-01	-1.9873176874339854e-01	 8.1708194913722276e-02	 6.1609461213657499e-02	-7.6123182493161773e-02	 5.4096822654063029e-02	 1.3401678994858787e-01	-1.1478956231875388e-01	-1.4565866216187220e-01	 4.4544831149600055e-02	-3.1501726716853279e-02	-1.7289719301817744e-01	-5.8126507641109874e-02	 1.0638252309639506e-02	-1.2342329656258155e-02	 1.3919948162109990e-02	-2.9139755567630467e-02	-1.4786099437192909e-01	-7.2504087373167256e-02	 8.1455581625447943e-03	 1.4656844623028653e-01	 2.4497795436992337e-01	 7.2776140830876523e-02	-8.0786919205346371e-03	-3.9417844464851356e-03	-1.5659629657179186e-03	-3.9014350754828894e-03	-8.0545660917982209e-03	 4.5624758248967598e-02	 2.0877496008483182e-01	 1.1560014565815380e-01	 1.7395261182106755e-02	 1.7649131630899477e-02	 1.4090654051346515e-02	 1.7924064935425582e-03	-2.2036479733668433e-03	-5.7379346514875671e-04	-1.4401064796804172e-03	-1.4257619079969276e-03	 2.2183539645967740e-02	 7.2812951481891403e-02	 4.5544026519786077e-02	-1.3580769473716758e-01	-2.4157653157185272e-01	-9.2714858068976336e-02	-1.6491776841740721e-03	 3.1431262897963419e-04	 1.7937289264456559e-05	 3.3362136907641921e-03	-1.4526255058762113e-03	-9.0637846819483586e-02	-2.1435080295621595e-01	-1.1225417200482775e-01	-4.9355015817519901e-02	-2.1159424956106441e-03	 1.1618297657537713e-01	 3.8804298918711233e-02	-3.3652620631374041e-03	-1.2412294714079812e-03	-4.1363934245911812e-03	 4.6418797159331310e-02	 1.0035297470471755e-01	-5.8377688937506299e-02	-6.5581022252609672e-02	 1.8580520033250175e-01	 1.6984914722435734e-01	-5.5632602171665907e-02	-3.8575083537684116e-02	 5.0533878640197316e-02	-5.1971220162187026e-02	-3.4459354663392422e-02	 2.0031095815073982e-01	 1.6736107558783786e-01	-1.7893051293568232e-02	-2.1492572215935307e-01	-1.7649394416120609e-02	 2.2433044615299524e-01	-4.5723020386567011e-02	-2.1374786675849056e-01	 1.1964447020838191e-03	-7.8182060436356227e-02	 4.9612129802651339e-02	 1.6727710686114583e-01	 3.5959662894143041e-02	-1.0100739538674178e-01
 1.4116229972432497e-02	 8.7806586113075402e-02	 2.0978691162877192e-02	-6.1805883677567036e-02	 7.4902976690618202e-04	-8.4323674617646560e-02	-7.4703401047815060e-02	 1.6935771336207639e-01	 2.8410742980860413e-02	-1.5791882760442189e-01	 6.0751587955897107e-02	 1.0042391494297365e-01	 1.1302111323347422e-01	 1.1700899221929757e-02	-1.2644618450892212e-01	 3.7344270370504112e-02	 6.6954882652360929e-03	-3.9069857816143923e-02	 1.2271794561147616e-01	 4.6593080104830133e-02	-6.5537947565559140e-02	-4.5198891579547170e-03	 1.0254464369198557e-01	 1.4249569602870005e-01	 4.1682000202261276e-03	-3.6127961885628473e-03	-1.7826414258747362e-04	 3.4859736681461147e-03	 1.0927444563173735e-02	-9.5396926339508373e-02	-1.1457129245656333e-01	-1.4773697392848027e-02	-1.0661632199727020e-01	-1.6723684111527251e-01	-2.6655221064070214e-02	 6.1002813853400454e-03	 4.2148595455436576e-04	-6.7483687017967100e-04	 1.1264472218176710e-03	-5.5333030042218328e-03	 1.1020756521625303e-02	 1.3137253166457297e-01	 8.0106932777101819e-02	-1.3330953160693836e-02	-1.4091116084155768e-02	-8.4685987246759832e-03	-2.1142852348651477e-04	 7.3884247460294437e-04	 1.1570409417894574e-03	 2.0351268649563960e-03	-1.4144228964709325e-03	 1.4669646305124521e-02	 6.1966233142555303e-02	 3.5942624867373374e-02	 1.0189975651068976e-01	 1.7415522331051153e-01	 4.6240528445328388e-02	-1.7877280270637789e-03	 2.4922136908491020e-03	 2.4232112306214765e-03	 1.7018137511325129e-03	 1.0924747351717498e-03	-4.8961411181391259e-02	-1.6473724350870822e-01	-8.8512300032995914e-02	 9.2296593825015073e-03	-7.3508077122512172e-02	-1.0818217092288326e-01	-4.8981871553823875e-03	 3.1796197153768427e-03	 1.2968735090783990e-03	-3.6714575600679741e-03	 1.3788797745665203e-02	 1.0384762013236490e-01	 2.3502131079632546e-02	-2.4358150822008096e-02	-1.2873690376082272e-01	-1.3917544886954701e-02	 1.0386427316565017e-01	-1.7781169918217345e-02	 9.4030010515389582e-03	 7.6250227387972755e-03	-8.7151604371916797e-02	 5.3546559011158568e-02	 1.3685064668570462e-01	 1.0945079190672276e-01	 9.2263695524856942e-02	-1.3537914345626842e-01	 2.1865997996203257e-02	 1.3358607513495122e-01	-1.2056416349254845e-01	-9.9966987292946230e-02	-1.1483882155201295e-02	-9.9735753267040983e-02	 1.4994104698492258e-02	 1.0890173254047764e-01	-5.5770352599920437e-03
 5.1865815687881303e-03	 6.8007123039439451e-03	 6.8735164468807794e-03	 1.8929605458985007e-04	-3.6042940203293911e-04	 3.2396794763544529e-03	-9.3427991332704352e-03	-9.7014259025329619e-02	-6.7462637696828406e-03	 9.3896579495689900e-02	 2.1564867942334781e-02	 8.0497545368225301e-03	 4.4968664527515953e-03	 8.8016998317929668e-02	 7.2829403182476479e-02	-1.9966027634633243e-01	-9.8443259831994985e-03	 1.9892524473866105e-01	-2.1102565778974392e-02	-5.9043888686902350e-02	 2.9053070083671787e-03	 1.4788849040395886e-03	-1.4409930207678914e-02	 8.4619030951745139e-02	 1.6376447018134963e-01	-2.1993960074340971e-02	 4.0564535953630555e-03	 3.9023839778631761e-02	-1.4287258545421641e-01	-1.0734590860765442e-01	 4.0452634918565435e-05	-2.0380846583375281e-03	-2.0082459306443468e-03	-1.1152121188508235e-01	-1.7874931398331501e-01	-1.5611782846613170e-02	 1.0685313237535750e-02	 1.6966136895824333e-03	-9.6778759733331596e-03	-5.9587060235107916e-03	 1.3643977755486231e-01	 1.0240798289978334e-01	-7.5670351700898343e-04	-4.4266524089036025e-04	-6.4543298778685209e-03	-2.2915791454401882e-02	-1.0569164336758308e-02	-6.0882522621396305e-05	-1.6870203459096460e-04	-2.0826623149761215e-03	 8.6218801562482524e-03	 5.7603059607566370e-02	 4.4906107137449844e-02	 2.3405754432211205e-03	-4.0701594041728569e-03	 1.1498023542901026e-01	 1.9705843636589176e-01	 3.3867584014534782e-02	-5.3460975657170897e-03	-7.7343658107997706e-04	 4.0703153890168341e-03	-4.1622681796427932e-02	-1.8724720434335668e-01	-9.9447551327051381e-02	 9.4923761840738391e-04	-6.1345534733539837e-03	 1.9573499954841440e-02	-4.8016081315925024e-02	-1.2615159611635018e-01	 7.6386548208495159e-03	-9.4871056944185531e-03	 2.3380408881580562e-03	 1.2213177692986651e-01	 2.4913930980819256e-02	-3.6842909327968437e-02	 8.2397080590769869e-04	-7.4606568314526060e-03	-1.1445163004743047e-01	-1.0055485924241582e-01	 1.5108630201104506e-01	-1.7821482670281750e-02	-1.3776067546890486e-01	 1.0908322362181952e-01	 1.0055848916319951e-01	 6.7322921973981334e-03	-3.7716680953946741e-03	 2.0788407955588197e-02	 1.1516265686978737e-01	-1.7824590555966118e-02	-1.3545957545050474e-01	-2.1633701636466926e-02	-3.7380264796735914e-04	-6.1361701875949585e-03	-4.8537232849067326e-03	-2.4302670737834141e-03	-2.4680267027855493e-03	-2.8341444138146434e-03
 9.8163142824759446e-04	-1.8028112325170083e-03	-3.3290925094174969e-04	 4.7154677227812126e-03	 7.6383116301293038e-04	 5.2270798201048277e-04	-1.7722553823171401e-02	-3.6983245125910058e-02	-7.3815924922626848e-03	 3.3596418096965411e-02	 2.4320601392154403e-02	 3.7480772124354220e-03	 2.2374345273579732e-03	 1.6056182551373232e-03	 3.6113371079569993e-03	 1.2534813236182243e-01	 7.1496507770774029e-03	-1.0290420661891300e-01	 3.9324911584256491e-03	 4.2133135236987317e-03	-7.6836312799218867e-04	 2.3472757766259595e-03	 2.7171379923469789e-02	 6.8908717568756349e-03	 1.3025452240870436e-02	 2.2996445159614562e-01	-8.4672085990450466e-03	-2.2116465948667874e-01	-3.0723979878253625e-02	-7.0674410872042237e-03	-1.9542646834254884e-02	-2.9741522429537761e-04	 5.1605075623871993e-03	 4.2741197882228563e-02	-1.3661628373739218e-01	-2.1140713076914194e-01	 8.4201964955390937e-03	 3.7886752636782464e-03	-1.7937580529786040e-02	 1.6972269408949753e-01	 1.2111009479940256e-01	-4.0045598950137609e-02	-3.6069211668167730e-03	 5.1701620794763169e-04	 5.8260190489217659e-03	-1.2359074593111270e-02	-3.3190040717520533e-02	-1.7694168274695395e-02	-1.6319223633826491e-03	 9.0712735040540254e-03	 5.1937602311828965e-02	 5.4690812754837462e-02	-5.1373339141778836e-03	-8.6493725035688776e-04	-1.6713738384454111e-03	-3.3038481886936095e-02	 1.4340411053708566e-01	 2.1634316447129198e-01	 1.2201858962428435e-02	 1.8842296214100392e-03	-2.7175026186902210e-02	-2.1242192005735072e-01	-1.3093552181373957e-01	 2.5939754216435837e-02	 4.1167768589624176e-03	 4.2709976290040389e-04	-3.3701193220084552e-02	 2.1059530083853688e-02	 2.4286099642840925e-02	-1.9213325982137308e-01	 1.9198618846383478e-02	 1.6829609211377999e-01	-4.6366267165558056e-02	-2.5482744513965740e-02	 2.5631318104309082e-02	 1.8354666894721701e-03	-4.5682322901971825e-03	-4.9146949703719571e-03	-1.7361919979577322e-02	-1.5412680503551629e-01	 8.8709160406482065e-03	 1.7306784830113384e-01	 3.1911670254423562e-02	 9.4975437306360211e-03	 5.1254790043646619e-03	 8.0768028525078743e-03	 3.4170312762718452e-02	 3.8317866435985386e-02	-3.7371567541373903e-03	-4.0049465068584506e-02	-3.1982946794079883e-02	-5.0008983707001756e-03	 4.0022834168457937e-03	 8.0019237377068932e-03	-6.5549182955954206e-04	-7.7996078853305312e-03	-4.1541091991235488e-03
-5.5985496880113614e-04	-1.1569936763911109e-03	-8.8388281540261869e-04	 2.2160607961877032e-03	 1.0717002978112504e-03	-4.9460181386394375e-03	-9.7605736466640051e-03	-7.8993565042493486e-03	-3.0422235622663048e-04	 8.8070953002637765e-03	 1.2600040775655835e-02	 7.3426333895897757e-03	-6.4230141182045689e-03	-2.3847330941252430e-02	 3.8165011610130736e-02	 7.6868917697066511e-02	 4.7061226738671740e-03	-6.9317023308959405e-02	-3.5852979761985038e-02	 2.2091339232034948e-02	 6.3209877112221195e-03	-2.5742857936311833e-03	-1.3191237396424043e-02	 3.2940111407335756e-02	 9.9982402138427573e-02	-6.3735286102630878e-02	 1.1052886141283715e-02	 5.1040401459471363e-02	-1.0313549534637617e-01	-2.7119858484117430e-02	 1.3614703975535571e-02	 7.2810026675117169e-04	-1.4682044466070481e-03	-7.9571875661584284e-03	 7.1486500011904569e-02	-9.0126606603399245e-02	-3.0492660256739434e-01	-4.9647390248723792e-05	 2.8872342096662607e-01	 9.2579774916286828e-02	-6.6774449559349469e-02	 8.3278581088944009e-03	 1.0795799715496530e-03	 3.2279671168959471e-04	-1.1909764377762973e-03	 7.1578064331990756e-03	-1.1264470426411100e-02	-7.0533029274301412e-02	-3.8660686258609436e-03	 6.1873634028865511e-02	 4.3113981558428355e-02	-8.8967442559868999e-03	-3.7877559077027507e-04	 6.7510135988532065e-04	 2.0934620398241261e-03	 7.0235807948878601e-03	-6.4317741614199231e-02	 1.2683875601606764e-01	 2.9382658919321858e-01	-4.8879325985021933e-03	-2.7154699448386355e-01	-9.7016529304521357e-02	 5.3408606133930003e-02	-5.8981127319449808e-03	-1.4270055200735769e-03	 2.3247230050968881e-03	 1.4980678876006364e-02	-6.2486237833193625e-02	-6.0087630142000789e-02	 1.2432756307569168e-01	-2.9737228795103511e-03	-1.3831332882384212e-01	 5.5479138137571840e-02	 4.6702693155039499e-02	-1.1343637890362164e-02	-1.2057312693354023e-03	 1.0454915794836466e-02	 1.7991757048523918e-02	-5.7396159867998939e-02	-6.6089974910457788e-02	 9.3049728545109844e-03	 7.5852147628963987e-02	 7.0833852157450389e-02	-1.7371736905007127e-02	-7.6404420299846431e-03	 1.0360392085276202e-02	 1.6310061108884687e-02	 5.5064177110659262e-03	 1.1840873142000834e-03	-3.7299458956998361e-03	-1.5687501978419956e-02	-9.4803594564949467e-03	 5.3572645358869724e-03	 5.1824929443488339e-03	-7.4974701200280374e-04	-2.3797089491654744e-03	-3.4714702645535596e-03
 1.3267265316389233e-03	-2.1936697402135177e-03	-2.1005322840711499e-03	-3.0878259393791489e-03	-5.1718895325806485e-04	-3.0409908491436152e-03	-7.3048624144660080e-03	-1.0834445247775333e-02	-4.2504083167673604e-03	-1.1728792392163206e-02	-1.0834406826154164e-02	-6.0067440497198164e-03	-3.7697800246241529e-03	-1.2252231030513554e-02	 3.4124271105019588e-02	 7.6338107694704310e-02	 6.8690697661911854e-02	 7.3244282397012778e-02	 3.3280326684095987e-02	-1.2855803899730685e-02	-5.1499558762253071e-03	-2.2280222316546404e-03	-1.2078384829987793e-02	 2.7328109455379959e-02	 4.7909133559173721e-02	-9.2721092172782210e-02	-1.2942371333479416e-01	-8.4032673756844339e-02	 4.9415853701977250e-02	 2.4629748579692780e-02	-1.0642706325952359e-02	-3.7317065895114130e-04	-2.2060028834821679e-03	-9.9442450477026205e-03	 6.1938497752923483e-02	-1.0503008539167519e-01	-9.0200970091957322e-02	 4.5857890683936968e-02	-9.8465281047059150e-02	-9.7874740639866814e-02	 6.1125087586413107e-02	-9.0799465097799667e-03	-1.6224424528700741e-03	-3.9677898008155920e-03	-1.2601717542216622e-03	 5.0519643680406082e-02	-1.5394765756080744e-01	 9.2801589242940824e-02	 4.4651153459917958e-01	 1.1743705616103457e-01	-1.4111487470301728e-01	 4.0707769159395266e-02	-2.3287530991042962e-03	-4.5301919618713615e-03	-3.6088278533224745e-03	-1.1361093840927284e-02	 6.4660392116058479e-02	-1.2782631942412931e-01	-3.7964569519500856e-02	 1.7359991959145149e-01	-2.4201113833836621e-02	-1.1413364181976073e-01	 5.6594538889723933e-02	-7.6538090014757303e-03	-4.2764828437624790e-03	-4.0016308336989275e-03	-1.3094977024652506e-02	 5.0194310660410746e-02	 1.1040546083521981e-02	-1.2804409004922745e-01	-1.5104854909987447e-01	-1.2806668552747313e-01	 1.1937080607763596e-02	 3.8190473846390516e-02	-8.0990539064524150e-03	-7.0026026755318086e-04	-5.5567487373565337e-03	-9.3546258404537119e-03	 4.6753317270618176e-02	 6.1786281629844696e-02	 3.6643106377329017e-02	 5.7005201567257774e-02	 5.4365680054136396e-02	-6.5198611809936680e-03	-3.8262828976683475e-03	-8.6219296616476867e-03	-1.2563359897712201e-02	-3.5121552199438261e-04	 1.4222887774780077e-02	 1.0376128898248417e-03	-9.3042241196476388e-03	-5.5159872621394924e-03	-4.6432792893248229e-03	-7.2630608167854249e-03	-6.1494456685820117e-03	-4.3267730741264965e-03	-2.8411342190022100e-03
 3.5287546900370512e-04	-3.4737139151557305e-03	-5.3690770844931146e-03	-3.5720206941884172e-03	-7.2212119356159388e-04	-9.3109140999282636e-04	-7.5503566461210441e-03	-1.9744362610363435e-02	-1.6438306636505279e-02	-2.0344347822397219e-02	-1.0290101985767082e-02	-2.6727715617341210e-03	 1.1586970237016463e-03	 5.2214618768111265e-04	 1.4594713084739704e-02	 9.4278115275051852e-02	 1.1858552212982881e-01	 9.5347879509213418e-02	 1.7991057587094440e-02	 1.9276672167778952e-03	 1.9357429601526452e-03	 1.8481557552074608e-03	 1.0278784132081307e-02	-1.1561876331431511e-02	-2.1706291107989268e-03	-6.6085541625069535e-02	-1.5351781025230568e-01	-4.7593069135705476e-02	 1.0545559620824201e-02	-1.8522689557192464e-03	 9.5629090854880590e-03	 1.2658247760993367e-03	 2.4410025001193759e-03	 1.6742359601568519e-02	-8.6659714767823165e-02	 6.4999112982037976e-02	-2.2512820373757802e-02	-2.4357880192593323e-01	-3.9179160647275502e-02	 4.4832129468152182e-02	-7.4306881295237340e-02	 1.6506924758250906e-02	 2.3975896811154721e-03	 4.4733518304937298e-03	 1.0696651440937382e-02	-1.0603695751371855e-01	 2.2448215140862560e-01	 2.0505158973414761e-01	 3.2957695915004411e-03	 1.9986803019727409e-01	 2.0915437939901865e-01	-9.1538529356486514e-02	 8.8183512844413458e-03	 6.9608920921635578e-03	 4.5546449714986784e-03	 1.9153406252339376e-02	-9.3741799346699878e-02	 9.4310756971935847e-02	 9.4624531616206518e-03	-1.7183931416451095e-01	 2.8506664707813757e-02	 1.0467704377475334e-01	-8.9440125777076218e-02	 1.1534014355509076e-02	 6.3401030952801177e-03	 3.5497567617286331e-03	 1.3481109272763556e-02	-2.6787604646087194e-02	-8.4823582675022484e-03	-9.3520614449943668e-02	-2.4956130702297250e-01	-9.7921724802166044e-02	-5.7292348221770397e-03	-2.5396413889073752e-02	 8.1113925347265116e-03	-5.5664263942052238e-04	 2.0524542564091986e-03	 3.2091526279032800e-03	 2.3012842502755884e-02	 9.3877524133458665e-02	 9.0116840609333185e-02	 7.8181131063447623e-02	 2.0900661923022819e-02	 1.5092794554632410e-03	 1.2874787007351768e-03	-2.2808420128812351e-03	-9.7642755531409785e-03	-7.7107572189629454e-03	 8.8455560883357286e-03	-5.3986962547820398e-03	-1.1325399167741369e-02	-2.6031812290285717e-03	-4.3123386949197075e-03	-8.3808704569702241e-03	-1.0205891378873037e-02	-8.2475288625398178e-03	-1.5801678269999286e-03
-8.1766971279020819e-04	-3.8842451857832834e-03	-6.6775863243868057e-03	-3.1955828766904769e-03	-1.0961677092666455e-04	 6.0268809285708609e-03	 7.6326448152968986e-03	-2.5932017677656759e-02	-5.6706869814274696e-02	-3.0966527937370942e-02	 2.5579110316552144e-03	 2.4496182394217565e-03	 8.8297513578367917e-03	 3.8916480123076080e-02	 1.3972502904729242e-03	 3.7235012644132995e-02	 1.5914626910854712e-01	 3.1423223396912260e-02	 3.7560214925503894e-03	 3.6314816146705384e-02	 4.1919143550374679e-03	 3.7115743212999533e-03	 1.1529370067071150e-02	 8.7899858021696744e-04	-2.0225046591821622e-01	-5.3172575599726900e-02	 2.0158532542129234e-01	-3.1152666273411341e-02	-1.9436907187836303e-01	 9.3776084486627258e-04	 9.6152177993520729e-03	-1.3606869131698391e-03	-1.6758835106267398e-04	-2.1983789269114051e-02	 3.4568102959232849e-02	-7.5827596085772053e-02	-9.4542889265016222e-02	 3.0051822852120578e-02	-7.8115595877241789e-02	-1.1640859034041942e-01	 1.9449160201470840e-03	-2.0614970624774187e-02	-2.0786274755577316e-03	-6.0256573958930634e-03	-4.9245328236802506e-02	 1.7812080807278621e-01	 1.8991431002275538e-01	 2.0626115544996465e-02	-5.9933136006917022e-03	 1.6565191576890861e-02	 1.6632656780844979e-01	 1.7256927915868497e-01	-4.1042747788325687e-02	-8.6287109799067056e-03	-1.7872131342601245e-03	-2.6767517107463432e-02	 5.1588520611267230e-02	-1.8368805254832418e-02	-5.3894222183704016e-02	-5.3293028086048855e-04	-6.3307775463919552e-02	 1.3509625919907202e-03	 6.8832530534945577e-02	-2.8562886851125235e-02	-5.9638147063845234e-03	 2.3651256837465507e-03	 9.6371097991631641e-03	-2.2015309006160329e-02	-2.2728572057007296e-01	-6.9780553506761489e-02	 1.3990920626267161e-01	-9.8008360489405713e-02	-2.1923398095833610e-01	-2.0071312850298201e-02	 2.8861113329975907e-03	 2.7240429118213631e-04	 1.0872004282237318e-02	 4.6083106563525211e-02	-1.9425376319364526e-02	 4.8929590709645851e-02	 2.0144948980889971e-01	 3.2946897272850648e-02	-3.9594058209235686e-02	 3.6108665621798347e-02	 6.6577157171245332e-03	 1.1381710981661502e-02	 1.2571228253599610e-02	-2.6711752643215243e-02	-4.3305123864925146e-02	-1.9118370359614178e-02	 1.7206321720343511e-02	 1.1004302551903895e-02	-1.3083310248411013e-04	-9.9196486522491675e-03	-1.5643705013777029e-02	-8.0276061880797979e-03	 2.9434417832419459e-03
-1.0941266845006035e-02	-5.7932078412624936e-03	-1.6606029959861310e-03	 8.2811976240528625e-04	-4.2118890127088868e-03	 2.4772708069573162e-03	 2.7089683004958023e-02	-1.1606932994183508e-02	-1.2682597517116573e-01	-2.0997051774045344e-02	 2.6438957493747511e-02	 3.9107208034085310e-03	-3.4049994055726299e-03	 6.3266402444305393e-04	 1.8692173436214560e-01	 7.3703347739551811e-02	-1.7210430876461191e-01	 4.7565135820643839e-02	 1.8899178985326576e-01	 2.0885608978343934e-02	 3.8857407707037295e-03	 2.8743930175731220e-03	-4.2724865917812133e-02	-1.8692031942902929e-01	 7.9425590403117198e-04	 6.3906815380651211e-02	-4.2679154136857314e-02	 5.9082373369369723e-02	 3.5218644261606299e-02	-1.1652352478203397e-01	-2.8012736007698266e-02	 6.4717750561104955e-03	-1.0590317874061398e-03	 2.4388300410348837e-03	-8.4147258870271857e-02	-6.6214069126980690e-02	 7.5715885236990823e-05	 1.0175548027406916e-03	 8.5371679497661364e-04	-5.2768158302548343e-02	-1.0254226379404116e-01	-1.9017032397106014e-02	-2.3239290437068530e-03	 6.4054884065975169e-03	 1.4996661873660691e-01	 1.7701973548952937e-01	 2.9363768282904962e-02	-1.5907783502920280e-03	-4.1034237737713243e-04	-2.2406364500295157e-03	 2.9555199526494345e-02	 1.4462824865017390e-01	 1.2886708503634420e-01	 1.8475082150242871e-03	 2.8199566117693731e-05	 1.9570995114614707e-02	-4.9211993660268273e-02	-4.1099743034924585e-02	-3.4363807677662516e-04	 5.8823626256665268e-04	-4.5585805224377749e-03	-4.0783144315199721e-02	-1.1877178165417872e-02	 4.7429477241440705e-02	 3.1272296938253600e-03	 3.2265455910574356e-03	-5.1071226537762131e-02	-1.9244997170523526e-01	-2.3341772935238526e-02	 4.3549916563050524e-02	-1.0958811995806787e-02	 4.4332580912692737e-02	-4.6951538330700510e-02	-1.9030527328691751e-01	-4.3247658589681326e-02	 6.0446471422495977e-03	-2.0522479123806282e-03	 1.2331949531313416e-03	 1.6704295261374155e-01	 5.8195525498085543e-02	-1.3307781220544856e-01	 8.4837457441373998e-02	 1.5545564006004775e-01	-1.8832487751675852e-02	-1.0323705042570847e-02	 9.1649647913495860e-03	 5.2562669484062560e-02	-1.5928664175567531e-02	-1.7089452578349648e-01	-8.8402688303287173e-03	 6.0517488768309841e-02	 1.0823395649108685e-02	-3.8898702328737959e-03	-3.9500724908940049e-03	-1.2300064741763421e-02	-5.6842007064425767e-03	-3.6584929763450588e-03
-4.5242073775197046e-02	-1.0076355877056353e-02	 8.3706209267484177e-02	 1.3839641667113156e-02	-3.1844734450232129e-02	 8.1784637185556175e-02	-9.2859636426828901e-02	-6.9271135130608452e-02	 1.7427481486328733e-01	-4.2676815364090924e-02	-1.3986730220347796e-01	 3.9368291416537790e-02	 6.4328244382818256e-02	 2.0377861556238797e-01	 1.8964519893161461e-02	-5.3227827097751396e-02	 4.3415963456055723e-02	-4.9475128665204697e-02	-3.5606883342733132e-02	 1.6441073950038015e-01	 8.0060154926121271e-02	-7.0836162725945395e-02	-1.4711773329388422e-01	 5.1396424812635445e-03	 4.6788552212208942e-02	-1.5516505367073447e-03	 5.1148412670155427e-03	-3.7249947304792315e-03	 3.4226679653405367e-02	 4.7426346685290312e-02	-9.1516603301402683e-02	-4.7713082223917382e-02	 6.3575879799486080e-03	-8.1170599955321165e-02	-5.1357326509809328e-02	 1.5034751987924996e-03	 2.9421533864375186e-03	 2.1902789904078971e-03	 2.4663850817121975e-03	-7.9437541266037044e-04	-4.9777483714786228e-02	-1.0602430711076596e-01	-2.1265044732459867e-02	 1.1760522544083979e-01	 1.8269541082663829e-01	 4.9674523441352994e-02	 3.5132702580774637e-03	-7.3826545278483371e-05	 1.9706810921849252e-03	 2.8964513999678526e-03	 4.4300108980743630e-03	 3.6812554272150494e-02	 1.5311086372952731e-01	 9.8508793014906115e-02	 6.6701988614437640e-03	-4.6231345962498671e-02	-4.2840193565742597e-02	-4.1822610978645763e-03	 3.6535342823948210e-03	 2.2053078740187091e-03	 2.6296630659530954e-03	-2.4156678684420967e-03	-3.7646738258762788e-02	 6.3913140873901510e-03	 3.8816848856654151e-02	-6.8742183295367909e-02	-1.5403629959098070e-01	-2.0559181401544151e-02	 2.7444739289846157e-02	 3.6113788384994384e-03	 3.8179389008804994e-03	 5.0538076714808297e-03	 2.6603819422926195e-02	-3.7899771295421811e-02	-1.6477249969242291e-01	-6.0075412859469206e-02	 5.2745972994736712e-02	 1.6562649236700416e-01	 2.8762918746287010e-02	-2.7741210531918026e-02	 3.0718443536972562e-02	-3.1973442652339375e-02	 3.7045184162328264e-02	 1.6030496443068745e-01	 1.3317492949058207e-02	 6.6179146689033880e-02	-1.3741485415524515e-01	-4.7488192400118062e-02	 1.6245925315284265e-01	-6.7868953521809605e-02	-1.1741137206288174e-01	 8.5940924521062736e-02	-6.1989379887462434e-02	 1.5482750311911202e-02	 1.2277179411216588e-01	 2.1398585714597941e-03	-7.1241222092912559e-02
 4.5531879402122156e-03	-5.6693853769147873e-02	-1.5883971849886578e-02	 4.5379876844072520e-02	-6.6473226062157276e-03	 1.0728445561878833e-02	 6.3745100636235466e-02	-6.4066607556175104e-02	-1.4164338604085117e-02	 5.7322554915144416e-02	-7.0294853494900125e-02	-3.6448598256436045e-02	-7.4069800023077614e-02	-7.4096818603737985e-02	 1.9919345959604134e-02	-9.8280628132144283e-03	-1.5090518300090825e-03	 6.8464211474245510e-03	-3.2517533242031285e-02	 3.7998174136045823e-02	 6.9851314263099540e-02	 4.4372613959415899e-02	 5.0555173093957989e-02	-2.8121625627018094e-02	-6.6666592506068011e-03	-1.6460325886834089e-04	 3.2983933847280568e-04	 9.5391117015739414e-04	-1.9567777404581555e-03	 2.4487804042676496e-02	-1.7147176103434816e-02	-2.6184123390153434e-02	 6.2944759298165752e-03	 4.8009873838485741e-02	 4.0968090294786390e-03	-7.9097959635672120e-04	-1.5081666036948016e-03	-3.9171696836857122e-04	 8.0936639180546435e-05	-2.1838391077951963e-03	-2.9103640712331764e-03	-5.4765614513256775e-02	-2.4819436594182714e-02	-7.4798937067895754e-02	-5.7989680480452617e-02	-6.5342008932999587e-03	-2.7107189971980646e-03	-5.3389816864189196e-03	-4.5512748007959332e-04	 4.9929451854104634e-03	 9.6978419022792370e-04	 6.0954919127459177e-03	 5.0075831161503243e-02	 6.5390741980143441e-02	 5.9946873911190246e-03	 3.4997740479240119e-02	 3.8310674021313838e-03	 3.1341074225198226e-03	-1.4823937567341602e-03	 6.6960303081100203e-04	 2.2754004515608568e-03	-6.3560147890258758e-04	-7.1489859423064916e-03	-1.0549590664794661e-02	 1.7632673133024877e-02	 4.4344834541057254e-02	 5.5859934619248708e-02	-1.4818957632196199e-02	 2.4342210859982323e-03	 7.3758082344291417e-04	 5.2016947293287116e-04	 6.0434422654494506e-04	 2.4772424144663276e-04	 1.1667139048182729e-02	-7.4527564872439556e-02	-4.1700803194855196e-02	-7.4554800142570737e-02	-4.7683370542128192e-02	 1.5976674273783201e-02	-7.6081901499404723e-03	 2.9059120565577130e-03	 4.6693240394921152e-03	-1.2700085923017721e-02	 6.0290752804639483e-02	 5.2948352823044123e-02	 2.6774502815363088e-02	 7.5459370864134137e-02	-4.4289357702990043e-02	 7.5382000071990219e-03	 3.6725958021790892e-02	-8.1557200407301897e-02	-9.6552503060606150e-03	 8.0191489060894329e-03	-6.6154514046832091e-02	 8.3890256191703448e-03	 6.4103686174376506e-02	-2.2606624521931518e-02
 9.8474953735155175e-04	 3.3368087645076257e-03	-2.8019907661132836e-04	-4.6071056957013978e-03	 4.9091676927785570e-04	-1.0397586637247106e-02	-7.1148832640255278e-03	 9.1660687549310810e-02	 1.0839395852751916e-02	-8.6660037065676543e-02	-3.0322370691870893e-03	 3.9101019276707068e-03	 1.9353584885391576e-03	-5.5372852717110621e-02	-8.8069944318361376e-02	 5.2885899109336568e-02	 2.8922049165253554e-03	-5.7612505068322162e-02	 6.4201135624889799e-02	 5.6522891776492064e-02	 9.6218563092944715e-05	 5.1138705750989103e-04	 4.5686004795901902e-02	 5.9742844165116715e-02	-2.9489368511467717e-02	-2.2432034230169045e-03	-1.1077888109376750e-03	-9.4901985614788496e-04	 3.3455458711102011e-02	-1.7608186255181464e-02	-3.0559540048722619e-02	 1.9643322412019010e-03	 8.9001307797499435e-04	 1.4992147874476667e-02	 4.7165407215289348e-02	 8.3931413358522642e-03	 2.8844753832692072e-03	 1.3011946779281603e-04	-2.5068157857298218e-03	-4.0866076267137355e-03	-4.7040398267617564e-02	-3.2316162695840978e-02	-3.2065516528052528e-03	-1.0976335796474486e-02	-1.0479681946980167e-01	-5.0933852406196238e-02	-8.7852410903705713e-03	 4.1512880196394059e-03	 5.4537255132974674e-04	-3.9126935464880120e-03	 1.0349371530210399e-02	 3.8308857439180860e-02	 8.6959417164403044e-02	 7.4360172869142125e-03	-5.1773995923059320e-05	 8.5721420046040524e-04	 3.4458746134685928e-02	 5.4593621310350775e-03	 2.1666296340500280e-03	-9.5731000741574950e-04	-4.2714459363569612e-03	-3.5691099962158060e-03	-2.1790431709851267e-02	 2.1548657100264899e-02	 2.1060293808088013e-03	 4.4207679847215175e-04	 5.6959705812224967e-02	 6.6313272882617971e-02	-1.5307882038880038e-02	-1.1037926643988347e-03	-1.6969130097192339e-03	 3.9006381033409726e-03	 1.1235108107758750e-02	-7.1933265012296493e-02	-5.2389341994053831e-02	-2.6543496996540663e-03	 2.1455444997725108e-03	-5.7863718001892370e-02	-8.4975081285596152e-02	 2.9393928340866883e-02	-7.2422768516254080e-03	-2.2754245599302510e-02	 7.7803832571710446e-02	 3.8305667784716363e-02	-1.0241859169878787e-02	-1.7150720979810866e-02	-1.0166200106787732e-02	 8.5684755648043884e-02	-1.4882683724882374e-02	-9.3453991716019896e-02	 1.9337235009204503e-02	 1.7720246882834061e-02	 1.2695482463514986e-03	 8.1935601361556448e-03	-5.5194130047517415e-03	-1.7519517154321027e-02	-2.7366408577591600e-03
 1.1972512862630084e-03	 4.6266685474609728e-03	 2.8046256150395998e-03	-2.8883993047828307e-03	 2.9579434090649313e-06	-3.9971300569515856e-03	 9.4486848892911153e-03	 1.6011726269740713e-02	 2.7406632675754574e-03	-1.5655319952334192e-02	-1.6607127487861851e-02	 8.7917375365642695e-06	-9.4747791994871499e-03	-1.7630746000324247e-02	-1.6550040536534801e-02	-1.1643172345353869e-01	-5.6351470161200741e-03	 1.0480559086285998e-01	 1.9915551608929410e-02	 1.6391475307911137e-02	 8.8725491581710322e-03	-2.8660110489759209e-03	-1.5012868770444991e-02	 4.8553810552955698e-02	 7.8061143286465656e-02	-5.5986191222764034e-02	 2.5975438261502514e-03	 6.1352066486807681e-02	-6.1726465666391152e-02	-3.7555486879681362e-02	 1.4625291200135530e-02	 3.1112119961286878e-03	 5.2942010963079995e-04	 9.9574681467398986e-03	 9.3167295323034749e-03	 5.3746655827283794e-02	 5.7676530472289414e-03	 2.5633044888597638e-04	-4.1745072857929874e-03	-5.7021935381085381e-02	-2.7783593977755407e-02	-8.1351145260504208e-03	 1.1062315888341176e-03	 6.0615393752213370e-03	-1.7510648079208189e-03	-1.1439101100858078e-01	-3.8876542054318813e-02	-4.7330257756930975e-03	-1.8928426370435448e-04	 1.2252710018658243e-03	 3.2373574743917784e-02	 1.0051700066048042e-01	 2.6654162397320765e-03	-7.1184208833478795e-03	 8.3911763920398196e-04	 1.0500868087064134e-02	-7.6859178976546811e-03	 3.0100180220107135e-02	 2.8255672971892625e-03	-1.2978471814112699e-03	-7.8486877022974563e-03	-2.8787228742290786e-02	 2.4655362253885666e-02	-4.7389370993015534e-03	-1.8791940042040566e-03	-3.4112759279944964e-03	-1.0536151918276157e-02	 6.4561867329084199e-02	 8.1617471732111549e-02	-3.8761555804183598e-02	 7.1702928482924042e-03	 2.7000836689769041e-02	-9.1453179046212543e-02	-6.1474086200531512e-02	 5.8988928156537626e-03	 5.3716946297540291e-03	-1.2432454650260400e-02	-1.1728310220916784e-02	-8.8675700920848449e-03	-1.0712855756500116e-01	 8.5104715388542827e-03	 1.0632017342735278e-01	 4.0377169349698925e-03	 1.4165254098917633e-02	 1.1150614255786021e-02	-1.2812659593322360e-03	 1.7550551860394378e-02	 7.0603164681359073e-04	 1.0199558336590937e-03	 2.0948153766987597e-03	-1.2158238531412026e-02	 4.0129323971016609e-03	 9.7852237579717713e-03	 8.3275451315311076e-03	-2.9692138935375461e-03	-9.8778543674909111e-03	-8.2464494618465153e-03
 2.0506087285748593e-04	 2.3097463851294085e-03	 1.2742114028758691e-03	-1.7083219573076638e-03	-1.6385377286814208e-03	 2.7767572565074649e-03	 4.0617527242049357e-03	-2.0621165569719054e-03	-4.9643275359646485e-04	-2.7369592203143733e-04	-9.8376001301800110e-03	-5.7935699065923534e-03	 9.6684054792172980e-05	 1.7179577432443651e-03	-5.6542286508990618e-02	-2.9237794532686472e-02	 4.6625435143439226e-04	 3.0148357692671143e-02	 5.5179348328419531e-02	-4.6718734482296166e-03	-4.2716913649492576e-03	-1.8727244492948352e-03	-2.9257070994542465e-03	-7.0018846136366639e-03	 1.4663906340693084e-02	 1.1764972242906457e-01	-5.2899921161247707e-03	-1.0470170161735012e-01	-1.1766847020195361e-02	 1.4315585628627711e-02	 1.4737000147177397e-03	-1.3113931623978962e-03	-1.5908204117913787e-03	-1.6424067510257745e-04	 1.4272988252734323e-02	-2.1638018028914564e-02	 7.7613698977528761e-02	 4.2076386256580068e-03	-7.6958309644586886e-02	-2.7274834797624044e-04	-1.5114272291518016e-02	-1.8595146741067997e-03	-1.5508800693040472e-03	-5.9050791757703815e-03	 1.8167112942638688e-02	 4.8027006838015086e-04	-1.3659460288779718e-01	-3.4244220910801551e-02	 1.1852321873790212e-03	 3.5298213183133392e-02	 1.2417428344954337e-01	 1.1544993690732738e-02	-1.5568749745069627e-02	 4.5202432339059660e-03	-2.7127629264692122e-03	 1.3081581622635975e-03	 1.8732029434253721e-02	-3.9100240206263320e-02	 4.7440261734609732e-02	-3.1066910811057454e-03	-4.0175713571335564e-02	 5.4789263212220489e-02	-1.3035453753928594e-02	-4.9503488278187157e-03	 3.4988437330315939e-04	-1.3361508031686012e-03	-5.2944504362887109e-03	-2.4872131241188782e-03	 3.3537982897910670e-02	 1.2543041841827277e-01	-8.9520314245445723e-03	-1.2395038548840440e-01	-2.4302166854421818e-02	 1.3600804580300660e-03	 1.8030222022530674e-03	-1.6071662545279869e-03	 1.3383922559134455e-03	-1.2508326615579154e-02	-5.4957693328087844e-02	-2.5651046315158564e-03	 2.9216126242979749e-03	-3.4578394832383954e-03	 5.1057936962021044e-02	 6.4652854195529959e-03	-2.3386114908198483e-03	 1.0803599652240252e-02	 6.5487156623151048e-03	-1.2954547217870982e-02	 3.8624639495325797e-03	 1.6348562363193500e-02	-5.9791738040738734e-03	-1.2662397961581022e-02	 8.4665073379350322e-03	 5.2486830315183405e-03	-6.8701966255827699e-04	-4.3373602960585277e-03	-8.9765414492689495e-03
-8.5819063683877154e-05	 7.1340974896260019e-04	 5.8944453804139036e-04	-7.6931005659388978e-04	-1.2006985076645021e-03	 1.5297409259745088e-03	 1.3348068082932392e-03	-4.7997495641782933e-03	-1.5908791840494332e-03	 3.3403475327382442e-03	-4.9459798686237542e-03	-2.8649096863458613e-03	 1.4347777660674234e-03	-3.1790295877320495e-03	-1.8576952573195492e-02	-3.0469390730108797e-03	 3.5684125679491231e-04	 4.6872321943281529e-03	 1.7868502294758996e-02	-3.0210520535746731e-06	-3.2720611536307918e-03	 2.4938678968727981e-03	 7.4096943104243231e-03	-3.6832749948481187e-02	 3.8651189585041337e-02	 3.4045684024155295e-02	 3.7187821475059991e-03	-2.9966987409433338e-02	-4.0792324947470968e-02	 2.7153411747848220e-02	-7.0666056589328789e-03	-6.2264411778380864e-04	 1.1306911360969730e-03	-2.7110796862875050e-03	 8.2169857514450967e-03	 6.8807012038265586e-02	-6.5886268884586541e-02	 6.1048946720703746e-03	 6.2483284649411226e-02	-6.3261031050545785e-02	-2.9052815670837328e-03	 3.7751402108995992e-03	-1.0367055705416614e-03	 3.5878326335382262e-03	-2.0552403100570542e-02	 3.3049149005442070e-02	 2.7786687216969506e-02	-1.5889634575919384e-01	-3.8964633507951015e-03	 1.6195507939020223e-01	-2.1001959975328607e-02	-4.2420960685853437e-02	 1.6794536444440143e-02	-2.3576419131211505e-03	 1.9492878099120284e-03	-5.2917686482653265e-03	 8.3726274626794786e-03	 5.8053974445075984e-02	-9.7701456670769390e-02	 1.5919715438701024e-03	 9.6216038937825987e-02	-5.1083816486466413e-02	-1.3654551762112086e-02	 4.9781451529748869e-03	-1.5425051078144158e-03	 4.5670562517428452e-03	 5.8803100611728269e-03	-2.9897881717824478e-02	 5.9235794824434154e-02	 2.3077325261662049e-02	-1.2919823219025512e-03	-2.0567958617581809e-02	-5.5995894279120717e-02	 2.8415690714896205e-02	-5.8432835037953695e-03	-2.3011069246993802e-03	 4.0915353360532784e-03	-1.6165962602592961e-02	-1.7086268380466799e-02	 5.4211049241513886e-03	-7.9436297710760886e-04	-9.6357469213034057e-03	 1.2361174492424683e-02	 9.7520425816585744e-03	-5.6580539877220670e-03	 4.7250430897531658e-03	 2.8130113005564285e-03	-8.2540827717378432e-03	 1.1026599174467399e-03	 8.9894432717687479e-03	-3.3736599129788073e-03	-8.0543965716884779e-03	 3.1481270193991851e-03	 1.5072736123523925e-03	-5.7167494937421102e-05	-5.9349849724028814e-04	-4.1677874323860845e-03
-1.9887127402068282e-03	-6.7566587937655659e-04	-1.9981422644470099e-03	-2.4477993027849556e-03	-1.2623272974563162e-03	-1.1590398489203964e-03	 1.8626881790509157e-03	-1.5265731306337905e-03	-1.5128720018955924e-02	 6.0891738587362759e-04	 8.2737681340575141e-03	 2.6777149167467227e-03	 1.2285696422792683e-03	-4.1979754152731922e-03	-4.0048900556566937e-02	-5.9013696440246453e-03	 2.2142573510714629e-02	-1.1616105271335976e-02	-3.8955689873451084e-02	-1.5523433414880270e-03	 3.6004473575787497e-03	 1.4961640232474750e-03	 4.0465832103069362e-03	-1.7350473575073092e-02	 4.2482554690345828e-02	 7.5431873342516303e-02	 6.6420161903673600e-02	 7.9270563244839734e-02	 4.6669120458831384e-02	-1.4705150922194373e-02	 5.1019803945534271e-03	 2.3034343747644582e-04	 9.0706793204583039e-05	-4.3946114368463634e-03	 1.9808869712316982e-03	 3.0327807900588727e-02	-7.2822183166241783e-02	-1.5414132025703625e-01	-7.0178304726035423e-02	 3.2483875791229605e-02	 1.1478470931668050e-03	-4.9199567410501939e-03	 5.1738450428355672e-04	 4.0784349864065331e-04	-4.9441811478070908e-04	 4.6923970676390363e-04	 2.3937288669070482e-03	-2.5866927252216704e-02	-4.0235801347780688e-02	-3.0969903698275666e-02	-3.0018294577615866e-03	 2.1709367281736299e-03	-2.9153225230102919e-03	-5.1105731854971231e-05	-2.6633054914680491e-04	 6.5735406160307777e-03	-6.6808937710878622e-04	-1.6105942004655149e-02	 1.0105993146497168e-01	 1.7231047517481274e-01	 9.3468726714124706e-02	-1.4604825654085073e-02	 9.4476758454216121e-04	 3.6767875811499861e-03	-2.0075840769680480e-04	-1.7473878311370615e-03	-3.3245416376613763e-03	 1.3733677816718221e-02	-5.5640340164389249e-02	-5.0856876979146148e-02	 5.5340535688548423e-03	-3.7160254578598333e-02	-4.8464468078165804e-02	 1.3454358890183029e-02	-1.1975583814932216e-03	-1.4725096768849200e-03	-3.9325778255121461e-03	 1.6405196226932241e-02	 3.5506932166839505e-02	-1.8640508786327760e-02	-5.0919706657385266e-02	-2.9046084005086410e-02	 2.7698651482844616e-02	 9.4345644048235595e-03	-5.1063535268758738e-03	-7.3258655201240176e-03	-3.7423951550680373e-03	 2.2760341330977076e-02	 4.4519257303602476e-02	 2.6381961672604308e-02	-4.3095811208748410e-04	-8.3005630732033986e-03	-1.2362584834726445e-02	-9.5889168727023074e-03	-1.1587044687349723e-02	-9.2935587515643805e-03	-1.1428846357696001e-02
-1.2586183207862571e-03	-1.2010225488389772e-03	 2.1641747733617302e-03	-1.6748266977414034e-03	-2.3111240347381363e-03	-2.1824711779042097e-03	 1.5152950014855268e-03	 2.0315734539320604e-03	-1.0327651368228781e-02	 1.1309917828267867e-03	 2.1280702658733929e-03	-1.0314651812612786e-03	-6.3259377902519440e-03	-2.1281130757715345e-03	 6.9104751064393479e-03	-2.4946086718629107e-02	-1.4585353796121390e-02	-3.2082069138323649e-02	 2.7687626827099403e-04	-5.3713218569662324e-03	-6.5554086924027657e-03	-1.2885573053286520e-03	-8.5419277238112708e-03	 5.2027974079925043e-02	-4.5696114421224952e-03	 3.4356365169747924e-02	 1.2914487948772119e-01	 3.6207797506529256e-02	-8.4979707474771328e-03	 3.9291794576603860e-02	-1.0409031553134336e-02	-8.9016349130928549e-04	-6.0904641519626639e-04	 5.5602381314763935e-03	 1.5129496981026971e-02	-1.1896532226465921e-01	-6.6211595278655874e-02	 4.7498368632178892e-02	-5.0829125231621169e-02	-1.1240402724158280e-01	 1.6837737145584803e-02	 4.1878824437299412e-03	-1.2284352527144832e-03	 7.4552006587724068e-04	 1.3733769912616075e-03	 1.6180836996493085e-03	-1.5681259547244326e-02	-2.2372758979007937e-02	-3.5493987266520374e-04	-1.4607514822336989e-02	-3.1715329920959934e-02	-7.7355859382912326e-03	 4.7054025537661389e-03	 1.2506964332675960e-04	 3.2225613299312452e-03	-4.8030191186310706e-03	-1.1118485558387977e-02	 1.2837020287313233e-01	 6.1585047022503198e-02	-1.3823342010631472e-02	 6.7455562759494103e-02	 1.1336443915777289e-01	-7.4662856985014334e-03	-2.9117008969508410e-03	 2.7369372849097287e-03	 4.1287086574840308e-03	 8.5399510686978257e-03	-5.3117234121576498e-02	 3.8858444362181832e-02	-2.0663543488236867e-02	-1.1843371604739977e-01	-6.6313931157322113e-03	 3.9773447714347904e-02	-4.6437040149447925e-02	 5.8730044294847718e-03	 3.7500126786467144e-03	 8.2912712151789730e-03	-1.1089487491318344e-02	-8.2326435954597228e-03	 1.2410272042841217e-02	-2.3089496258531059e-02	-1.6780101719845986e-03	-1.1559696540921134e-02	-3.5227958653977379e-03	 8.3215190629685552e-03	 2.8341386112530967e-03	-5.5102054748929299e-04	 1.6246402473552093e-02	 4.3139886609023716e-02	 1.9387478820653663e-02	 1.5179991555691571e-03	 5.4824468797535766e-03	-7.1996610482287079e-03	-8.8428886399887410e-03	-1.4711556292305122e-02	-8.8134076215253144e-03	-4.9349207369428667e-03
-1.6619107243353482e-03	-7.2795751387237835e-04	 5.0139126788922572e-03	-3.6296173278402559e-04	-3.7957067959429472e-03	-6.3918986309434451e-03	-8.2628707443477244e-03	 1.2782780242621770e-02	 1.1304597718788938e-02	 1.3973079219703229e-02	-9.5399518244905814e-03	-6.7855096674079469e-03	-1.0624106090238970e-03	-1.5902677401780231e-02	 5.1281585226034855e-02	 3.5629172795015335e-03	-1.1251475672346171e-01	-6.8847103463730019e-03	 4.4526144121885547e-02	-1.9902779761398429e-02	-3.3451945355344450e-03	 1.8149369858052981e-03	 1.5050424225076364e-02	-6.2596131552939980e-03	 8.4547353690591909e-02	 5.0686457043587034e-02	-4.5965581691327938e-02	 4.4140563186534719e-02	 8.9664818950870986e-02	 7.7017531273104161e-03	 1.2063082758394982e-02	 2.9008734295937717e-04	 3.8265509100851081e-03	 1.4214463757940471e-02	-1.0849887976857442e-01	-4.7861374192574628e-02	 8.7581560516162456e-03	-3.8553639610174437e-03	 9.7471096057159257e-03	-2.5489464717187795e-02	-9.1275958220004033e-02	 1.4736888413641312e-02	 2.8179724775215728e-03	 9.7111923726649562e-04	 2.6321248189073165e-03	-1.0846273570508626e-02	-1.0933449136567415e-02	-3.9802305878578349e-03	-1.2347633935528835e-03	 4.9734585846414900e-05	-1.2138558856344732e-02	-3.6091303862954713e-02	-3.2772343771894441e-03	 1.3086423794047310e-03	-3.4962499663075703e-03	-8.8104181838192692e-03	 1.1519118094015018e-01	 5.6825187997362470e-02	 3.9886189657651862e-04	 3.5608305126170305e-03	 2.8364099646176685e-03	 6.0851100800777547e-02	 1.0771112609025330e-01	-6.7003225152019123e-03	-4.7284303954814467e-03	-2.2014409458267353e-03	-1.9363507557617149e-02	 1.9611129823798805e-02	-6.2755093315150473e-02	-4.1834201744261085e-02	 2.2817488266504114e-02	-4.5517756935888644e-02	-4.9684425202712837e-02	 2.6294786592079143e-02	-1.6334945694840963e-02	-3.1074408534473848e-03	 8.6994959838512928e-04	 5.3628378591097231e-03	-6.4700670819158451e-02	 1.9115169542497424e-03	 1.0636150873265625e-01	-1.6889847829463983e-02	-7.5024047600651275e-02	 4.8750681079895754e-03	-1.2347186137807165e-03	 1.4790366940790320e-02	 1.4507000419015637e-02	-3.0625527841533747e-03	 2.4650296493019589e-02	 2.6360933409204641e-03	 1.8881186380428180e-02	 1.6033467542162505e-02	 5.0105468909242756e-04	-8.6600250982198090e-03	-1.6495190357940503e-02	-8.7428139154655839e-03	 4.7154068721221177e-03
 5.7885560246949555e-03	 2.3689721061449145e-03	 5.5725519177747323e-03	-3.0385665917131025e-03	-1.3046733951922720e-03	 6.6269585168787055e-04	-2.8613106347997824e-02	-6.7325600204301683e-03	 9.5823156180576824e-02	 2.4597827185114281e-03	-3.5556481021184978e-02	-5.9579579347340825e-03	 1.2878070965419951e-02	 5.5932859362644499e-02	-5.6299778324477689e-02	-4.3160344518171551e-02	 4.8074880328321308e-02	-3.7807030246781212e-02	-7.6362115755324422e-02	 2.9403716713321690e-02	 5.2164426208693255e-03	 2.6048883911948314e-03	 1.3608162385663163e-02	 9.2741430784246390e-02	 3.3760387961306745e-02	-6.0104404786477600e-03	 1.4610141159717016e-02	-7.5506356923178645e-03	 1.9056225149343846e-02	 8.3468423881145282e-02	 1.7938760166582655e-02	 1.5834986015399134e-03	-8.3081042397480289e-03	-9.5198062626411839e-02	-4.4465935324837669e-02	 4.3287119744327999e-03	-1.1569831487458515e-03	-1.8818530416556880e-03	-5.9056337627563023e-04	 4.8369334315311596e-03	-2.8191523753762091e-02	-7.9957173353747357e-02	-3.9717164445281254e-03	-2.1468042244585281e-03	-7.5322423947964054e-03	-9.0191232287926901e-03	-1.5457620879728590e-03	 6.3516643946319722e-05	-1.1849409846001672e-03	-6.2894836573636420e-04	-5.5300882769158564e-04	-1.6051335600269834e-02	-3.4842056367675331e-02	-3.7055796169863596e-03	 4.5794900975334660e-03	 9.9686613124197063e-02	 5.7174675010820089e-02	 3.2339386453571727e-03	 4.4021907101498585e-03	 5.1690122055709116e-03	 3.6658576972124447e-03	 3.8744218190854525e-03	 5.5195289940204589e-02	 8.8964897050938935e-02	 7.6640024339251454e-03	-3.4663656174022169e-03	-2.6977168422176617e-03	-6.7286259554754146e-02	-2.7036808679441478e-02	 2.9057104692437937e-03	-3.7207266112359730e-03	 3.4660318607862258e-03	-2.9766875256575169e-02	-5.5550503719978370e-02	 1.4360130482004196e-02	 2.0041630038324077e-03	-1.6159502325455141e-02	-6.4871883588316429e-02	 3.5896314520513131e-02	 3.2836075027368877e-02	-3.0320002181287779e-02	 3.6533020167869627e-02	 2.4586446922003992e-02	-7.2561202128293534e-02	-1.8302945423540867e-02	 6.0794273815972157e-03	 5.4508483746323749e-02	 5.9885965435404424e-03	-9.9914218611086680e-02	 1.6968423244062836e-02	 5.9523499280653716e-02	 6.5621932895470947e-03	 5.9631946827201372e-05	-8.2049678543341178e-03	-2.2139533816315622e-02	-6.2913428534948036e-03	 2.8241192195171613e-03
 3.4006270455835784e-02	 1.9171202299919199e-02	-5.6129705471064710e-02	-5.6358373714235892e-03	 1.7887095576020324e-02	-7.4718275614674035e-02	 2.7590038168475363e-02	 5.0110186750584665e-02	-5.9369869003014386e-02	 3.4926023418807919e-02	 5.8683623421603576e-02	-5.9547192301583410e-02	 3.0199260608095593e-02	-6.4175069986559113e-02	-2.9784256931511453e-02	 5.7619281023924517e-03	-4.6583169454856082e-03	 5.5161276669847981e-03	-1.5318793974831744e-02	-7.1183918525997092e-02	-1.9200892220997425e-03	 1.2716591346098229e-02	 8.8450125024741755e-02	 3.2648029207268295e-02	-2.8784518876824264e-03	 2.8941586989735305e-03	 1.5604148930834240e-03	 2.5961255511193233e-03	 4.2347065863602529e-05	 1.6779200535003397e-02	 8.6678984416216298e-02	 2.2589921122326374e-02	-7.0847219952794860e-02	-5.5365647419811807e-02	-6.7910407912431369e-03	-4.3255475189641241e-04	-4.7925995328444097e-04	-4.0981620968801903e-03	 1.9056734937500960e-03	 2.0210858767234991e-03	-7.2376810873688686e-04	-3.8439869876720434e-02	-4.9581324788150222e-02	-9.3608134385931782e-03	-5.3314284086881962e-03	-1.8486005023051076e-03	 5.6660818878129541e-04	 1.0163650340955306e-03	-3.8217162170603414e-04	 2.1723528044488658e-04	 1.2068471481793727e-03	-2.6601438521812121e-03	-2.3698662454965932e-02	-2.5388418763875518e-02	 6.7777592508172224e-02	 6.1710646603389339e-02	 1.2686061605525668e-02	 6.3153174722853519e-04	 3.4741944109589473e-03	 6.7551919663213092e-03	 3.2210138478268356e-03	 1.4108336519192540e-03	 1.3269575432318929e-02	 6.4539074640370828e-02	 6.1049021000811526e-02	-6.8845035374685247e-03	-6.8119574505432157e-02	-2.5970620493680430e-02	 3.7277307406383196e-04	-5.3467161479405683e-04	 2.9394616569048170e-03	-1.1157221792600989e-04	-1.3705447694575532e-03	-2.4687510921227784e-02	-4.4897579746755414e-02	 3.6182828495685223e-03	-4.6390907917243387e-02	 3.8963433784838311e-02	 2.3339753269595725e-02	 8.3251644877371746e-04	 7.4261403241163669e-03	 7.8049245402030381e-04	 2.1192977629386437e-02	 2.8828950609116832e-02	-6.3848538029526447e-02	 7.4755553662727792e-02	-4.4014324087831638e-02	-3.0124185854587277e-02	 4.6257894958695867e-02	-3.2462480451231866e-02	-2.0969726294467455e-02	 8.2547248613460536e-02	-4.3827739150831629e-02	-8.1112328154878573e-03	 6.9068709544198401e-02	-1.4664763297154468e-02	-4.2719540821725736e-02
-9.2676379916198683e-03	 3.7708451236927176e-02	 1.2284703608496702e-02	-3.3560893748323849e-02	 9.4455340184653770e-03	 2.7549805818745297e-02	-5.2597113535139836e-02	 3.8686353290891012e-02	 1.0940355237499351e-02	-3.5562616383994876e-02	 6.6490466515126079e-02	-1.3215310907043886e-03	 1.5443545345054637e-02	 7.4675360817668082e-02	 6.2265847893069437e-05	 1.3185020725691829e-03	 2.0458046826024247e-03	 2.1380005199360809e-03	 1.4497181838385663e-02	-5.7177302019698457e-02	-3.1598513718678486e-02	-1.7892567712725568e-02	-7.7654004407009938e-02	-7.5250073492332129e-03	 7.2232634669033274e-03	-9.8492456429214261e-04	-3.5140194804156446e-04	 1.7048374073951973e-03	-3.5362111940139549e-05	-9.7256892633311204e-04	 6.4257973484394909e-02	 2.1467201961737875e-02	 4.6294748865901986e-02	 3.0212549887052846e-02	-1.6516286005123879e-03	 5.7099491430961176e-04	 4.8432319266476448e-03	 5.3668605942501339e-04	-3.4266222114431892e-03	 1.6771360485134065e-03	 4.0811247042870690e-03	-1.5448771016590141e-02	-2.9945037328224906e-02	 6.5956250896062529e-03	 4.6289171802428352e-03	 1.0700080883437125e-03	-1.2114456542602128e-04	 1.1896364318953183e-03	 1.0538258394837934e-04	-3.7193991358194572e-05	 7.8714426930474076e-04	 2.6150063765722857e-04	-1.7861000980678225e-02	-2.0064460015185553e-02	-4.7697096932560822e-02	-3.7478034221048298e-02	-4.7106354626561458e-04	 7.3976893794813628e-04	-4.3165048333134257e-03	 1.3733244560400789e-03	 4.3545395635360487e-03	-8.4522066645104042e-05	 1.7806604093408311e-03	 4.5462014294761197e-02	 4.6216151676353255e-02	 1.4543002688807399e-02	 6.4571457945316546e-02	 8.0775180153141914e-03	-1.7583602747079726e-03	 2.6858453466586359e-03	 8.3079984438355907e-04	-8.5158497007391297e-05	 6.4091627362758224e-04	-9.4055791226001703e-03	-5.2801692425891250e-02	-6.8518695576685841e-03	-4.5398131964984930e-03	-4.5750680825392229e-02	-2.1298083456139645e-03	 2.6175725029627285e-04	 8.1684207556029925e-04	-1.2887215774725863e-03	 2.5447636610838511e-03	 4.5612919992648653e-02	-1.8733674638804598e-02	-1.7955970839054307e-02	 6.6225440887664647e-02	-2.5629523847332497e-02	 6.9762376743684011e-03	 1.7296581327277190e-02	-6.1765303618748754e-02	 3.2522351126568705e-02	 1.5772185131203712e-02	-4.6689563965391451e-02	 6.3189793733929352e-03	 4.2336441804666981e-02	-2.7141125360868483e-02
-2.7320400478119270e-03	-4.8363919168948871e-03	-1.0023628217116153e-03	 3.4991443618374637e-03	-1.3648127012191938e-03	 7.1366449868685861e-03	 1.5148181483127472e-02	-6.4542222162653096e-02	-9.7454488956610144e-03	 6.3126217132213114e-02	-1.0579000756880657e-02	-6.5552466277924897e-03	-9.9248685957782530e-03	-5.4202561514969303e-04	 7.1269231335830602e-02	-2.3194479950184924e-02	-2.8031306265966795e-03	 2.5168505782681573e-02	-6.5898496822994299e-02	-1.5739401931293757e-02	 2.9590661880832315e-03	-1.6241971216262683e-03	-2.4720854389041653e-02	-7.6179836599848838e-02	-1.8909724513466823e-03	-8.8409941886763964e-04	 5.2100836505687993e-05	 1.6741674127495445e-03	-6.9307150389824098e-03	 5.2326195246014506e-02	 2.3386571194370875e-02	 2.9393249258260790e-04	 6.5481741350622959e-03	 6.5988710501157288e-02	 1.6035239494618408e-02	-1.1183708518594669e-03	-1.0447992558405674e-03	-3.7374251657084002e-04	-7.8624245177298625e-04	-3.2255505774582752e-04	-6.2707693492620314e-03	-5.1356048115025664e-02	-4.0519506807156344e-03	 1.1922351737122729e-03	 6.8503572474317553e-03	 5.7081706599535990e-03	 1.7141884030719536e-03	-3.3964208078007178e-04	-2.8463639217374693e-04	-1.3320301386653935e-03	-1.8171458051564667e-03	-1.0587370290687473e-02	-2.8736062796440611e-02	-3.9886625811108804e-03	-4.7256807863245882e-03	-7.1164220568363551e-02	-2.7083794967268690e-02	-2.5696349982114982e-03	-9.0724314162648123e-04	-4.6464126011618528e-04	-8.0545792477692310e-05	 3.1757364800219139e-03	 2.8000425560777323e-02	 6.7822478582809778e-02	 6.8657860880671009e-03	 2.4635168028507926e-03	 2.1904066781481650e-02	 6.1937637487524150e-02	 5.5303825775487123e-03	 1.0304773674134251e-03	-8.3431173300836832e-04	-2.8770904298198096e-04	-6.9724868504534776e-03	-5.8450591838669852e-02	-6.0297359833596537e-03	 5.2064124476356919e-04	 1.2883160946928443e-02	 5.2538437407410763e-03	-5.9594638310915118e-02	 9.8165836469179049e-03	-4.5459870443213569e-03	-4.8986652147968695e-03	 5.0751161200374845e-02	-2.0769640369006082e-02	-1.7146368980333185e-02	-1.3598990911289556e-02	-2.6653102154397049e-02	 5.8827438141269894e-02	-1.0819977867911699e-02	-6.0519320770317603e-02	 3.5541263200054275e-02	 1.3699909640134698e-02	 7.7908589383798963e-04	 8.2518655299751650e-03	-3.8069127922073691e-03	-1.4598120245793411e-02	-3.1765245649832945e-04
-1.5546927793745433e-03	-5.7598728388609747e-03	-3.0940503910660208e-03	 3.4555508715723793e-03	-9.6080828038978805e-04	 4.4101823111257401e-03	-1.2856612194679486e-03	-9.7660688231778151e-03	-2.6390567457235900e-03	 8.9739292984775659e-03	 4.0625519581576983e-03	-3.2195617880456722e-03	 5.0527177951836593e-03	 1.0724222507149493e-02	-1.5673572549275878e-02	 9.0284286919490947e-02	 5.3056394245372682e-03	-8.5601953429637084e-02	 4.9666662804909879e-03	-1.4266415700656693e-02	-5.8997240796962187e-03	 8.2494034534240780e-04	-1.9319578586335644e-04	-2.2321425301352602e-02	-8.1938487902623647e-02	 1.5588798351848189e-02	-2.2388797226508207e-03	-2.1900482435533275e-02	 7.4502958620115356e-02	 2.9514392595796191e-02	 8.1358996821168160e-04	-1.7218012529316715e-03	-4.2138190588830639e-03	-6.6701405356866016e-03	 8.0261227909549301e-02	 1.0150194163556989e-02	-5.2162261967805112e-03	-1.9842848263416904e-04	 5.2285374825119940e-03	 4.0803628466410582e-03	-6.0502249443454281e-02	 4.9463709559406741e-03	 2.4956647391664952e-03	-1.3059581666787401e-03	-1.7575478798354748e-03	 1.0126415603632536e-02	 6.2530135991656875e-03	 4.4036088635717954e-04	 8.9802555780003944e-04	 6.1878940645101023e-04	-6.6272957297454221e-03	-3.0746391391908413e-02	-4.5003012539473111e-03	 1.1989929241978281e-03	 4.3942275728563358e-03	 2.3963824944981020e-03	-8.8624293242590246e-02	-2.1736041363757317e-02	 2.3243814943081113e-03	-1.0186831150387038e-04	-1.3720463540497893e-03	 2.5119246539370664e-02	 8.7002246005468326e-02	-8.3202657134976256e-04	-4.8971186128033868e-03	 7.1981420940862785e-04	 7.5186271160912910e-03	 1.6400398741676987e-02	 6.7266191176784881e-02	-6.1356311930469715e-03	 5.8250849836585378e-03	 1.3801730062907138e-03	-6.4910121189543049e-02	-8.4091358472956554e-03	-5.8084392474917774e-03	-9.1994068943260145e-04	-5.2520699588587891e-03	 1.4926052047254073e-03	 2.9158236479163678e-02	-7.7264683635220557e-02	 7.4984301756258285e-03	 7.0101286869590440e-02	-3.6838392381218818e-02	 1.6924516777295832e-03	 3.9539236139315530e-03	-5.7343123051514181e-03	 3.1346170439530462e-03	-6.8576537199648109e-03	 1.8516523668260538e-03	 1.2521284543340845e-02	 2.9362146761446892e-03	 9.4976949924657546e-03	 6.7434503568363745e-03	 9.0066868113728438e-03	-2.5380121408273503e-03	-1.0513242418799904e-02	-2.7339080352146014e-03
-2.9783539777896470e-04	-2.1770261960145825e-03	-1.4116402751122119e-03	 6.3093202716145696e-04	 1.3832158247137365e-03	-3.7220361074526425e-05	-1.7541403438389564e-03	 3.7277282713371780e-03	 1.7049022387130065e-04	-1.7581493506928546e-03	 4.6512932095715684e-03	 2.1905963264194006e-03	 3.2355524282790377e-03	 3.2397322277937933e-05	 3.1806063002158741e-02	 8.4978324597738853e-04	-2.2001692706818524e-03	-5.2361037932987659e-03	-3.2826124824495706e-02	-5.3447881092033448e-04	-1.8999877753670368e-03	 1.2656589976084358e-03	 3.0842770652460601e-03	-3.0307363725940849e-02	-5.9542286813135219e-03	-9.4974763514561217e-02	 4.1135539614381711e-03	 8.7949013636867829e-02	 6.5708785203465042e-03	 1.8179795827879985e-02	-4.5370962419611438e-03	-8.7374671426941370e-05	 5.0710640341402702e-04	-7.5680107990464558e-03	 1.0881923912349241e-02	 8.7454940765569006e-02	-4.8726868609735010e-03	-2.1523600989204247e-03	 8.8637515439318193e-03	-7.1149637853489087e-02	-6.0078842082940450e-03	 7.6072888892339523e-03	-6.0226107911738407e-04	 2.0505439561172662e-04	-1.6352719943773849e-03	 1.5096474274422901e-03	 1.5018585489015541e-02	 9.3215011942359670e-03	 3.8406200280130152e-04	-6.8941719559326396e-03	-2.6142525735667960e-02	-1.3632101866922288e-02	 3.7442554536588940e-03	 3.3028431485328474e-04	-1.6439022769111262e-03	 5.9667054658608838e-03	-1.3522648775683925e-02	-9.3122164940294544e-02	-5.3526015150123316e-03	-4.8244315690207829e-04	 1.3410138926888495e-02	 9.0669572684383581e-02	 1.4622295011969877e-02	-4.1988324375750001e-03	 2.0111430505921598e-03	-3.4831253827487941e-03	-2.0240832996092960e-03	 2.6990447951245253e-02	-7.5343162984144417e-03	 8.4576296748183205e-02	-7.4967481169409701e-03	-7.3247841691855442e-02	 1.4339852002826397e-02	-2.4150878327609603e-02	 1.9275170862147759e-03	 2.5794653770989887e-03	-3.2297046743540682e-03	-4.2087428006815401e-04	-2.5671432292665324e-02	 2.3969743447107360e-02	-9.9302169997360961e-05	-3.1804413135758033e-02	 1.8429506602523231e-02	-7.5340742457679266e-04	 2.9394195506436075e-03	 3.1875947974741186e-03	 6.0248583640062177e-04	-1.5995174007258195e-02	 1.4492408715884725e-03	 1.8187898868127928e-02	 8.6415160279260518e-04	-3.9461964703584838e-03	 7.2660973601845315e-03	 2.4872321913364877e-03	-1.9255301789341916e-03	-4.0362133890490329e-03	-8.0308556723901851e-03
 5.3732659981740242e-04	-2.7944390099708357e-04	-2.6744130622295047e-04	-9.9317336722149190e-04	 4.7178025890959091e-04	 2.5383105170838577e-04	-2.2611305976222550e-04	 6.0576936808813073e-03	 1.2138513056016943e-03	-4.1976904658567989e-03	 3.9612468061708123e-03	 1.0703996360142960e-03	 8.7490903237279625e-06	 9.1389776472810720e-03	 1.8377857830701141e-02	-1.8352581780797336e-02	-2.0007939069792802e-03	 1.5229588449896241e-02	-1.6020201050071875e-02	-4.0046140220199372e-03	 3.0662577433037768e-03	-2.5834213223970443e-04	-3.1368388935105098e-03	 1.7640506393393207e-02	-5.3917888298997019e-02	-1.1596402449701020e-02	-3.8081107895387972e-03	 1.4159945973579868e-02	 5.7508366086947760e-02	-1.4674411561005758e-02	 3.7589830333925461e-03	 6.7473019979356192e-04	-3.1241593705158977e-04	 5.3283462197219831e-03	-2.1811721136808602e-02	-2.0615230002049125e-03	 1.1019645325180760e-01	-2.9571896041283709e-04	-1.0423614307220838e-01	 9.1883187824796301e-04	 1.8920858435657377e-02	-6.6366752156093965e-03	 3.5443602039188129e-04	-1.4246632342872060e-04	 1.7680097094548456e-03	-1.7794513084522286e-03	 1.9176187622745088e-03	 3.0156719316482825e-02	 8.6617638474175503e-04	-2.7147295502684451e-02	-1.0825185147908856e-02	 5.8578993215649333e-03	-2.7332342234121466e-03	-7.9717998455095061e-04	-3.3073798233487686e-04	-6.3813806873867498e-03	 2.0336978975162380e-02	-1.5909961493605785e-02	-1.1640206302386126e-01	 2.2826861798430765e-03	 1.0555567113785483e-01	 1.0869232594161921e-02	-1.7067698461546960e-02	 5.2208295069442068e-03	-3.3116857388581475e-04	 2.6751310560313313e-03	 6.5798616296868363e-04	-3.8976765544030323e-03	 5.4593613065038959e-02	-1.3943742869120448e-02	 3.5129269986004428e-05	 2.1091115520826265e-02	-5.0082872289522462e-02	 7.8249842657921627e-03	-1.1026032162116052e-03	-2.5223300599571162e-03	 2.5246576259287529e-03	-2.1619585070390600e-02	-1.0975650440182162e-02	 2.5315871985936683e-02	-2.9602206547153865e-03	-3.1343553972271107e-02	 1.7352332221893803e-03	 1.4250837931453365e-02	-4.5425742884631004e-03	 4.2070230100735365e-03	 9.2677436713756818e-04	-1.0305106256172460e-02	 1.5502911891008696e-03	 1.1101276966470815e-02	-4.3289092096706992e-04	-6.9207961486779622e-03	 3.7859440677440234e-03	 1.8742332672189976e-04	-4.1944055945511226e-04	-7.3348123856227672e-04	-6.2255846156734221e-03
 1.0241304270890339e-03	 2.3940757526703924e-03	 9.8237854215199745e-04	 2.6938477542996385e-03	 3.6000975414386314e-04	 4.3625136828500549e-04	 9.0913620427646494e-04	 5.2311647412377552e-03	 6.5930253337614323e-03	 3.4221549721579845e-03	-9.7459959698972939e-04	 4.4751354108012642e-04	-4.7306196049648881e-04	 3.1584297227132169e-03	 9.9150503200712559e-03	-2.2285842623102216e-02	-3.7133401932019791e-02	-1.7228729509608513e-02	 9.1716664206638147e-03	 2.0333648374825136e-03	-1.0901070154047138e-03	-3.3495933918071597e-04	-4.6802340480087682e-04	 1.0194224857461995e-02	-4.0585256070380341e-02	 7.6487010344717457e-03	 2.1586095400319659e-02	 3.2529258751519629e-03	-4.2963421001771543e-02	 4.0716126061047415e-03	-1.5810718585685776e-03	-1.5220182424983934e-04	 5.8333568544675289e-04	 6.6652076818479299e-03	-2.2360842230588200e-02	 1.7491006153621095e-02	 5.6077941595730707e-02	 6.1194755930189734e-03	 5.7366482454508656e-02	 1.4275927816650966e-02	-2.1316718313027023e-02	 6.6563934302825145e-03	 5.5536839918517654e-04	-1.8041773180804508e-03	 8.3552444429530505e-03	-3.5583184927760886e-02	 4.4446298773028983e-02	-1.0903251250182789e-02	-1.6842459187405012e-01	-2.1698175313783971e-02	 4.0950790876876461e-02	-3.4942846711166917e-02	 7.7726687913049885e-03	-7.0311634638272442e-04	 5.6768684267218678e-04	 8.4114215111466949e-03	-2.3511509882351313e-02	 2.9905753274875869e-02	 4.2553822788867747e-02	-4.3856163504793350e-02	 3.6054847785799315e-02	 2.4797054897157427e-02	-2.5118722087649700e-02	 5.8592417907194130e-03	 1.4393359915081021e-03	-1.4483483177167300e-03	 1.5757423221359995e-03	-8.7066388221776426e-04	-3.0945285981433659e-02	 3.2307134476938379e-02	 5.5589598802534695e-02	 3.7877631377602472e-02	-2.9750325511483749e-02	 3.2202383419163891e-03	 1.2399138576104452e-03	-1.6745618191665169e-03	-1.7288322867911607e-03	 1.2753975187565112e-02	 2.4862350269195073e-03	-2.7137936426818055e-02	-3.5466253408576912e-02	-3.0512187346508186e-02	-4.9131668539603183e-03	 6.5934410364581093e-03	-2.9873456574254441e-03	-3.1701169288553058e-03	 2.6624501977449175e-03	 1.5218167232383667e-02	 1.7090065207587993e-02	 1.6569708253451425e-02	 2.8598371976898030e-03	-5.3222239757339798e-03	-6.8468619062278021e-03	-4.2160788180287158e-03	-7.2063550550527499e-03	-4.5158301105038164e-03	-7.5875488335048671e-03
 1.4336256282743971e-03	 1.8549979629544694e-03	 2.0340222259092114e-03	 2.8792503815281887e-03	 1.9936959872875336e-03	 1.7474650757912380e-03	 1.5386555251965155e-04	 2.9675477299953082e-03	 1.5460571625943307e-02	 2.6511936722507200e-03	-1.6529417790232905e-03	-2.3492783733625969e-06	 6.6785441752660840e-04	-1.0826115430560935e-04	 9.6061708941232206e-03	-2.4640319520042482e-02	-4.0254724534176112e-02	-2.0079940852169808e-02	 9.4824347669872876e-03	-8.2889480468389585e-04	-1.2491482938816541e-03	 2.0466681452650463e-03	 1.2820390972729189e-03	-1.0607241582911958e-02	-3.5208360423971243e-03	-1.0203350394146887e-02	 1.5432171049516679e-02	-1.8004168972431955e-02	-7.9695133356211031e-03	-8.7112459213878422e-03	-2.3141555569002037e-04	-1.6684249939985614e-03	-1.5434805007277035e-04	-5.3158042651967243e-03	 3.0386852589531908e-02	 5.8250390275027316e-03	 8.1789329800689807e-03	 1.0803113247248937e-01	 1.5056779539390148e-02	 6.7630753725095366e-03	 2.3854229717484219e-02	-5.2530122485777101e-03	-1.0102737447993243e-03	 2.1000907971600526e-03	-2.0186279319133402e-02	 4.3287756083822765e-02	-5.3613384419253979e-02	-9.2760243915806173e-02	-1.2791993777326494e-03	-9.0057236389981060e-02	-5.1083597575163710e-02	 4.6417508256659801e-02	-1.7376447882888356e-02	 4.8566469300064273e-04	-2.7115757942017011e-04	-7.1608675259140688e-03	 3.0355034355231320e-02	-4.6083958166489962e-03	-2.5831206324390173e-03	 8.2257045343258367e-02	-9.5060500544743888e-03	-6.3431410926578450e-03	 3.2672820928465865e-02	-6.7770846088179397e-03	-1.5587041090682889e-03	 1.9152074039243674e-03	-3.0167722809414251e-04	-3.0695956706062490e-03	 6.1730223452897449e-03	 1.0520215000540513e-02	 7.5995383285804408e-02	 1.7125041444462977e-02	 9.4068952529412324e-03	-5.2365782523752596e-04	 1.7044679617387018e-03	 6.7852664099800385e-04	-4.1558933326776810e-04	-1.5552862041943072e-03	 4.2911510633623648e-03	-3.6247959078006306e-02	-4.8758548291978440e-02	-3.8816612304554923e-02	 2.2540785775802359e-03	-7.3012371142123055e-05	-4.5331262788876522e-04	-2.1053470323149429e-03	 4.2467640076870769e-04	 1.7292283266266792e-02	 3.3037606279592985e-02	 1.8279452503879620e-02	 4.4579948927696263e-03	-6.2655947974133948e-04	-8.6819512907946005e-03	-6.8507866890816071e-03	-9.2966035721695865e-03	-7.0400190775788633e-03	-8.5322098448397266e-03
 1.2351759949290895e-03	 2.9314180403737415e-03	-1.0965235529494821e-03	 1.7644432910321542e-03	 3.5782543791921936e-03	 2.6587266475028553e-03	-8.7412188220223948e-04	 1.9471374092718430e-04	 1.6482774738399431e-02	 1.7417185697882513e-03	 1.6820358037852518e-03	 2.9862934757479095e-03	 1.4690499224005952e-03	-1.6538539019756318e-03	-2.5901618785021629e-02	 2.2215536583239490e-03	-2.2191842627928345e-02	 7.0707491038636636e-03	-2.2222747676762251e-02	 1.2004630248916050e-03	 6.5332388099958744e-03	-7.3424864726957242e-04	 1.2619517416252580e-04	-2.4713372426257516e-02	 4.3233359501828932e-02	 1.9846279432424042e-02	-9.6784722359943592e-02	 8.0511003590675919e-03	 4.2127134984546823e-02	-2.7175533532189888e-02	 8.9974244928123378e-04	 2.3509380025467774e-03	-5.9968309344634978e-04	 1.9369621649911852e-03	-1.8440940793605029e-03	 3.1681441899117403e-02	 5.4553472999175463e-02	-1.7721901488321291e-02	 4.5102706261015188e-02	 4.8943799711113664e-02	 2.6390525484248726e-03	 2.9638418013613263e-03	 2.3469842703937680e-03	-3.8622341574665328e-03	 2.1105210530339549e-02	-3.3609688209487620e-02	-9.0777650680832170e-02	-1.0420169434335160e-02	-6.6896992680493626e-03	-1.0860028993225192e-02	-8.1392137673202636e-02	-4.0184341315832310e-02	 1.8833952217651755e-02	-2.0244197792674370e-03	-4.5370280102846264e-04	 3.2158258675157089e-03	-2.0022386776269384e-03	 1.2054627586746646e-02	 3.4364501679698789e-02	-1.5305262853834421e-03	 3.7445712941725280e-02	-2.4487303288063030e-03	-6.1890359243927323e-03	 8.2475185691359212e-03	 2.0884921120351407e-03	 4.3608393921592821e-04	-1.3512230557165285e-03	-1.8132694549052437e-02	 6.9649517489872137e-02	 3.3689416084109261e-02	-6.8859743658933020e-02	 4.6246598653643223e-02	 6.6601331096025548e-02	-1.4950520086638358e-02	 1.6268456863885068e-04	 3.7565370050937344e-03	 2.8857589481126344e-03	-1.7746257897759368e-02	-2.3203617484787359e-02	-3.8236927516478508e-03	-5.2481807937123759e-02	-6.0157982339251233e-03	-1.8903139330918296e-02	-9.4125679105471656e-03	 5.0878533601392533e-03	 5.4214370778727684e-03	 3.7428665205326250e-04	 1.4244907878193465e-02	 4.0410984895352352e-02	 1.5118814903241823e-02	 1.9762258548339413e-03	 7.4922986059745306e-03	-3.2623250885520372e-03	-4.3333614941307970e-03	-9.6854104614409117e-03	-5.6209911834817945e-03	-2.0634281563794475e-03
 1.3190114026945070e-03	 1.3097958428983808e-03	-1.2914633769624546e-03	 1.1142810081156884e-03	 2.7532971345546496e-03	 3.6404162978612284e-03	 7.2076488195605224e-03	-7.9134801910938808e-03	 6.1481256626028762e-03	-6.9898436164677769e-03	 8.5155359908783181e-03	 3.9956397866899637e-03	-6.9749212359040327e-03	-7.3414098371242986e-04	-5.0643634189643183e-02	-3.3809021206522780e-02	 7.9496600522080740e-02	-2.0744281961617986e-02	-4.8807248840123149e-02	 1.7082164652674281e-03	-5.7366051829521141e-03	-1.6431031527998855e-03	-1.1671568254428714e-02	 4.3971275798963066e-02	-2.4233280110035876e-03	-4.0487039738100833e-02	 2.2214402596119658e-02	-3.8227647092254444e-02	-1.7784895381627953e-02	 2.5755707772087015e-02	-1.4015338219036099e-02	-2.1983661876679868e-03	-3.4949342436377370e-05	 6.8823572539330599e-03	 3.6642192656979392e-02	 3.7736119680763028e-02	-3.3235641286662773e-05	 6.7770586755744790e-03	 2.8835067126022719e-04	 3.2987215261218047e-02	 4.6577478849876300e-02	 6.3850639389671981e-03	-4.2824719988484639e-04	 1.2252413135808674e-03	-1.5316999963797540e-02	-8.1057696287778508e-02	-1.8803887801646511e-02	-6.6461720551301944e-03	-8.8228063697376403e-05	-4.7460036674079262e-03	-1.7820291541597817e-02	-6.7196357556095834e-02	-1.5267807742809648e-02	 2.4089918648889240e-03	-1.6336986954057259e-04	 6.7986566962263476e-03	 2.3003203246686896e-02	 2.4937724940317360e-02	-8.6306181033534622e-05	 5.6916628281331143e-03	 2.4566619232960635e-03	 2.6423590237821620e-02	 6.1266175856676836e-03	-1.6139090973200050e-04	-4.8286920264274007e-04	-1.7728727717257324e-03	-1.0695129858935715e-02	 5.8937648178760640e-02	 1.0687848407055476e-02	-2.6838999989072944e-02	 1.2558916303037435e-02	-2.4845129767939421e-02	 2.5713000578115187e-02	 5.9997500761638338e-02	-5.2471095874450594e-03	-4.7053392262896713e-03	-9.0875187018466790e-03	-4.5971382407397100e-03	-5.3133762520326228e-02	-2.7439710831264182e-02	 6.7885389832559984e-02	-4.1136833017682409e-02	-5.3980138725807314e-02	-4.5149161762465303e-03	-9.9551282504430315e-03	 7.7128844063207389e-03	 1.0671904966283100e-02	-8.3216882661531243e-04	 3.6174018113646150e-02	 1.2529931455306192e-03	 1.4108870459904548e-02	 7.7155417114446838e-03	 1.6269699413263528e-04	-5.3946475815683584e-03	-9.4974508424474739e-03	-5.9418805189379396e-03	 3.0206745490548824e-03
-2.1094441972415810e-03	 1.2770581312398781e-03	-4.2303018029276641e-03	 3.4742437786339526e-03	 1.8880573011442344e-03	-6.7260984192434314e-03	 1.8801828346089185e-02	 2.4958917944964156e-02	-7.9055258015214569e-02	 1.5260323616448492e-02	 2.7373874966228562e-02	 1.3158298837421664e-03	-6.1097927254040920e-03	-6.7177477117819240e-02	-2.9068403569441426e-03	 3.8764120033653204e-02	-3.2828460069418475e-02	 3.6227195662159699e-02	 2.3524481778749985e-02	-5.3207618291903243e-02	-2.9346814234159991e-03	 9.1755848563907947e-04	 2.9047620992967069e-02	-9.9374464768475475e-04	-3.0523658245235327e-02	 2.4093357637804671e-03	-7.5858325938884513e-03	 2.2517447541665859e-03	-2.6862459815542163e-02	-2.9190107650210573e-02	 1.5762205107729483e-02	-8.4580624517778546e-04	 2.9450584392642816e-03	 3.2371327334963673e-02	 3.7274524191149100e-02	 3.6651309067975528e-03	 4.3272159262114415e-03	-1.1893246912970130e-03	 3.1229441733282726e-03	 1.1152850221728960e-03	 3.6459482320514526e-02	 4.5953738877426584e-02	 3.7357227418671974e-03	-1.1358308431650709e-02	-8.6476488992859951e-02	-3.6206809296623635e-02	-2.9888476204666470e-03	 7.8623013282018970e-04	-8.8841866742943639e-03	-1.2392882087612243e-03	-3.9436824696148752e-03	-2.6859536139279810e-02	-7.0322771854912314e-02	-6.4392910980437014e-03	 2.0809179866885016e-03	 2.0776138723696234e-02	 3.4246543221048933e-02	 4.6579226676435759e-03	 3.0008994261910681e-03	-5.6196523922913703e-04	 3.7301938083846489e-03	 2.7022741044971169e-03	 2.3759629939474475e-02	-1.8881676380566276e-03	-1.2099524606606637e-03	 9.3946764979538615e-04	 4.3405649473966891e-02	 1.5017109154471471e-02	-1.8994629921483791e-02	 9.7752880404576429e-04	-1.8506536697536404e-04	 1.5047053757485515e-03	-1.9054197363382430e-02	 2.5571909263605676e-02	 4.6013458761861498e-02	 3.3615418540113608e-03	-5.6596245975698975e-03	-7.2499281161360424e-02	-1.6213109629417494e-02	 2.4077884102376153e-02	-2.0796266437290750e-02	 2.4536633658396017e-02	-2.0882260608743354e-02	-6.4784901910809267e-02	-4.3576134383383722e-04	-4.7386194457910043e-03	 3.7241927611189579e-02	 2.2142575564908923e-02	-8.0993087360682142e-02	 3.3550235305748299e-02	 3.6806371285195351e-02	-7.2081284725377844e-03	 1.0195102714886462e-04	-5.4542525510124264e-03	-2.0949366983833640e-02	-1.9740000370713257e-03	 1.8584139879091338e-03
-2.0852529179142602e-02	-2.5238900590777727e-02	 4.1109805767175739e-02	-2.3600925345058587e-03	-9.2823101999643699e-03	 4.8682217725083410e-02	 3.1397724551773965e-03	-5.0285791778426708e-02	 4.2509453931072173e-02	-3.6955606822049888e-02	-1.9267000391255347e-02	 5.0163203774974310e-02	-5.5162451219360920e-02	-5.4367759413542997e-03	 2.2451201542600323e-02	-1.0752928884821477e-02	 5.4371445703371877e-03	-6.8403800310695645e-03	 1.7848371475165187e-02	 1.7321572913259843e-02	-3.9169563529465851e-02	 2.4541604560859062e-02	 2.5979886563330936e-03	-2.5789206439985321e-02	-2.9737510142508125e-03	-7.1054247205954088e-03	-5.5429309486390956e-04	-5.2420711409332174e-03	-1.2538268441364148e-03	-1.9092513505438106e-02	-2.1521062690936500e-02	 9.4216401890867899e-03	 1.3306245919060742e-02	 4.5714248762163373e-02	 5.6210304270377029e-03	 1.9858372531929226e-03	-6.0558707823391033e-04	 2.3142223330121399e-03	-1.4734026938414192e-03	 3.4710671765149853e-03	 6.6303901452182895e-03	 4.9325294422176529e-02	 2.5929966773262415e-02	-5.3250929522520821e-02	-4.3610089957072135e-02	-8.2181304506689368e-03	-3.7360255329520961e-03	-4.7410524931754093e-03	-7.9892136043097171e-04	-3.1936981128646491e-03	-1.3993041902192716e-03	-7.4789282854747594e-03	-3.4662630332103234e-02	-4.3328936193263654e-02	 1.2773146685612424e-02	 3.4698451193394417e-02	 7.3342176861458377e-03	 2.5915490105657070e-03	 2.8300543807985193e-04	 3.2573874722825642e-03	 1.0524549896492332e-03	 2.9754917644291114e-03	 7.8235924534429749e-03	 1.7554975704352899e-02	-5.4606541903828992e-03	 2.5792209281970398e-02	 1.3021386687943653e-02	-1.4095604413446778e-02	 2.5082731444892375e-03	-1.6007113500385189e-03	 3.1561517057526627e-03	-1.0257392353153301e-03	 1.3747062317717668e-03	-9.8866622949805479e-03	 3.7878169625789229e-02	 2.6014721236241035e-02	-6.4227864003540941e-02	-5.0226388248952670e-03	 1.4653648131696083e-02	-4.1239163341540742e-03	 9.1509918509692246e-03	-2.6825573479135625e-03	 1.2751475808726591e-02	-1.5899209281805441e-02	-5.8841507638531076e-02	 5.4505623786253246e-02	-2.5586037406308683e-03	-2.9176255823465714e-02	 3.3150468957465609e-02	-2.8847304543026996e-02	 1.5841410957572608e-02	 5.1045521498820308e-02	-2.7904599562769267e-02	-1.7809084451796429e-02	 4.7162034387567289e-02	-2.1528191805521721e-02	-2.2551354913551813e-02
