-1.6623279865857249e-01	-9.3649434170628071e-02	-8.2321980258174658e-03	 7.5100329000657995e-02	 1.3824988788877873e-01	-5.6216198843854759e-01	-3.1375243649903295e-01	-2.7034985649715149e-01	-1.7625437131955453e-03	 2.2946548168534958e-01	 4.0817079019459190e-01	 4.2774733033552542e-01	-7.8525152024602352e-01	-8.5827598461033794e-01	-7.2146410511674408e-01	-4.0099916248102241e-01	 9.4183021547574377e-03	 4.3928381471885086e-01	 6.3611917243982075e-01	 6.9309817395474749e-01	 5.6609992361162376e-01	-7.3432901253808047e-01	-9.8120327512836170e-01	-1.1531231893799003e+00	-8.6415754389227262e-01	-4.5350857599531763e-01	-3.3684867897492886e-02	 4.6950013454629091e-01	 7.6759960970544761e-01	 8.7424784282299128e-01	 7.1444158370083444e-01	 4.1708274675402279e-01	-8.2585546012700517e-01	-1.2141785919806947e+00	-1.2819621031404276e+00	-8.9918740035985367e-01	-4.3730297481907154e-01	 1.3286788546328736e-02	 4.8602219530569535e-01	 8.5761794234123823e-01	 1.0190724027662332e+00	 9.7790343369718669e-01	 5.3749580147839304e-01	-8.4974643602247535e-01	-1.3141766671286765e+00	-1.2804248561112157e+00	-9.0625535150524850e-01	-4.8151596575320610e-01	-1.8925557395095272e-02	 4.8031749164139625e-01	 8.9695318554257464e-01	 1.1530889078358280e+00	 1.1193849333857451e+00	 5.5839305502719916e-01	-7.2197070669695051e-01	-1.1281597672974428e+00	-1.2110951401268011e+00	-8.4880466262111365e-01	-4.4468688415520541e-01	 2.1627944394626564e-02	 4.6199212272041085e-01	 8.7889002096679236e-01	 1.0761894026583827e+00	 9.4336639663305122e-01	 5.7684466016495173e-01	-5.9192924434962935e-01	-8.7156214561456058e-01	-9.5410651937509827e-01	-8.3461484902398064e-01	-4.3813408282074806e-01	 1.5982098341734328e-02	 5.0930552305111054e-01	 8.0959016217579838e-01	 9.3453917452388036e-01	 7.6909563911010492e-01	 5.4877298672099939e-01	-6.5785317681870537e-01	-6.7365855213679104e-01	-6.1406110029644956e-01	-3.4109713767482064e-01	 4.2798559566492589e-03	 3.8510808241975208e-01	 6.0169757100124288e-01	 6.1687196573215164e-01	 6.2833417837274697e-01	-4.9328162697724925e-01	-3.2177957948518116e-01	-2.0992840005663632e-01	 1.2160945859748251e-02	 2.5518963970464198e-01	 3.9477567263810653e-01	 5.0116165286380565e-01	-2.4104766419690765e-01	-1.0692588266897082e-01	-2.9979811171232756e-02	 1.2199707065322585e-01	 2.3895635458527428e-01
-4.7592970598334872e-01	-3.9307670419098129e-01	-5.2856291894962049e-01	-2.9962213505528351e-01	-9.4785758197160175e-02	-7.6020496227909384e-01	-6.7361509544321096e-01	-1.1345275564097648e+00	-1.1796716480096354e+00	-9.7883358417606070e-01	-6.6553261890842630e-01	-5.1565462079960578e-01	-4.4290988888901128e-01	-9.5251139896506531e-01	-1.1646291261111270e+00	-1.2148275046975701e+00	-1.2298023579265274e+00	-1.2286031615096533e+00	-8.9929134673242483e-01	-6.5142973237355528e-01	-4.5316662350842224e-01	-2.7743347296570442e-01	-3.2723526099578149e-01	-7.5412626840907282e-01	-8.9903161072925686e-01	-9.8685922813107441e-01	-8.2357703072994481e-01	-8.1885626237992115e-01	-7.4627267268043751e-01	-5.5419244484589880e-01	-4.6571313218707933e-01	-1.4872275489614933e-01	-1.7682342091677472e-01	-3.2906872978043772e-01	-3.6354355183318882e-01	-6.2920869569539850e-01	-4.2661548920446835e-01	-5.1170632054783260e-01	-4.5663321621377390e-01	-4.2110670887555612e-01	-2.7608733321501372e-01	-2.6821508032036911e-01	-1.6200956442917469e-01	-1.5522444514423084e-02	-1.1573261603633997e-01	-4.6874669968636297e-02	 1.4871817513868052e-01	 9.5396760999574379e-02	-2.0999857058560854e-02	-7.4950141125738709e-02	 3.3598050849897865e-03	-1.8369887477230323e-01	 9.8911232412027279e-03	-8.1173331778104096e-02	 1.2867886933567529e-01	 3.2506461833096933e-01	 4.6932462714461065e-01	 4.6324704933279615e-01	 3.0386709783041765e-01	 4.1689223911413420e-01	 3.3093093353767788e-01	 3.2541641525628168e-01	 3.6844145217891455e-01	 2.1548269056344810e-01	 4.7787409391588750e-02	 2.1496049205493495e-01	 4.7864862436075484e-01	 6.7315034459949574e-01	 8.5009661699310402e-01	 1.0158815280554589e+00	 8.9184104819023746e-01	 9.7459128963375286e-01	 8.5705750511447709e-01	 6.4245463918946744e-01	 3.3024823680394805e-01	 1.2244707513556552e-01	 5.5095680377048306e-01	 7.8963784565948580e-01	 9.7471522588773241e-01	 1.1836580291796528e+00	 1.1992600709885826e+00	 1.1544790203272837e+00	 9.4167368687787112e-01	 6.1979067168672142e-01	 4.0601031287479478e-01	 7.2550079174725823e-01	 8.1853050485847190e-01	 1.0154472495768514e+00	 1.1166227526929355e+00	 1.0469370027031748e+00	 7.5481446054551715e-01	 6.3899230500063742e-01	 6.3148750909409046e-01	 6.4575435613671628e-01	 5.8028790005262054e-01	 6.0120645327235889e-01	 5.9882134511474172e-01
 2.7759680320307567e-01	 1.7323097200415513e-01	 1.0097153355651350e-02	-1.3243965438153205e-01	-1.7580873295680136e-01	 7.0631607646220940e-01	 5.2368559898542988e-01	 4.1327797582388898e-01	 7.6056791406069659e-03	-4.4122263271430434e-01	-6.1502961381666266e-01	-5.6309346593906695e-01	 7.7044079763275497e-01	 9.9373334678620306e-01	 9.5826137284184365e-01	 5.6664304064462145e-01	-9.5786253963823613e-03	-5.7339999190773994e-01	-8.9317501691786105e-01	-8.2947612939675663e-01	-6.2769815825786690e-01	 4.0130191806090953e-01	 7.2925670851140278e-01	 9.7645225403197289e-01	 8.0603958447584356e-01	 4.5114454959986650e-01	-1.1480319628996798e-02	-4.4840266987318367e-01	-7.7761515334163644e-01	-7.8261248594496036e-01	-5.9833084398793868e-01	-3.0395001213188771e-01	 2.2892881615933480e-01	 4.8640334209595304e-01	 5.8348648074288856e-01	 4.6750733412123835e-01	 2.6402821461296488e-01	 1.1818477101030364e-02	-2.2226133994637878e-01	-4.1116580378361828e-01	-5.2277123825603722e-01	-4.5659853900535802e-01	-2.0276896832249597e-01	-1.3370447602202851e-02	-2.0174724485442868e-02	-1.2499910986979723e-02	-5.8766645046180277e-04	 3.3529001717205929e-02	 1.7478013236424582e-02	 1.2203535515716754e-02	-2.0739150162153813e-02	-5.0014775807440869e-02	-7.2265033237393361e-02	-4.9844793803430210e-02	-2.5880744996342853e-01	-4.9670854981540880e-01	-6.0956032298223572e-01	-3.9627020349245834e-01	-1.7567665022090484e-01	 4.6108495386337676e-02	 2.3458562597689403e-01	 3.9987382349537254e-01	 4.8276587491605261e-01	 3.5353478402307192e-01	 1.5981489934277660e-01	-4.2095805229546346e-01	-6.7750569964450436e-01	-9.0792268155400491e-01	-7.6927840817113491e-01	-4.4786544419298346e-01	 5.0649083506937406e-02	 4.9000046810161091e-01	 7.4211306619795692e-01	 8.2226653548532580e-01	 5.5993534894914387e-01	 2.9897746501637501e-01	-7.5785447674257633e-01	-8.7847573320166283e-01	-8.8462500831061330e-01	-4.9630369303106570e-01	 2.9933073974158508e-02	 5.4467260150275587e-01	 8.4764940683756906e-01	 7.9657819495587379e-01	 6.3213340067031876e-01	-7.0134714266023235e-01	-5.9374360755106959e-01	-3.7010134521745619e-01	 2.5546976364280348e-02	 4.2252339474443656e-01	 6.0555896404640519e-01	 6.6232987944985577e-01	-3.0517017064683305e-01	-1.7253302107977980e-01	 2.0231206482583624e-02	 1.8724510968042990e-01	 3.3264629162019710e-01
 2.1603853090293521e-01	 2.2700543226115108e-01	 2.3179549495281115e-01	 1.7450359767673712e-01	 1.1049859460165179e-01	 3.5845453878333067e-01	 2.7722008433633077e-01	 3.1275233542834902e-01	 3.3692409114010974e-01	 3.4652376373491078e-01	 3.3450928135313496e-01	 3.1343683421263796e-01	 4.0863121089957288e-01	 3.7524662079289917e-01	 1.8789802404926356e-01	-7.0256150638088696e-02	-1.3841362297513632e-01	 2.2023638518838633e-02	 2.2541045842331039e-01	 3.5084168195207083e-01	 3.4829644501654344e-01	 3.4286492213083480e-01	 4.1422769050507724e-01	 2.2605107480260864e-01	-2.3375430044441964e-01	-6.4315331472045534e-01	-7.1260645179357796e-01	-5.6229744882443211e-01	-1.6412849115978678e-01	 2.2395464091248579e-01	 3.3915831009786901e-01	 2.3775062819100376e-01	 3.6933680546343772e-01	 3.8690364770635238e-01	-5.4314440486841573e-02	-6.7208803484630231e-01	-1.0865361031862077e+00	-1.1425297347007271e+00	-9.9669678330821054e-01	-5.2164125333575750e-01	 3.1396314235870304e-02	 3.6540189583317284e-01	 2.5735364376009412e-01	 3.6616224135511188e-01	 3.7567168011996666e-01	-1.1067353852617239e-01	-8.1633782268398236e-01	-1.1459338318974277e+00	-1.3868013451073089e+00	-1.1686303225090970e+00	-7.2306693641247133e-01	-1.0435485527615695e-01	 3.4371113346660193e-01	 2.7981334766249183e-01	 3.3335617521131550e-01	 3.8062673883194842e-01	-1.6835776178497634e-03	-6.6914820132997854e-01	-1.0756066467136767e+00	-1.2151252095978640e+00	-1.0053220593034569e+00	-5.6660554872964852e-01	-9.6549676811654352e-03	 3.3625121161575122e-01	 2.7061411355885823e-01	 3.2083187886616649e-01	 3.7180026576616271e-01	 2.0695015807319048e-01	-2.5292900770135462e-01	-5.6725216120724942e-01	-7.2954497984604483e-01	-5.9167644368705885e-01	-2.1319360653794694e-01	 1.9186330210663888e-01	 3.2904415056996483e-01	 2.5276415525781304e-01	 4.1487864214847514e-01	 3.4018652009454414e-01	 2.3547698620219734e-01	 3.2252194604021622e-02	-8.0225851451844285e-02	-1.5422775709321898e-02	 1.9426926939916433e-01	 3.1910200839936825e-01	 3.2947466052428465e-01	 3.9502299595453672e-01	 3.7698106866629943e-01	 3.6593240389589554e-01	 3.8022284172952636e-01	 3.6841827772974622e-01	 3.6218943548628335e-01	 3.7629499652864717e-01	 2.7618824189020064e-01	 3.2039181375857817e-01	 3.3612243719721591e-01	 3.0474876474095008e-01	 2.7771580214518571e-01
 2.9277996521464633e-01	 4.1766156377726782e-01	 4.6447591536070554e-01	 3.2173051734866676e-01	 1.2741772666933671e-01	 1.0430556610239376e-01	 3.6695449535113484e-01	 7.9513317796332206e-01	 9.6938938559357180e-01	 7.8248822047265421e-01	 4.2361632293849538e-01	 1.0240432574659962e-01	-2.9284626844718287e-01	-6.1630911052971138e-02	 3.4983897021118354e-01	 7.3502129928860394e-01	 8.1915107315996361e-01	 7.3247736639003092e-01	 3.9609894683138591e-01	 1.0422201575685519e-03	-1.9432157776946921e-01	-5.1552787620023754e-01	-6.4246563867922479e-01	-4.9348145962252110e-01	-4.3728320449968328e-02	 3.1476732936863910e-01	 4.4305862500871745e-01	 3.1985363660728211e-01	 4.4313733715606970e-02	-2.7988877123173606e-01	-4.0955187038371366e-01	-2.8665475429854992e-01	-6.9823193171388143e-01	-9.7396980898407159e-01	-8.1397264545552417e-01	-3.6936720825357772e-01	-6.2904038620917313e-03	 1.1317569428987179e-01	-1.7941158371424147e-02	-2.8767475868568004e-01	-6.1433705042857212e-01	-7.6756458174170172e-01	-4.4403472752542317e-01	-7.6789300855907006e-01	-1.1217180470452237e+00	-8.9666417976265755e-01	-4.6773359354773042e-01	-1.2616357524643418e-01	-3.9138369165763284e-02	-1.4335190643968626e-01	-4.5132262733571316e-01	-8.0187358514181972e-01	-9.4259155891155599e-01	-5.4981532214999351e-01	-6.1285996924459818e-01	-8.8982904085173331e-01	-7.5030371674948626e-01	-3.1834541373708319e-01	 1.0746349737912146e-03	 8.1461207340615044e-02	-1.8394199912613783e-02	-3.4510809239095563e-01	-7.0004454706659602e-01	-7.7920041616871705e-01	-4.9967325213902236e-01	-3.9692812970059760e-01	-5.0125670467167471e-01	-3.0799536739292027e-01	 1.4703115780041652e-02	 3.5876379561685146e-01	 4.2875408207569654e-01	 2.8570517005808094e-01	-6.7498394435751757e-02	-3.6618676260032318e-01	-5.0068517433087401e-01	-3.7336362817305990e-01	-1.9621686560461093e-01	 5.0933252004765159e-02	 4.0329138490181504e-01	 7.6629113696380813e-01	 8.5434276688989075e-01	 6.7879352048698216e-01	 3.2337308253768482e-01	-1.7481913705217067e-02	-2.5039458177643137e-01	 2.1029042545344889e-01	 5.1724365695258445e-01	 7.8493331357437424e-01	 1.0374182230690252e+00	 8.1200206068276981e-01	 4.8170847904243930e-01	 1.9857265316135483e-01	 3.5152757700291237e-01	 5.2527439898330786e-01	 6.3257094334207042e-01	 5.2928672443295333e-01	 3.7216607785901334e-01
-2.8943945067908555e-01	-2.1459563526910536e-01	-1.2837447033488790e-02	 1.4692361092352382e-01	 1.6445365703393178e-01	-4.8847049017729904e-01	-5.1849688805683936e-01	-4.7820135548985993e-01	-1.8676665014222504e-02	 4.9722752195288977e-01	 6.1014541793716803e-01	 4.0996519184992564e-01	-1.8309285826033633e-01	-5.0692229564541658e-01	-7.1829197080659934e-01	-5.0961036557782857e-01	 3.7011428666601396e-03	 5.1010009824764591e-01	 7.0901120546425833e-01	 4.7450212733206931e-01	 1.8224996560886025e-01	 2.7056654687924792e-01	 2.1299357279127051e-01	-7.1899388907606207e-02	-3.1368468261947791e-01	-2.5733502575926193e-01	 7.0300898556501078e-03	 2.6482685324210120e-01	 3.4920115761622583e-01	 1.5668660287546182e-01	-8.3480867956923860e-02	-1.0535466042422517e-01	 5.2891584731233854e-01	 6.6880934870997044e-01	 4.2276736138808380e-01	 9.4172501816026627e-02	-4.0331527180873308e-02	-6.8947631264096552e-03	 4.2818086310192419e-02	-4.7450125151373687e-02	-2.7942564400097514e-01	-5.1495035114230725e-01	-3.0558301148503614e-01	 6.1997425878962864e-01	 8.8046961534376622e-01	 5.9653666967889096e-01	 2.2256065280656395e-01	 4.3274572562193137e-02	 3.2463796228851321e-04	-4.0468852482528239e-02	-2.2414963474758695e-01	-5.2875205338699771e-01	-7.4784445139375366e-01	-4.4529691155688067e-01	 4.4146545873889242e-01	 5.7903737093349705e-01	 3.4929446561671468e-01	 5.9500940806883881e-02	-1.6566435730733221e-02	 2.7859939599075983e-02	 5.0270898645268680e-02	-8.3494917324177687e-02	-3.6128434298064499e-01	-5.3615870000542265e-01	-3.7674154335618881e-01	 1.6324812406746636e-01	 1.0530144474428282e-01	-1.8972563155838371e-01	-3.3532763827256934e-01	-2.6610558645168730e-01	 5.3715755445320368e-02	 2.7905960868826812e-01	 2.8635482646972232e-01	 9.4940587180893959e-02	-1.7808204661359853e-01	-1.8847385550567991e-01	-2.5241344888498307e-01	-5.2936437589109020e-01	-7.0430974531803348e-01	-4.6241359922675829e-01	 4.9223894843554244e-02	 5.0330720379838612e-01	 6.5425570950507939e-01	 4.4149975287205634e-01	 1.3143595010696552e-01	-5.4003932111510478e-01	-6.1108996169417862e-01	-4.1283174050378502e-01	 4.5806418929070412e-02	 4.9535452229982047e-01	 6.1923975638771034e-01	 5.0738156017622571e-01	-3.0929653479729102e-01	-2.0379286126706489e-01	 3.3248949536724241e-02	 2.2857697283002903e-01	 3.4665905526262281e-01
-7.5994098468263258e-02	-4.4115391712068991e-02	-1.3628615261582558e-03	 2.3240082146497958e-02	 4.2563086384256925e-02	-1.8273308617395695e-01	-8.0545756952668093e-02	-3.3370316301076973e-02	-4.3897412795722637e-03	 3.9738443162390127e-02	 1.0289501775049534e-01	 1.6250578876198735e-01	-2.5090929681655727e-01	-1.2726251066568878e-01	 1.1235084940289547e-01	 1.7657273796259115e-01	-1.6937478889173033e-02	-1.6496298514092123e-01	-7.4650235591232281e-02	 1.4057463626252670e-01	 2.3080068062574893e-01	-2.4608801259359703e-01	-2.3590649664330798e-01	 1.3990773027206160e-01	 5.1410147890070279e-01	 4.2941857383242787e-01	-5.3805882246122649e-02	-4.5115766356560499e-01	-4.6114314511998461e-01	-7.5491184104039627e-02	 2.2250710982471228e-01	 1.8192960329727820e-01	-2.7738924453853420e-01	-1.4898906498966424e-01	 5.4408241583448147e-01	 9.0585873319248611e-01	 6.4426594559883266e-01	-4.7083091609398511e-02	-6.6737883829863787e-01	-7.9271439244035724e-01	-3.6959236142008312e-01	 1.7478851039947163e-01	 2.1394834725463965e-01	-2.8745430898330293e-01	-9.8293198003097729e-02	 6.2488862861229511e-01	 1.0508523372791179e+00	 6.7922128610071852e-01	-2.4717073618057788e-02	-7.2443384207866490e-01	-9.6952126061031318e-01	-5.7483123769981126e-01	 1.1931128959496659e-01	 2.3417399365690933e-01	-2.5007193388470672e-01	-1.4860095116902619e-01	 4.6836778177515487e-01	 8.7820711806500751e-01	 6.0394609137709443e-01	-3.4551093807063289e-02	-6.3439514967748323e-01	-8.3802441230207658e-01	-4.2493893042787223e-01	 1.6630261511631902e-01	 2.1814279606753437e-01	-2.4291124908559558e-01	-2.1449251728625796e-01	 1.3774466940565921e-01	 5.1349302333476265e-01	 3.9343298698902929e-01	-2.4630712439194711e-02	-4.6066295181636863e-01	-4.8840349462940813e-01	-1.0491371994803173e-01	 1.9617473644915731e-01	 1.9325431994696418e-01	-2.7091559405968013e-01	-1.2488349549786742e-01	 5.2626283724953551e-02	 1.1738477219023988e-01	-9.3149389432499105e-03	-1.4246387955192283e-01	-7.0344780735386400e-02	 1.3243003251040142e-01	 2.0756402071621266e-01	-1.9330688828812043e-01	-1.1879420408109309e-01	-3.7725201923642565e-02	-2.8048959115202043e-04	 4.5118904536613741e-02	 1.1948112890123155e-01	 1.7350742807857988e-01	-7.7339989162512612e-02	-4.4334286846347930e-02	 7.2557333447505670e-03	 4.2897136216103499e-02	 8.1902475680210501e-02
-1.7158551615183917e-01	-1.8914314586833347e-01	-1.8118951437063852e-01	-1.3976330687914812e-01	-9.5831532321956875e-02	-2.1669150943190130e-01	-1.5674350090349637e-01	-1.1223512164835082e-01	-7.6690533169459327e-02	-1.2311999310047358e-01	-1.8110987647420188e-01	-1.8838660977291544e-01	-1.8393819368503111e-01	-1.1559012976514559e-01	 2.0039572180428247e-01	 5.5595968841944277e-01	 6.2899578295435776e-01	 4.4399723326386098e-01	 1.1945410035224135e-01	-1.3642885743191349e-01	-1.7039554541836066e-01	-1.0055246806791208e-01	-1.1362948670482065e-01	 8.3498216146103699e-02	 5.3827861529753140e-01	 9.2809366595968956e-01	 1.0270998791205677e+00	 8.5875205484249184e-01	 4.6958292783681610e-01	 5.6901638399020391e-02	-1.0801339531486084e-01	-7.6104413306832333e-02	-5.0439980571217020e-02	-3.5860563302456128e-02	 1.6183076277566122e-01	 4.3518070098916944e-01	 6.5673446064738650e-01	 7.1557511435042820e-01	 6.4500212208186680e-01	 4.3826446527318524e-01	 1.4898991031471503e-01	-3.9050425414967595e-02	-3.8682408868627081e-02	 1.0623874958927532e-03	-8.5336440962059668e-03	-2.3511113427188621e-02	-5.0010192720030225e-02	 4.6963864436392359e-03	 8.7243386884394130e-03	 3.5114446808556646e-02	 4.1740648957154652e-02	 4.0606538332796968e-02	 1.6288763032817566e-02	-6.7775788787934402e-03	 5.1071907447657897e-02	 3.6392537091149799e-02	-1.8692050553379203e-01	-4.9543291714635823e-01	-6.8963461620237532e-01	-7.0287877287124290e-01	-6.2160317937842846e-01	-3.7682941631305478e-01	-1.1301569779003046e-01	 4.8266215993929315e-02	 3.4190582316410506e-02	 9.8549004878124485e-02	 1.0178754231358918e-01	-1.1664374920175433e-01	-5.6178869930798614e-01	-8.8974424539653107e-01	-1.0059567096939843e+00	-8.6837016768209685e-01	-4.7659744074991139e-01	-7.2500572562974763e-02	 9.4623502003572654e-02	 7.3249579376298196e-02	 2.0897074760802109e-01	 1.1082405817670805e-01	-1.0741001429078689e-01	-4.4420110903038679e-01	-5.8125775628671295e-01	-4.5540570098219824e-01	-1.3594987925406884e-01	 1.1657585811724143e-01	 1.5412081924151749e-01	 2.5215509573460237e-01	 2.3942524927350006e-01	 1.7606175902217641e-01	 1.3102641153153394e-01	 1.6663592868614469e-01	 2.2138449661301823e-01	 2.3336566683947491e-01	 2.2224683020697764e-01	 2.6818828074114509e-01	 2.8641614991901176e-01	 2.5504122014088060e-01	 2.1902632432163718e-01
-1.3051685026284360e-01	-3.1635999989493457e-01	-3.8814412921973729e-01	-2.4285554954724017e-01	-5.1354372737450540e-02	 2.9928055932468589e-01	-7.0924795648029323e-02	-5.5609846030974763e-01	-7.7738155066765458e-01	-5.0977973911571151e-01	-8.0130490568096957e-02	 2.2987575899875917e-01	 6.4242936005519979e-01	 6.1501471308129729e-01	 1.9511705761762066e-01	-3.4945029127821081e-01	-5.2799344891422839e-01	-3.4099230186735474e-01	 1.0997871889229484e-01	 4.6794424299789861e-01	 4.9716806759564813e-01	 4.3864982408889874e-01	 7.5500505547232166e-01	 8.0391120330689381e-01	 3.9111992255386729e-01	-3.6201806110283813e-02	-1.8864181635513325e-01	-5.0035952380617900e-02	 3.1727074687786283e-01	 6.0019409149933622e-01	 5.8397910964058353e-01	 3.1116576792819350e-01	 2.6957046334028339e-01	 5.4368267575821883e-01	 5.2895593219072312e-01	 2.8700946106824987e-01	 5.9493907062079431e-02	-2.5325478630301042e-02	 5.1940275016066885e-02	 2.4869612251338419e-01	 4.7122370688493215e-01	 5.0232052619370382e-01	 2.4210329024707047e-01	-1.1335704376427882e-02	-4.5716954824508604e-02	-1.7847957586956190e-02	-6.9532597891081016e-03	 1.6489244266022288e-02	 1.2642246042760704e-02	-2.8070437397184856e-03	 1.2876798186943483e-03	 3.7131640077213125e-02	 6.1505715020303484e-02	 4.6255173481041592e-02	-3.0836663816472032e-01	-5.5597421043144113e-01	-5.4903746602003678e-01	-2.4739962558732528e-01	-4.5877379837148888e-02	 6.4089971140846719e-03	-8.0236924245834437e-02	-2.6950406011918149e-01	-4.5734158922757351e-01	-4.1022342934729522e-01	-1.8201730999807758e-01	-4.2675141511253412e-01	-6.6790160779194108e-01	-6.7475117172718180e-01	-3.1097790736309594e-01	 5.8084858571463421e-02	 1.8576832992731490e-01	-5.3357053834191450e-03	-3.8615107536069404e-01	-6.7809771086318182e-01	-5.9123967688432189e-01	-3.1465789698159308e-01	-5.6312936091884735e-01	-4.5394471025221156e-01	-1.2273919311986239e-01	 3.8531189056761672e-01	 5.4849363437323062e-01	 2.8956067610618919e-01	-1.7483297634667688e-01	-4.8530016705907641e-01	-5.2501120510520849e-01	-2.0211703807206977e-01	 1.6302073855208574e-01	 5.5002966616455318e-01	 8.1479494388668772e-01	 5.3724906262236016e-01	 1.1918129096538263e-01	-1.9300363096436773e-01	 1.7054086319447712e-01	 3.9641143383249189e-01	 5.1599339276555289e-01	 3.9536502043300492e-01	 1.7785454737528922e-01
 2.3795929652501782e-01	 2.2091586888030423e-01	 1.8726831309060138e-02	-1.4771922315017880e-01	-1.3140190697043724e-01	 1.4481305410261072e-01	 3.8422450097244076e-01	 4.6572299694377256e-01	 2.6215065675715434e-02	-4.6146797037154619e-01	-4.5742124711345927e-01	-1.4546783159059251e-01	-3.0898246725782325e-01	-7.2738771658104967e-02	 3.2900999010886134e-01	 3.8005503185163481e-01	 5.8604247019492742e-03	-3.7595441557488307e-01	-3.7910992540546529e-01	-2.9474375028509803e-03	 2.0553041563985047e-01	-3.7204694772000091e-01	-5.9541810452915789e-01	-4.5226621532702349e-01	-4.0813097981946822e-02	 1.1455483049473114e-01	-3.6341857058015364e-03	-1.1852298674187518e-01	-1.7373271675517776e-02	 2.8629929344843286e-01	 4.3636840304909241e-01	 2.4042981332394192e-01	-2.6660865239272913e-01	-5.1067253501192744e-01	-3.8953865668075460e-01	-1.4161938563591234e-01	-5.9221600108198711e-03	 8.5745884743164309e-03	 3.4857247930534293e-03	 1.1312301168949769e-01	 3.3852001243937502e-01	 4.7295810613923650e-01	 2.3288587890913415e-01	 1.4150366303169602e-02	 4.9895341201190761e-02	 1.3192632397313811e-02	 6.1319308300062060e-03	-2.1696289748472509e-03	 5.0210965649446528e-03	-8.6205358146122216e-04	-1.5154972848851890e-03	 2.2450662940445901e-02	 5.2758124411387511e-02	 4.7097184649011775e-02	 2.9060048038492320e-01	 5.2170927209032647e-01	 4.0011540692685343e-01	 1.1708553805797997e-01	 1.6188123991043371e-02	 1.2886226468854827e-02	-4.1804934943281101e-03	-1.4326259536823177e-01	-3.6344572589385510e-01	-4.0153534110516587e-01	-1.7840619215735451e-01	 3.2541695140541882e-01	 4.9589650434166177e-01	 3.0311185171823235e-01	-1.1329275404624179e-02	-1.1938555165719592e-01	 3.5734356561665195e-02	 1.1198242543687326e-01	-5.9751960299899515e-02	-3.8402682030180357e-01	-4.7802815769853030e-01	-2.5915663112851228e-01	 2.0849318158177227e-01	-4.8948867659446275e-02	-3.6418580629186814e-01	-3.4274159582188835e-01	 5.1781861721703931e-02	 3.7576952700461153e-01	 3.0712875607947171e-01	-4.3921451011629115e-02	-2.6724860441257137e-01	-2.2123750999298497e-01	-4.6948668917776182e-01	-3.8821676051364479e-01	 6.4087501903423383e-02	 4.6822454390451751e-01	 4.7092980082038088e-01	 2.0642261175020804e-01	-2.4367016043636272e-01	-1.9303973687734444e-01	 3.5120869286485799e-02	 2.2767706632262263e-01	 2.8339071923838577e-01
 8.0962761620746962e-02	 4.8139107208854420e-02	 9.3812408536779242e-03	-2.2344446449357274e-02	-4.3780401410651086e-02	 1.4132890768392098e-01	 4.6981691633074488e-02	-8.9912434794051088e-03	 1.4534277452243038e-02	 2.5565957474583192e-02	-5.1171605017514186e-02	-1.2817940575943432e-01	 1.4185495313403620e-01	-1.4555024068993658e-02	-3.5892872737527881e-01	-3.7687079597298895e-01	 2.4425534091550249e-02	 3.5801518732670390e-01	 2.9302918102767372e-01	-2.2281747380379129e-02	-1.4665521882352367e-01	 9.6115472357417631e-02	 6.3101082426953559e-02	-3.0844166760172831e-01	-6.9581070332007344e-01	-5.5815836421051712e-01	 4.6396724249555106e-02	 5.6170545646641212e-01	 6.4481988940421564e-01	 2.3677491030071302e-01	-7.3835570643323190e-02	-7.9727541217860270e-02	 4.4844631773439003e-02	-2.0022245597176837e-02	-3.5231713732432723e-01	-5.4083027278595963e-01	-4.1322825652596440e-01	 8.1760828901994674e-03	 3.9809742503800027e-01	 5.3821639547607680e-01	 3.1718968273286791e-01	 1.7428064715703705e-02	-4.1783226587722135e-02	 1.2089350903101332e-03	 1.3384085913163054e-02	 3.7812419064771646e-02	 4.0435388190318743e-02	-2.5126379222269506e-02	-5.9065078912662562e-03	 1.1717696126976873e-04	 4.1008736348987010e-02	 6.2589438765488017e-02	 2.2139886480451225e-02	-5.2382087504953634e-04	-5.5423584815251413e-02	 2.7269461817269657e-02	 3.9137195139139153e-01	 5.6490373344180278e-01	 3.6622248676438662e-01	-4.3539716330255496e-02	-3.8889513318499180e-01	-4.7994118133762492e-01	-2.7535052919488079e-01	 3.5771274438684232e-03	 3.7562091704917283e-02	-9.4765663029116251e-02	-5.7426487408740762e-02	 3.2417465295061698e-01	 6.9586606663050687e-01	 5.2221513850510015e-01	-5.4623937388214076e-02	-5.8050872574268131e-01	-6.4255913375840124e-01	-2.5788824063554860e-01	 5.4427148324986060e-02	 7.1204378733955714e-02	-1.6195133209302742e-01	 1.4428442418879875e-02	 2.6661157690353721e-01	 2.9276103637613393e-01	-2.5878672295868457e-02	-3.3411138049929678e-01	-2.8133491456831666e-01	 1.6173952969145863e-02	 1.1326820948490549e-01	-1.4686972058679809e-01	-7.4404343839708925e-02	 9.2339365541500400e-03	-5.7937468241192154e-03	-4.8614242690458078e-03	 8.1704107489058514e-02	 1.3853442854668541e-01	-7.1158890817939288e-02	-4.6480984964574527e-02	 1.0643120683521436e-02	 4.8949528556355752e-02	 8.6749347280842090e-02
 5.7520305063697638e-02	 4.7683965143124549e-02	 3.6046424920142012e-02	 2.8937337810764029e-02	 2.8100068821317107e-02	 6.3785151337992549e-02	-1.9224539555968750e-04	-7.7695011910298484e-02	-1.3395876577588989e-01	-8.9509175703954419e-02	-5.3475835470747036e-03	 5.9740511296517640e-02	 7.0301702346919903e-02	-4.6307063629377532e-02	-2.6021552142933446e-01	-3.4587744712497870e-01	-3.2599285367681047e-01	-3.3516531203488698e-01	-2.4426224988102402e-01	-2.6037900656255646e-02	 7.8410842975419975e-02	 6.3657684919567387e-02	 1.0133653690505401e-02	-2.3569957413756476e-01	-2.7790393482811093e-01	-5.8057883616256502e-02	 2.8397846785071477e-02	-9.7467636432187782e-02	-3.0110347077851563e-01	-1.9403168986154090e-01	 3.7886664888044597e-02	 5.4339435100065572e-02	 6.0127352617514916e-02	-7.5226870753950653e-02	-3.3097316500795415e-01	-2.0019930140150213e-02	 5.2150429636713902e-01	 7.0557447715626842e-01	 4.2344171823179566e-01	-9.1294761584874734e-02	-2.8485863921578158e-01	-4.0836530021469142e-02	 5.9307111121928706e-02	 6.1636681986099874e-02	-1.2973057969851232e-01	-3.3353750233210755e-01	 1.1611716067272931e-01	 7.2335250408277996e-01	 1.0890905811514835e+00	 7.2419079840360379e-01	 7.9971055501878552e-02	-2.9107096325204856e-01	-8.4522717327653790e-02	 5.7635173081936344e-02	 5.7934395211212387e-02	-7.5737514534354400e-02	-3.4381375317761592e-01	-4.5402705958445214e-02	 5.0088377517119997e-01	 7.4215111082377772e-01	 4.5241539682668153e-01	-6.0468598698894205e-02	-2.7934688951251108e-01	-4.2881965046518263e-02	 5.4343863397174882e-02	 6.9987510286501020e-02	 7.2739233236469051e-03	-2.5231268034958104e-01	-3.0005620616383522e-01	-1.0114892419994456e-01	 6.2758993197254961e-02	-7.4017407654949186e-02	-2.7252960698804896e-01	-1.9071945115881528e-01	 1.9817109754499247e-02	 5.3190756983459708e-02	 8.6742914028595519e-02	-4.5477233362365421e-02	-2.2322386320406828e-01	-3.3200791930819251e-01	-3.2908088462280161e-01	-3.0988740026561312e-01	-2.1415569816069530e-01	-1.9192100884952969e-02	 6.4327954690157063e-02	 7.9499216363159320e-02	 2.9529912523598482e-02	-4.5641209798089742e-02	-1.0330234724283448e-01	-4.9989034802065332e-02	 2.7957162950814619e-02	 7.4831765360361069e-02	 6.3961526885450870e-02	 7.9278030247097508e-02	 6.4887873223501785e-02	 6.9240642878071523e-02	 6.5171175605418935e-02
 7.0839378335990438e-02	 8.7355906227340907e-02	 8.5773766529523454e-02	 6.8584103221521281e-02	 3.7705948820571045e-02	 1.7551384053000496e-02	 2.0424913006260585e-02	-6.3791432857286584e-02	-1.1916783645254836e-01	-4.8993729946458120e-02	 2.5618278058842758e-02	 1.8020428094705311e-02	-4.1183668944991203e-02	-1.1913681364675454e-02	-1.5807670688173114e-01	-5.2066814480424473e-01	-6.4167091384077857e-01	-4.3542898118368262e-01	-1.3211164055317517e-01	-1.0066500384405630e-02	-4.5997948079633977e-02	-1.0136345562399793e-01	-4.3837080090720182e-02	 1.4658191792788078e-01	 8.0558979243474538e-03	-4.3981416420670605e-01	-6.3610373233287576e-01	-3.8755541745245936e-01	-4.5955709358222654e-03	 7.3502840024718880e-02	-6.5534871252224083e-02	-6.9457664184394502e-02	-1.2822772540200861e-01	 4.9555176706237256e-02	 5.1995935278498506e-01	 4.3286789560671557e-01	 1.1267583736550010e-02	-2.0856666852489744e-01	 2.2761838060098544e-02	 3.5460821229462730e-01	 3.6402442093774956e-01	-6.9844930965039364e-03	-1.0448080470813761e-01	-1.3433538678014317e-01	 1.1138466832061478e-01	 6.2985524595023634e-01	 6.2317957135696522e-01	 2.1610166812018552e-01	 2.9764330834226464e-02	 2.3686713321012248e-01	 6.1498390467925279e-01	 5.8702340476389392e-01	 6.9408096181416884e-02	-1.2189339731241529e-01	-1.2015824919688499e-01	 3.4883760302439309e-02	 4.3727211154423018e-01	 3.6886929449129713e-01	-5.1639153807048435e-02	-2.1929726367534069e-01	 9.3445800223244356e-03	 4.2721653070623145e-01	 4.3169424185566807e-01	 1.2736378501090145e-02	-1.0093456058048234e-01	-1.0542374988006445e-01	-5.0695176639550699e-02	 1.0291515424876377e-01	-2.8173937687384399e-02	-4.4954189157517044e-01	-6.1149291631263791e-01	-3.7785897031437754e-01	 2.2845231144262075e-02	 1.0719229621726092e-01	-3.9326048689546159e-02	-7.4549769043009598e-02	-4.7502451483399849e-02	-1.4134636290583785e-02	-1.3511760658728456e-01	-4.7244701106580511e-01	-6.1932365001980960e-01	-4.4277623558887180e-01	-1.2394950611817224e-01	-1.0394073206599371e-02	-3.4572679220882419e-02	 4.4992188771349861e-02	 5.5913502470448129e-02	-9.0837164755104539e-04	-8.2932400375609006e-02	-2.0395395763975387e-02	 3.8788903005884168e-02	 3.5663409751538533e-02	 9.4537219794382454e-02	 1.4225171643004464e-01	 1.4616132529815412e-01	 1.2798683685821516e-01	 8.7729575054172032e-02
 8.6769576662191587e-03	 2.0735208858210641e-01	 3.0594508051052405e-01	 1.7185088342984342e-01	-1.1285968723259848e-02	-4.2248339413760083e-01	-1.3888923877322934e-01	 3.2719865299498491e-01	 5.9492744097998285e-01	 2.9077866721774326e-01	-1.5731875953293076e-01	-3.3537730496323054e-01	-4.0888495633108402e-01	-6.2653888820494807e-01	-4.0508374748166531e-01	 1.0756783752266973e-01	 3.2884145673116061e-01	 1.0592690054433271e-01	-3.3231725500168469e-01	-5.1713280092514724e-01	-3.4743296300609094e-01	 6.3368172370802112e-02	-1.0870311016516551e-01	-3.6650116552950451e-01	-2.9969906213411918e-01	-4.7662108131432727e-02	 8.2253243373187165e-02	-2.9217876856254779e-02	-2.7230443024953405e-01	-3.3937585876090887e-01	-1.4509005997584601e-01	-1.9993915947372026e-02	 3.6572856244334956e-01	 4.0522989271302368e-01	 1.6336024679468669e-01	-1.2938498396393577e-02	-1.5846857030419791e-02	 7.4431961084113494e-03	-1.8000062655081500e-02	-2.8455540205313268e-02	 8.4496456392048294e-02	 2.8271093498395072e-01	 1.9049061150982910e-01	 4.7439665856396818e-01	 6.5776287766436625e-01	 3.7378721491163980e-01	 9.6933507436018557e-02	 9.3713625215919218e-03	 1.6454385048732718e-03	 5.8524576665746255e-03	 9.9268753966757967e-02	 3.3027219398565577e-01	 5.7186275657630570e-01	 3.3947452491207475e-01	 2.7276102342333197e-01	 3.1278682105301936e-01	 1.0551382340146109e-01	-2.9821108465016566e-02	-9.4001614016014472e-03	-1.5682215346129413e-02	-3.8456207342309437e-02	-2.3759603071798474e-02	 1.2634988527366342e-01	 3.4656813935872238e-01	 2.6607673637699941e-01	-1.7488896625573229e-02	-1.6855572508696531e-01	-3.8549636794655562e-01	-2.6505632633679987e-01	-3.7611448171946907e-02	 7.1361707034023530e-02	-8.4077149988242200e-02	-2.9899242494633044e-01	-3.2731668761054367e-01	-6.8651062415890876e-02	 4.3018678929955076e-02	-4.1046403529376885e-01	-5.3451039540237777e-01	-3.5354852808827558e-01	 1.3620961410689075e-01	 3.2773501583501857e-01	 5.3078935431731304e-02	-3.7940480368892604e-01	-5.0937908616472005e-01	-3.1790348814692515e-01	-3.6446708218713275e-01	-9.1954344041191488e-02	 3.3468857890978349e-01	 6.1311924759260261e-01	 2.9340750815132616e-01	-1.4564819144785257e-01	-3.5256139608019554e-01	 3.6349197911576446e-02	 2.6453196869387530e-01	 3.9400928742673358e-01	 2.6316580920090948e-01	 2.0099385644601529e-02
-1.5826152568703036e-01	-2.0033326378356683e-01	-1.6498487935795031e-02	 1.3310883210342211e-01	 8.4453348626586433e-02	 1.1696992979404888e-01	-2.0484484000125902e-01	-4.0002250250835725e-01	-2.0541918000738641e-02	 3.8348345963381197e-01	 2.5837026999880630e-01	-6.7595050391136891e-02	 3.8132724145775587e-01	 3.8317913888864441e-01	-1.9403285404049921e-02	-2.4335673124510443e-01	-4.6101463738580017e-03	 2.4681508011278264e-01	 9.4435961602077262e-02	-2.7181303589146333e-01	-2.9282427022638458e-01	 6.2016234267761053e-02	 2.7038780552411279e-01	 3.9254297961450269e-01	 1.5318099244463318e-01	-3.5529943443014411e-02	 1.5291197715692692e-03	 4.3808043577014469e-02	-1.0422132398628367e-01	-3.1277380219549367e-01	-2.4096491906985612e-01	-8.7061254063054469e-02	-2.3133024976610414e-01	-2.0460455170783115e-01	-2.1636374861374021e-02	 3.4052742758488290e-02	 8.4748954992923172e-03	-5.1511007061076294e-04	-6.4314283866615911e-03	-3.3864334626920567e-02	-1.4233842773576847e-02	 1.2502956931072093e-01	 1.0030482527419318e-01	-3.4975692994127089e-01	-4.7402648113156376e-01	-2.2623761382949867e-01	-4.0822178475931892e-02	 3.5011160813010899e-03	 2.2185961983664402e-03	-1.2723292160178128e-03	 4.4828400018913854e-02	 2.0821203767022139e-01	 4.2820187407254051e-01	 2.5604546380625415e-01	-1.4839346538673501e-01	-1.2626192989166224e-01	 1.3785664674277224e-02	 4.0627130792986216e-02	 1.2262651882480614e-02	 3.7459494324557380e-03	-8.4108022524539174e-03	-4.0331618771709432e-02	 6.2227208147275746e-03	 1.8500929383806428e-01	 1.7268007327097340e-01	 1.0536214293059445e-01	 2.8676051737031727e-01	 3.3357424622502618e-01	 1.0655032956173399e-01	-3.5302265712839322e-02	 2.2105472582918298e-02	 2.6719917150533450e-02	-1.5977740938238338e-01	-3.4492714154699222e-01	-2.0476378384245544e-01	-3.8857170027067900e-02	 3.3262407169097818e-01	 2.4957632466032448e-01	-6.8413381996147563e-02	-2.2223075305519657e-01	 4.3363222503441032e-02	 2.3388952113834052e-01	 1.6566941664099895e-02	-3.0902522845542579e-01	-3.0016608101462849e-01	 3.6735737730170144e-02	-2.8171063529492646e-01	-3.2910310243341323e-01	 6.7333559955126160e-02	 3.9743818567796518e-01	 2.5991346775841229e-01	-4.9242553401706628e-02	-1.5971733602915200e-01	-1.6559514479168669e-01	 3.8026817042081065e-02	 2.0088147985531768e-01	 1.8606391657346927e-01
-5.6357401264361513e-02	-3.6474993095107225e-02	-7.5369645067904206e-03	 1.1205970246614625e-02	 2.8236888939998987e-02	-5.4727506650153024e-02	 1.0796072992981128e-02	 7.2400722858485422e-02	-7.7210511745290488e-03	-9.2587981800634350e-02	-1.9286917260655893e-02	 5.1840109203594477e-02	-2.3531115100056503e-02	 6.6837405501224939e-02	 3.9154346262609885e-01	 4.3343752953433090e-01	-1.9642583273909570e-02	-4.1528350635750078e-01	-3.3928219662240428e-01	-4.5627961634190133e-02	 2.3269420383986820e-02	 2.4527126111185439e-02	-5.0487994352115106e-03	 3.9929677148458041e-02	 3.5572551417718290e-01	 3.9620985065880632e-01	-3.8671251361855563e-02	-3.9765638092196592e-01	-3.4559223621307467e-01	-8.4158338612674688e-02	-8.9429424816572338e-03	-1.6693941558543077e-02	 4.9747441501016773e-02	-1.0903470209566961e-01	-3.3647267791643454e-01	-1.0903733545068683e-01	 9.6051171723182754e-02	 4.8832268304252703e-03	-9.2826587353676049e-02	 4.9740730668029455e-02	 2.1328643536595304e-01	 5.1679185472557232e-02	-4.6411672947768573e-02	 5.5190648316687005e-02	-1.9202750094140192e-01	-5.1301162630264696e-01	-3.3184224401241802e-01	-6.6870712708303248e-02	 6.0679674934976139e-03	 8.4194817505655911e-02	 3.4376635943110956e-01	 4.7416384464865075e-01	 1.3701783107200433e-01	-5.3197152154300903e-02	 4.7709518762879585e-02	-8.2474883223548345e-02	-2.4610987900108228e-01	-5.1717729452893303e-02	 9.3025197608192917e-02	-2.2166411210263703e-02	-9.0681735909543204e-02	 1.2908210692771566e-01	 2.9136122956344956e-01	 6.6903916032912486e-02	-4.5021211795908851e-02	 3.3054422782757525e-02	 9.8458938856386957e-03	 9.1424427377286316e-02	 3.7440682869621328e-01	 3.8361460643816181e-01	-5.7477789445655368e-02	-4.0256953030865783e-01	-3.1745969608799701e-01	-4.8608166443393511e-02	 7.4953982949096717e-03	-1.8958547006194666e-02	-1.7067654370452406e-02	 7.8142730272587752e-02	 3.2405021208865570e-01	 3.6046084411794854e-01	-4.2709068343778939e-02	-4.0452424511315643e-01	-3.1748480692962805e-01	-4.7958798974109276e-02	 1.6346186884449374e-02	-5.1636745547609865e-02	-1.2162538579703226e-03	 6.0195216962460087e-02	-1.0969627194179002e-02	-7.1972163153687624e-02	 6.7760736111831255e-03	 5.3110512189192063e-02	-3.8848217632468145e-02	-3.1236512822931571e-02	 8.7621084228129108e-03	 3.6125090531921228e-02	 5.4483770909229082e-02
-1.5536645213044143e-02	-6.9591277592402643e-03	-6.0813449764233743e-03	-2.1340986138770369e-03	 7.4345552798515844e-03	-1.4918565205273283e-02	 1.4649901998271016e-02	 2.8331519023561281e-02	-1.8156995298953863e-03	-4.7380967483846896e-02	-2.8049404741623919e-02	 1.4257564224699905e-02	-2.1499242690654417e-02	 7.4142462696698802e-02	 1.3827597697635152e-01	 5.9346139989200429e-02	 9.6761384262933586e-04	-7.0144056934897198e-02	-1.3400342001694412e-01	-5.8060969450917627e-02	 2.9875855421117425e-02	-3.1903130676754779e-02	 4.5008813924256916e-02	 2.0440194442330056e-01	 9.7404560281570164e-03	-1.5969816360292616e-01	 3.1459752418961054e-02	 1.6005298258132691e-01	-3.4406781720301913e-02	-1.7191837277585276e-01	-1.4731290767892065e-02	 2.4176121389711109e-02	-1.8995551451739333e-02	 1.3365619680264515e-01	 1.4033203830309354e-01	-3.8408153025081571e-01	-4.9737344268745731e-01	 4.6101371875498190e-02	 4.9389888445573593e-01	 2.8478044466463209e-01	-1.6106941859154791e-01	-1.0163916290382738e-01	 2.3803102163948715e-02	-1.5737864671387370e-02	 1.9041091836938062e-01	 1.0565548463974941e-01	-5.6530802171612238e-01	-6.0823774149935206e-01	 3.5054863017350446e-02	 6.4993978631321403e-01	 4.9404385069718337e-01	-9.0672806041389456e-02	-1.4571346368027849e-01	 1.8636703640170324e-02	-2.4959131141252540e-02	 1.3207503414478927e-01	 1.8181856721305661e-01	-3.5541756250622736e-01	-4.6757930866215014e-01	 3.5672707911297535e-02	 4.8659324683979627e-01	 3.2111942902348700e-01	-1.5234315281454397e-01	-1.0158161159466522e-01	 1.8091144238181547e-02	-3.2399278689449099e-02	 4.4431761992358598e-02	 2.0155440501372207e-01	 7.7181915463836173e-03	-1.3331238703610959e-01	 8.9664188311242426e-03	 1.6704692730209264e-01	-1.7912319267223531e-02	-1.7282851272876573e-01	-3.0090349213730650e-02	 2.0001636870785114e-02	-1.9349565003751863e-02	 8.2363125803677051e-02	 1.3752685633237374e-01	 6.3388442534150491e-02	-8.4073283473579761e-03	-6.7514095592539292e-02	-1.2909460330295119e-01	-5.5746144504641833e-02	 1.1010885821872551e-02	-7.1206814696455718e-03	 1.9199432902701492e-02	 2.6478430517580150e-02	-2.5574106331893720e-03	-3.5610855278773203e-02	-1.5140509012400312e-02	 1.5674979485097645e-02	-2.8638068256912085e-03	-4.5014355384128428e-03	 4.8736503886689878e-03	 8.7572288111503523e-03	 1.5596203040837749e-02
-3.1273025163122234e-02	-1.4471513011352216e-02	-3.3412267456526469e-03	-3.4798810627889895e-03	-1.0254185016109699e-02	-1.9180056888138501e-02	 4.3383098293435771e-02	 1.4180166135798805e-01	 2.0536118204838455e-01	 1.5820915655335172e-01	 5.3212291053674213e-02	-1.5491003666481836e-02	-1.2854050826081102e-02	 7.6934655552351294e-02	 2.0834632521855020e-01	 1.7198533445342407e-01	 1.1175694329861030e-01	 2.0904231419616970e-01	 2.2047828429502880e-01	 6.9392287676137032e-02	-1.6321825271132028e-02	-5.3478464529480105e-03	 1.6035263058823232e-02	 1.2838706394456403e-01	-1.5605601408788434e-02	-3.7431437264511602e-01	-4.9645320418562844e-01	-2.9921411558715350e-01	 4.5172425009983558e-02	 1.2707124006819515e-01	 1.1408973206778032e-02	-7.8071237902525448e-03	 3.2725356871047421e-03	 3.3865684813818936e-02	 5.5852030420413076e-02	-1.8102365829749212e-01	-5.1122941026243485e-01	-6.3446688891562208e-01	-4.8675611362765592e-01	-1.6370251638774608e-01	 5.8397812430947937e-02	 2.6186810266669303e-02	-8.9671629732728537e-03	 8.6860369170458913e-04	-1.7958024827508258e-03	-3.6859157684256882e-03	 2.2636474594330151e-02	-1.8151793991263390e-02	-1.5539192771069594e-02	-4.1742539958657232e-02	-2.3722338710070866e-02	-5.6514798608003633e-03	 7.2682508345709839e-04	-2.5832582779015800e-03	 5.0924849306891208e-03	-4.0920040195546417e-02	-6.7375251291511618e-02	 2.1349867327288286e-01	 5.4862885349483825e-01	 6.3832092199725632e-01	 4.6378830157456785e-01	 1.3332556405563728e-01	-5.9352424448238655e-02	-2.6885196550978638e-02	 6.1125399731151390e-03	 1.1716028784287236e-02	-2.3490539233386946e-02	-1.3480400130837752e-01	 1.8367612323359060e-02	 3.3034430008993265e-01	 5.2293749596350914e-01	 3.2298786326222029e-01	-2.1880803822109295e-02	-1.1513062556393135e-01	-1.5026415084362230e-02	 4.0998335350082519e-03	 1.2292825897797179e-02	-8.4780584226477856e-02	-2.0024809717118541e-01	-1.9089645713491771e-01	-1.2621102483078034e-01	-1.6709314949750559e-01	-1.8107560546811147e-01	-5.5551822237471682e-02	 9.8011983111767950e-03	 1.8017299668365100e-02	-3.0006006214929729e-02	-1.1091874548019154e-01	-1.7977992595494990e-01	-1.1943630834746814e-01	-3.2449869562546758e-02	 1.8770074962170133e-02	 1.8570948853742844e-02	 2.8553642785898982e-02	 1.1119451950783957e-02	 2.5520007173010777e-02	 1.8370843700566592e-02
-1.4409511070425872e-02	-3.1638508299085967e-02	-3.6520146973918172e-02	-3.2616992449671506e-02	-8.5313243162232714e-03	 3.3902808097294138e-02	 1.3951602688232024e-02	 1.1227422355607998e-01	 1.9603402353937877e-01	 9.3334930546079831e-02	 6.2874920559639691e-03	 3.2219805867807497e-02	 5.3422266525526035e-02	-7.1120271394793461e-02	-7.0767572602979112e-02	 3.1918414739879564e-01	 5.1028553380665365e-01	 2.6488055095897955e-01	-5.2425789347237906e-02	-3.1884990013042694e-02	 6.9881769099223556e-02	 5.9354822635717563e-02	-1.5869508801025101e-02	-3.6495259565710320e-01	-3.8512140687338869e-01	 8.2278328880072138e-02	 3.3116212800432321e-01	 5.9014336263442074e-02	-3.4304453279446789e-01	-2.5894385455617230e-01	 1.7448646430664159e-02	 4.8633088764495500e-02	 3.0223709752191501e-02	-8.4105624522675004e-02	-4.1731176199145015e-01	-3.9540626473000734e-01	-1.0877230188154814e-01	 5.2071767585931523e-02	-1.1616229925034804e-01	-3.7406468866326681e-01	-3.6462847554067551e-01	-7.5214104513626784e-02	 2.5725626559490185e-02	-1.4275873501613432e-04	 2.2114716018741487e-02	 3.6562286396427432e-02	 1.9453738954057991e-02	-1.6284776498567272e-02	-1.0005543988546913e-02	-2.3100473170506904e-03	-1.6051031716082825e-02	-5.4002914105933955e-02	-2.6235870633676054e-02	-1.7204877154376691e-03	-3.7014165674536095e-02	 8.8788575541808551e-02	 4.3942576393587962e-01	 3.7986768056112941e-01	 7.3837658482357765e-02	-5.3351911678585537e-02	 1.2081439847369919e-01	 3.7439384361130434e-01	 3.4813691641609523e-01	 4.9172092749007273e-02	-2.7285959575677834e-02	-6.2133451881826222e-02	 4.4319244632413579e-03	 3.3621801877215451e-01	 3.3685762512494966e-01	-1.0864073942838230e-01	-3.0994846306156609e-01	-2.1770896506705162e-02	 3.7591645758870473e-01	 3.0300407020695858e-01	 3.2718821418147317e-03	-3.7670267110399031e-02	-7.2406714177377776e-02	 4.9913996133491456e-02	 4.7167949828396560e-02	-3.1179041200744917e-01	-4.9817425348105521e-01	-2.4905674453025239e-01	 7.5250589954050234e-02	 3.8333477436266451e-02	-3.9020166618577837e-02	-2.0452151414585118e-02	 3.1615352261491715e-03	-6.4541861727174576e-02	-1.6644157649371411e-01	-7.9040299341739020e-02	-1.7349543046269157e-02	-2.8584886469934432e-02	 3.3432605080073736e-02	 6.5675923644665374e-02	 6.2699272961526609e-02	 5.1083651290226760e-02	 1.3042482723465814e-02
 5.4393822083034754e-02	-1.2282672420268462e-01	-2.3931847515049842e-01	-1.1330464070888602e-01	 4.2897689651827262e-02	 3.1571636437307726e-01	 2.2900467360003746e-01	-1.5930180903351226e-01	-4.3952075146057368e-01	-1.2405418292273016e-01	 2.6522086888642749e-01	 2.6620885497592678e-01	 4.0926744629479414e-03	 2.9258989378578526e-01	 3.6088874333845167e-01	 1.1313419955110288e-02	-1.9936251328769092e-01	 1.5357667460047034e-02	 3.3551925651559111e-01	 2.8093974716033643e-01	 4.6295951966463411e-02	-2.5579499312985665e-01	-3.6612171710365216e-01	-1.1816342551735638e-01	 1.0112358882292824e-01	 4.2770170686359105e-02	-2.9083820642277561e-02	 4.0072002192434106e-02	 1.2496262741789524e-01	-2.5049664797917374e-02	-2.4587962053796680e-01	-1.4535236597630044e-01	-2.3425308320763727e-01	-4.3394048429271170e-01	-2.5739266174445136e-01	-5.2868731885496519e-02	 6.4755578811624120e-03	-5.8415222728544032e-03	 4.6213743185317731e-03	-3.7747481999656128e-02	-2.1265589862422024e-01	-4.0179304228047308e-01	-1.9447412863236990e-01	 1.0673658325409709e-02	 4.9815224382480733e-02	 7.6790993827920732e-03	 2.7019203539971918e-03	 1.1151847537531809e-04	-4.9428786538130453e-04	-5.6305619480909402e-04	 6.8321294336912142e-06	-1.5699595226000621e-02	-4.4151998332228493e-02	-4.0379055676033747e-02	 2.4358458283861878e-01	 4.3288164628236547e-01	 2.4954679532670179e-01	 3.4907266960130273e-02	-2.4555688002632706e-03	-1.7249659234392149e-02	-9.6485083274830998e-03	 5.2106652628750638e-02	 2.5120737513433522e-01	 3.5195997622319664e-01	 1.6120529535613520e-01	 1.9856635837815173e-01	 2.6959186814887581e-01	 1.3352120703994479e-02	-1.2146323619050277e-01	-4.5072655737850797e-02	 2.0202555348290595e-02	-6.8797040663058959e-02	-9.8922632346575057e-02	 1.0297802007363226e-01	 3.1169691309700603e-01	 1.7615015855575705e-01	-6.9115556093515759e-02	-3.1667854190248401e-01	-3.4255627340280226e-01	 1.3939158559274797e-02	 1.8755823559509827e-01	-5.1916439577112422e-02	-3.4285299214222820e-01	-2.4028783954654281e-01	 3.0500009646298235e-02	-3.0520600692380384e-01	-2.1270978407868663e-01	 1.7573968935853512e-01	 4.4805764692770089e-01	 1.1461956084359955e-01	-2.6917138962197412e-01	-2.9508672890639454e-01	-3.6933789893744656e-02	 1.6804213935808388e-01	 2.9289403924149737e-01	 1.5219589363171407e-01	-6.6684347123337512e-02
 8.9095602280333239e-02	 1.7012080352712999e-01	 1.8528479491337856e-02	-1.1465704528539486e-01	-3.8551984940818504e-02	-2.1340789276763250e-01	 5.6100122892559404e-02	 3.2439890830992135e-01	 2.2777424456646433e-02	-2.9811591716749253e-01	-8.5675697294855024e-02	 1.5827934867769036e-01	-1.7382024010315342e-01	-3.5984744070835750e-01	-1.3563368575758383e-01	 1.4189675151984660e-01	 7.0518541888907795e-03	-1.3601836437250248e-01	 7.6497166945613648e-02	 2.9297477924765103e-01	 1.6014657664533410e-01	 1.4869126200767596e-01	 1.4948669704250914e-01	-8.4465406123819614e-02	-1.0683676621327146e-01	 3.7217341754112090e-03	 2.5889255329395364e-03	-2.9227131852542962e-03	 9.7846315972036954e-02	 1.1010104252398151e-01	-8.0537698766345645e-02	-6.4127454910293119e-02	 1.9350979687983194e-01	 3.4178107832295745e-01	 1.4474092984119641e-01	 3.4007167811992102e-03	-7.0420730005497471e-03	 2.8426695040660705e-03	 5.4659900815380467e-03	-5.8296605671784418e-03	-1.2435616771226343e-01	-3.1218122398261627e-01	-1.5963532005159289e-01	-1.0089168840296248e-02	-4.0799592296862849e-02	-6.0409402382396544e-03	-2.2123283607790429e-03	-6.4750508666320521e-03	-8.9596719211288561e-04	 8.6915798051296256e-04	-2.9857468011827357e-03	-1.0646036262235935e-02	-3.4446526720184348e-02	-3.2859700847710380e-02	-1.9347213255354270e-01	-3.2945054939709911e-01	-1.4034389996351404e-01	-6.7390008385266381e-04	 6.2782886442665107e-03	 2.1141238018362184e-03	-6.5903216823126731e-03	 1.3761967154635249e-02	 1.5711779467890807e-01	 2.9210427183597842e-01	 1.3595717456415257e-01	-8.8035956167458185e-02	-7.1942964828832029e-02	 1.2628621563027548e-01	 9.3129488672487062e-02	 6.5732352153705564e-04	 1.2949089720391769e-02	-1.1526241537202521e-03	-1.0340511272409063e-01	-6.6208683472015334e-02	 1.4627336368285387e-01	 9.9192131540585080e-02	 1.9221585481786832e-01	 2.9843741409640029e-01	 9.4394634009368650e-02	-1.2725018107490291e-01	 3.1880045255692956e-02	 1.2423574558478159e-01	-1.3290281747404298e-01	-2.9248657667797640e-01	-1.0700738050884770e-01	 1.5529310390379816e-01	-1.1608970724352040e-01	-2.6130788940059568e-01	 6.2536173857394781e-02	 3.0445608250478862e-01	 6.7016513532831376e-02	-1.6631086049464913e-01	-8.4634659756914477e-02	-1.3409076559284067e-01	 3.3772754514958932e-02	 1.6634827616401443e-01	 9.2088685307595453e-02
 2.9771958816311193e-02	 2.1490612719880221e-02	 7.6555486810257912e-03	-4.3342432726823886e-03	-1.0987290049264306e-02	 7.7306149512272413e-03	-3.6761741390970104e-02	-1.1256747795296979e-01	 6.0631991643293592e-03	 1.2377356930500330e-01	 4.9866738531977775e-02	-4.5945007205345934e-03	-3.1988742817111570e-03	 1.0196027623367538e-02	-2.4169742647032449e-01	-3.8385122071891492e-01	 1.4013852823271996e-02	 3.6809423390595125e-01	 2.2630834925420756e-01	 9.3452398077455943e-03	 1.5998623277146004e-02	-2.0833588033071566e-02	 5.1203769673069964e-02	 2.5526683346451523e-01	 2.0797220249639842e-02	-2.0405193569425756e-01	 2.4895355035657873e-02	 2.0631018009059543e-01	-2.1918369814097438e-03	-1.5394581598854282e-01	-1.7013402774433514e-02	 1.8567898016598444e-02	-1.2201897905363045e-02	 1.1843003410053186e-01	 3.6796140357952534e-01	 2.1284875127161171e-01	 3.9058094430874189e-03	-2.4074443526203668e-03	-8.5064491892306443e-03	-1.9265929300617457e-01	-3.2245160929870387e-01	-1.0441642074778024e-01	 1.0869010210354267e-02	-2.5544239253554287e-03	-2.3347900212531608e-02	-3.7518683664127757e-02	-1.5031206440725644e-02	 1.8815091468157991e-03	-3.4653618866617346e-03	 3.8697953704091583e-04	-6.5019078114464017e-03	-3.9347353987343875e-02	-2.2404079778573394e-02	-3.7316730267748476e-03	 2.1682603184300368e-02	-1.2722040670165519e-01	-3.8746049319605269e-01	-2.0019618827853092e-01	-6.4513848021210485e-03	-1.2740772539311294e-02	 1.1026062400667062e-02	 2.2767568808179439e-01	 3.3208749408386973e-01	 8.2500397589546332e-02	-1.8160197867718553e-02	 3.7957798060834630e-02	-3.5467739502184292e-02	-1.9905352881531896e-01	 1.4121000107247301e-02	 2.0874733585158708e-01	-3.9733327025582577e-02	-1.8971792934519494e-01	 4.8475870399764386e-02	 2.1127852619130366e-01	 3.8285514890782038e-02	-1.3913344118179922e-02	 2.5262447446898886e-02	 1.8895385343092444e-02	 2.1706262569555215e-01	 3.3146082062247229e-01	-4.7259625413857489e-02	-3.5614060280662868e-01	-1.8887736116304304e-01	-2.2823521685377032e-04	 1.8064980811882704e-03	-4.1680007021578759e-03	 3.1659591480589930e-02	 9.1336778998776569e-02	-1.9609721091039575e-02	-1.1022901271236045e-01	-3.7698885498531565e-02	 2.8339413376981416e-03	-1.3234530327947573e-02	-1.6682326584002163e-02	 7.3682780258709848e-03	 2.0954639696350693e-02	 1.7673134247485046e-02
 1.2754467892957214e-02	 3.4862010967064440e-03	 2.3248145156080364e-03	 5.2864102288243051e-03	 8.4526182424812227e-04	-6.2277461959153995e-04	-3.3663448096265064e-02	-5.3006940151291086e-02	-2.1025594825649003e-03	 6.4894817669834418e-02	 4.9255160952878768e-02	 3.9006243388138139e-03	-5.3871529100031771e-03	-9.3496503461836716e-02	-1.0626100800843868e-01	 2.3267511275409953e-02	-9.1462055611616702e-03	 9.4090910362364588e-04	 1.1347684040012018e-01	 7.9934400286343910e-02	 1.3005748005154335e-03	 2.4044247633658779e-04	-4.5765992849641182e-02	-1.1237297483358759e-01	 2.0091169178928173e-01	 3.5728661382145743e-01	-3.6599164633368625e-02	-3.3970702517162599e-01	-1.6351808882949959e-01	 1.0664812393584205e-01	 2.3530746161027717e-02	-5.8912154946898286e-04	-6.7203270896283602e-03	-5.6151393819881164e-02	 1.9489900001881624e-02	 3.4892015733954129e-01	 4.0322351962018854e-01	-1.3560843572389319e-02	-3.9292641132695638e-01	-3.3965905574069560e-01	-1.2074776949008844e-02	 4.3612852385236101e-02	-1.3566374666296279e-03	-5.5679698250589420e-03	 1.6657783317499333e-04	-1.2423838671287725e-02	-3.7987162187365871e-02	 1.9823298900355564e-02	 1.4007829761868932e-03	-9.0877008915592368e-03	-3.4470678536666549e-02	-2.9788788133466089e-02	-3.8374329464635239e-03	 3.3912588092055039e-04	-7.5731879923288342e-04	 5.4341843145320090e-02	-2.1437098019215721e-02	-3.8723841372302947e-01	-3.9483262359644922e-01	 3.2753963288588289e-02	 3.8298087783962897e-01	 2.9599705876614246e-01	-7.9321269478859306e-03	-4.5199222868020958e-02	-5.4005903269648513e-04	-3.2947597784315765e-03	 4.7375882399462159e-02	 1.0014856990052487e-01	-2.1817743826155983e-01	-3.2338838689192073e-01	 2.9218362375127108e-02	 3.5663075771632746e-01	 1.6405442322179747e-01	-9.7809874632793614e-02	-3.3093053929594274e-02	-1.6658145119323496e-03	 6.7504701500477465e-03	 9.6833122877613059e-02	 1.1749119950433383e-01	-5.0862137912402461e-04	-5.5240981045480368e-03	-2.5535324050086922e-03	-1.0471035568221385e-01	-7.1278100081952900e-02	-4.2496464493516142e-03	 1.1350537204360710e-02	 4.0172147918915831e-02	 4.3425742847113896e-02	-4.0099792455612236e-03	-5.7694997724867338e-02	-3.8072075343747694e-02	-1.7545923219195337e-03	 6.4446253090587559e-03	 2.6861688321551174e-03	 5.3591967880084971e-03	 3.5742162975121285e-03	 3.8441459628055187e-03
 8.2089843767504805e-03	-3.7747291454611823e-03	-5.9634335430864185e-03	-5.8547567257484735e-03	 1.6021141703685307e-03	-2.0972002881770261e-03	-2.9346168239842554e-02	-7.4689773682883986e-02	-8.6135795534390630e-02	-7.6414444757188976e-02	-3.7794126408183179e-02	-4.6386005137799792e-03	-2.1567174446326309e-03	-6.2832944580621122e-02	-5.2935075251283104e-02	 6.5184839764809197e-02	 1.1400208899451218e-01	 3.6408356901078492e-02	-5.5124247686845207e-02	-5.3985411894263688e-02	-6.2565276925289461e-03	 5.9619389565738748e-03	-3.3340173614105177e-02	-5.9742533268791573e-02	 1.5249998997841224e-01	 2.2564730074392603e-01	 2.0931233469592983e-01	 2.2333236787905447e-01	 1.4256234334118034e-01	-5.6127025943039380e-02	-2.5360852333097834e-02	-1.8542419466544122e-04	-3.1505988304169020e-03	-6.4695562896394582e-02	 9.2624528966338771e-02	 2.1220927983582444e-01	-1.2329535308009355e-01	-3.3333854162057142e-01	-5.2122881667766421e-02	 2.1846102118188648e-01	 4.8162505518904900e-02	-5.8978756645001990e-02	-2.9919864001870669e-03	-3.0688088055242364e-03	-7.3673403336863175e-02	 1.2981132809864770e-01	 1.6694898152141729e-01	-3.4681354296422551e-01	-7.3802778645874434e-01	-3.3698626986458846e-01	 1.6949620526442988e-01	 1.0945042761841139e-01	-6.4423843675268905e-02	-4.0168410290207139e-03	 2.8588995933864917e-03	-6.1438968363807807e-02	 6.8448965046299659e-02	 2.3052944599493141e-01	-1.0044816508626608e-01	-3.3760661842519563e-01	-8.2286032644435445e-02	 2.0237271905078105e-01	 4.0873963019348702e-02	-5.6174595086714851e-02	-2.5773674323756905e-03	 2.0712664897087202e-03	-3.3649914922493418e-02	-3.6393838354365229e-02	 1.7649011978661958e-01	 2.3358608997969899e-01	 1.8626199460876819e-01	 2.1997124517118358e-01	 1.3273492207554358e-01	-5.5079995570903387e-02	-3.0084185658755522e-02	-2.2915049871716771e-03	-7.9934162507778357e-03	-6.2514944419870877e-02	-5.4017880231422857e-02	 5.2991401239934205e-02	 1.1430730275043860e-01	 5.7389505208260513e-02	-5.2312237632221578e-02	-4.7107410009068186e-02	-1.2096151256592257e-02	-1.1630109595882624e-02	-3.5422598453870247e-02	-6.2530396990503362e-02	-8.2163051186321265e-02	-6.9540576728458606e-02	-3.3835819671011735e-02	-4.4112267717635678e-03	-9.4064129608634889e-03	-6.4555963651293019e-03	-1.4689701410758189e-02	-8.5412379482062064e-03	-9.9304181552472698e-03
 5.3846558694527697e-03	-1.8588986638878725e-03	-9.6534973550887575e-03	-3.8603065650130663e-03	 1.7260506739143894e-03	 2.1370939207288778e-03	-2.7985625703922750e-02	-1.0700304254862728e-01	-1.4944720253707339e-01	-1.0948016611563172e-01	-3.2230195026692207e-02	-1.5029323571574940e-04	-4.2803922133294470e-03	-1.9147478623055285e-04	-4.3883114478072041e-02	 2.6056669307393934e-02	 9.9517741364690299e-02	-1.8241027184729461e-02	-6.0840853596707871e-02	-5.5291132466759258e-03	-4.9045612142261559e-03	-5.4431653326854224e-03	 3.0949396359586025e-02	 4.9200072378558675e-02	 6.6172946700030662e-03	 2.8609016987507285e-01	 4.6573636859263967e-01	 2.2793077258584477e-01	-8.1757075814585800e-03	 3.8874078507743139e-02	 1.8585519038707317e-02	-5.2482788445240023e-03	 2.3642513898435142e-03	 9.8799992764373401e-02	-4.6895673470715979e-02	-2.8122066208319729e-01	 1.0609217714154569e-03	 2.3261937598200133e-01	-1.6004449184927574e-02	-2.1159364274772713e-01	 3.2593538189751130e-03	 7.8331348373470819e-02	-3.1865688306299969e-03	 4.9664387662958116e-03	 1.4163784272503616e-01	-9.5802269362777484e-02	-4.7864798022313881e-01	-2.3237766401038376e-01	-2.3980565463077454e-02	-2.6097311750742924e-01	-4.5327905718828099e-01	-9.4528385415279720e-02	 1.0937009386193186e-01	 2.1653489036236543e-03	-2.0419479246013526e-03	 9.2711342672140484e-02	-7.6517039611793177e-03	-2.3027432306274004e-01	 6.1436610449553127e-02	 2.5530059185456722e-01	-7.6650001758505216e-03	-2.7020762297181855e-01	-1.0379401806280726e-02	 7.5024670913716840e-02	-7.4866023605357074e-04	-7.7147480424312725e-03	 2.8871800513428546e-02	 4.4720990654578192e-02	 1.6550969583141818e-02	 2.8197385388445528e-01	 4.6299123951184906e-01	 2.3606966182714967e-01	-3.7482869315161086e-03	 4.5471160030715677e-02	 2.1883041195560733e-02	-4.1343216248158066e-03	-8.5214076717418999e-04	-4.2238882366464042e-03	-3.9782772527093252e-02	 1.3424423272314802e-02	 9.1664313403411801e-02	 2.5862326348186609e-02	-3.5966038301764078e-02	 1.7057672984471259e-03	 3.4472096066958963e-03	-2.3291957532150642e-03	-2.1084284120806519e-02	-8.9279003114625180e-02	-1.3948292335387058e-01	-9.0439333883986603e-02	-2.6196275939693994e-02	 9.0478873795531330e-04	-1.3257813063547997e-03	 2.4808053687311433e-03	-2.0864567940806596e-02	-6.6954597808506636e-03	-1.0281827340440993e-02
-4.7742090431563203e-03	 5.7225249232276589e-03	 1.1047627662470172e-02	 1.5907050002066533e-02	-1.3484238744482931e-03	-1.9463524306590822e-02	 2.8826363682281828e-03	-9.9849464350657696e-02	-2.0128982047747196e-01	-7.4570338972261480e-02	 1.5632063527051508e-02	-2.2292219038111325e-02	-1.1987137941459232e-02	 1.2268005157089307e-01	 2.4231500250561111e-01	-1.2859510007150574e-01	-3.6780020536875446e-01	-9.0641948286750706e-02	 1.9866444800953864e-01	 8.2197290163716352e-02	-2.4553101741535167e-02	 1.1776736986721568e-03	 7.5499024378558148e-03	 2.0710140178489889e-01	 3.6102933338141718e-01	 5.1790200282524346e-02	-1.6238960165290500e-01	 5.9892535608765063e-02	 3.2457554166443559e-01	 1.9251266159780253e-01	 9.3341479002402358e-03	-7.4977236613072112e-04	 1.1022316107221580e-02	-1.0289560072974566e-01	-1.5488444603240539e-01	 2.8436910004573612e-02	 5.5849187604486997e-02	-8.5426321774767847e-03	 4.6637659603258864e-02	 6.2690127250810745e-02	-7.4482838690846154e-02	-4.9437414218567899e-02	 1.7497193236747761e-02	 1.2011855487913104e-02	-2.0601689529528067e-01	-3.7651638758661832e-01	-1.5740947250670745e-01	-1.3488201837062130e-02	 3.1559405449240255e-03	-2.0960345188119393e-02	-1.6874152960016417e-01	-3.4789918978469936e-01	-1.5208335040260149e-01	 2.0726592457159996e-02	 1.6753313205636972e-02	-6.8361976991960519e-02	-7.2197876853577245e-02	 6.0198192619895036e-02	 3.2028252280875996e-02	-2.0867910480985505e-03	 5.9556200430036677e-02	 2.0311828254342724e-02	-1.3361684807415464e-01	-6.9162461914874657e-02	 1.6161969471764036e-02	 6.6764576088622699e-03	 2.1989702753541496e-02	 2.3190383155021344e-01	 3.3040151493002617e-01	 3.7816329900581321e-02	-1.4104923714524648e-01	 9.9089244169033031e-02	 3.4372687551806025e-01	 1.8402143796231440e-01	 3.5769452238470362e-03	 3.3515746336981850e-03	-1.5247218994281960e-02	 1.1327496787461577e-01	 1.9784469740981289e-01	-1.3799954202619361e-01	-3.5258916490338976e-01	-6.8427663399740657e-02	 2.1742656398393892e-01	 8.2152658318936339e-02	-5.7699955331278387e-03	-6.6952811901093683e-03	 1.8604113162693295e-02	-6.1157271299234275e-02	-1.8427210072567290e-01	-6.9918153514567372e-02	-4.1173070784643910e-03	-1.9642939290073505e-02	 1.3673734671265486e-02	 3.0271265819585849e-02	 1.8326915968344116e-02	 1.3227288632417396e-02	-1.0302123129547272e-02
-6.6996273238115578e-02	 6.2317121345261003e-02	 1.8053440089274125e-01	 6.8270570982001899e-02	-5.0155281895112439e-02	-1.2860976624990911e-01	-2.2324937371319231e-01	 4.6253838523494469e-02	 3.2546505732950232e-01	 2.3881526261837895e-02	-2.6839626003366301e-01	-1.2767438252020213e-01	 2.1947859292980673e-01	 5.0842761882339341e-02	-2.0737816243905011e-01	-5.0053609185348444e-02	 1.1539523403355217e-01	-5.5228072176099707e-02	-2.3488552785838759e-01	-8.7437011932384769e-03	 1.4675237819039899e-01	 1.0458210197522395e-01	 3.0110139180489442e-01	 2.7526008822011816e-01	 3.0356564074224379e-02	-2.9229125487304358e-02	 8.9564349267967584e-03	-2.9274760522103142e-02	-1.9913294812651472e-02	 1.8922300471956729e-01	 2.4228584468434472e-01	 9.3569174787291653e-02	-1.3805395710983431e-01	-7.8311394480999233e-02	 3.4662720567402244e-02	 2.4890349217862213e-02	 6.1280463152427076e-03	 1.5064630322320488e-03	-2.6407335740814483e-04	 2.5833858574767540e-02	 4.0977856995391353e-02	-2.0568899973853919e-02	-4.5927292384884008e-02	-2.5073093879126085e-01	-3.3717422675999503e-01	-1.3586602082488347e-01	-1.4114847464631985e-02	 5.0740154464386294e-03	-5.8459563063042086e-04	-8.0189510899878727e-04	-1.9861232679827506e-02	-1.2153951697155779e-01	-3.1463370063210905e-01	-1.8493822430420553e-01	-6.6539783430270477e-02	-7.6794389916211821e-03	 5.4945965709868705e-02	 1.9795042617274272e-02	-4.2837981803768698e-03	-1.0469604748253546e-02	-4.4139517327818241e-03	 2.8312479408401845e-02	 4.4614779858035802e-02	-8.0124880933528750e-02	-1.0280611980379886e-01	 1.2220378307694590e-01	 2.9003501466069109e-01	 1.8856480442749957e-01	-6.5796964256994127e-03	-2.7964424792872096e-02	 5.4747620031801031e-04	-3.9037180867289550e-02	 2.5707784031583955e-02	 2.4576933197842632e-01	 2.4077841106652029e-01	 6.7224631957721492e-02	 1.6361558394710113e-01	-4.1745044328265896e-02	-2.2551238558682946e-01	-3.1240463786589668e-02	 1.0797721298117247e-01	-8.0842011456642146e-02	-2.0043247176712276e-01	 4.5918800595281181e-02	 1.9386453314213101e-01	-1.5480168594781912e-01	-2.3051085713907282e-01	 7.4548308982624462e-02	 3.2247826877275526e-01	 2.0234456749419934e-03	-2.7321770769690046e-01	-1.4440033675109468e-01	-5.8664389481420248e-02	 9.6992262875401247e-02	 2.0929829331339544e-01	 7.7576172353508902e-02	-9.2866091983533725e-02
-4.3707976525157018e-02	-1.3437969793326221e-01	-1.6634724933917943e-02	 9.0134273620108285e-02	 1.2408717022891782e-02	 1.8493834507315135e-01	 3.9448250775338790e-02	-2.4422119300982539e-01	-1.8845401943273846e-02	 2.1656125674296511e-01	-3.0868300573156579e-02	-1.4961510807257200e-01	-4.9964155209948374e-02	 1.6480429556616980e-01	 1.5749042622489251e-01	-7.3116321230708742e-02	-3.8735087398800629e-03	 6.5285041593446530e-02	-1.3622887091291769e-01	-1.6316490255091734e-01	 8.4621749051395218e-03	-1.0220819455137556e-01	-2.5126784232016020e-01	-1.2535437176246253e-01	 2.6181463140540207e-02	 4.8384377554848423e-03	-5.6607559496527314e-03	-1.4693840174465277e-02	-5.0839377021043686e-02	 6.4172490296157639e-02	 1.8925962485434361e-01	 7.1393866241552709e-02	 7.5633681323955163e-02	 1.4252386299404055e-03	-4.3933650041335558e-02	-9.9413396397504458e-03	-2.7047615748061289e-03	-3.4836688370798686e-03	-2.2109665374213847e-03	 1.1798684472416703e-02	 4.0236193718585112e-02	 4.6263733283383922e-02	-9.7995342383865730e-03	 1.7821392309667022e-01	 2.3829514442344135e-01	 7.9679491994767870e-02	 2.7114173783219834e-03	-1.7279990185356301e-03	-2.1927440774580087e-03	 9.9118983916353376e-04	-5.4306818084280907e-03	-7.0116455510004505e-02	-2.3420103897554079e-01	-1.3236860500331188e-01	 1.8071226315281207e-02	-5.8119131323141143e-02	-6.3657139566876686e-02	-9.5691029703182350e-03	 3.9066484859680518e-03	 4.2304934471985856e-04	-3.2005082882714348e-03	 2.1433990633117052e-02	 5.9031207774345097e-02	-1.7362675870145526e-02	-5.9999957926409955e-02	-1.0003753654043274e-01	-2.2324721914334772e-01	-5.8186905110756325e-02	 3.7611077137105167e-02	 2.3281556129394849e-03	 3.4891614193781808e-03	-6.5936539010180246e-03	-2.9343985907069350e-02	 1.2347862575261603e-01	 2.1266257833480218e-01	 6.4182414052764009e-02	-1.1390768012859664e-02	 1.8021750605333642e-01	 1.3854530824654410e-01	-6.9706772077622520e-02	 2.3020757119073070e-02	 5.2231371895324230e-02	-1.5972043862822616e-01	-1.2671096202534954e-01	 7.0594975955546771e-02	 1.5837466633764949e-01	-6.3512982142779201e-03	-1.9408819021172308e-01	 5.2022870495019996e-02	 2.1748701035239543e-01	-5.4683406987398597e-02	-1.6275999357257426e-01	-3.8250377037834543e-02	-9.9709828819096569e-02	 2.7116653019419065e-02	 1.2547128965656212e-01	 2.6849943062822575e-02
-1.3365655397855418e-02	-6.7076202865979859e-03	-4.4604121024020144e-03	-2.4475360182475126e-03	 3.6815052436790213e-03	-2.1761701134098816e-03	 3.2876369712689618e-02	 1.2841471497378787e-01	-2.8642933346152352e-03	-1.3084342219281769e-01	-4.0478783417218112e-02	-5.0002205840562457e-03	-8.3757525459466960e-03	-9.7123707079361243e-02	 4.8035232809829312e-02	 2.8782946980795554e-01	-8.7891907111306913e-03	-2.7427373132337440e-01	-6.9450240781305350e-02	 5.4164384682962669e-02	-8.3370567870045351e-03	-1.9977487810099795e-03	-3.6485965499498507e-02	-2.6005351034713420e-01	-1.8744581090815460e-01	 7.9839409793752203e-02	-1.7901243142052888e-02	-8.9020767309778315e-02	 1.4565132843249351e-01	 2.0011582823579571e-01	 2.2372567383609120e-02	 2.4685700900660646e-03	 2.1957108420474678e-03	 6.7122043758094552e-02	 2.5242242365624650e-02	-5.6869100083941602e-02	-1.9352380325371270e-02	 4.8124490945120296e-04	 1.1226838145923120e-02	 6.8376275726321406e-02	 1.7817766074292425e-02	-2.3990911270753933e-02	 6.9088995238782269e-03	 5.3379041479032869e-03	 1.8687678607030608e-01	 2.5766778254736189e-01	 6.9545905286264920e-02	-2.2158558158262565e-03	-2.2161154088703428e-03	-2.2650610419161152e-03	-8.2928038698932505e-02	-2.4153520225669861e-01	-1.4582428436763722e-01	 5.1444991031128484e-03	-1.7804666109463275e-03	 3.2639635662691943e-02	-4.0495276537038320e-02	-7.4691947821360766e-02	-1.2387054782763765e-02	-3.3167176179833028e-03	 1.8334797510722752e-02	 6.4427282359122803e-02	-1.9017719650048850e-02	-5.0060805085800242e-02	 1.5236799454460340e-03	 1.5799679262136607e-03	-4.5446010698751468e-02	-2.4406041162461745e-01	-1.4316581791744004e-01	 8.4499563193014854e-02	-2.6741936521556809e-02	-5.8234580049701404e-02	 1.9206400989926320e-01	 2.2437845738151202e-01	 2.5516639333766730e-02	 1.1898652079121951e-03	 2.3565828162304637e-03	-6.6447295736473538e-02	 5.4001584704959860e-02	 2.5271381208302879e-01	-4.1521878593801381e-02	-2.5738827528214292e-01	-2.1247509986338932e-02	 5.8148021124802898e-02	 8.2886526934477026e-03	 1.2499568451694590e-04	 2.6876310843167162e-02	 1.0102493852614353e-01	-2.3830651665515866e-02	-1.2044256867857721e-01	-3.6931746603687005e-02	-7.4972693419086620e-03	-3.5095271464892618e-03	-5.9812970799361679e-03	 3.1525124742739358e-03	 8.6288642456637532e-03	-4.4215767322890991e-03
-2.2035447443190886e-03	 1.1700701846728500e-03	-3.6504716884074783e-03	-4.6788202214078627e-03	-2.5081550660984988e-03	 5.6269184553907337e-03	 3.4132723129023379e-02	 5.4226105621917674e-02	 3.0876311946276620e-03	-5.7574380676718190e-02	-4.4047942523555955e-02	-7.3561067544052989e-03	 9.5312808321486552e-03	 4.7302470017288573e-02	 2.0412913601876775e-02	-1.0742676924454621e-01	 1.0929403630341745e-02	 8.7325489039696780e-02	-3.7157712387247688e-02	-4.2227557674836595e-02	-2.5785064043526546e-03	-1.1307312747152929e-03	-8.9769679792191370e-03	 6.5663523299730291e-03	-1.7489104608210154e-01	-3.3537125801466078e-01	 4.0269985806161049e-02	 3.2067600151713493e-01	 1.5151290355659197e-01	-8.2739117589900463e-03	 5.6664941820916068e-03	-3.6625396763439780e-03	-6.9723507090230924e-03	-5.9740308132982339e-02	 9.2560953675198440e-02	 8.4581847174469399e-02	-1.2467457499497168e-01	-1.1425896971570145e-03	 1.1540614816134637e-01	-2.9870101751513133e-02	-3.4893672440985096e-02	 4.9458863157195082e-02	 3.4774878073903608e-03	-1.0438204620419039e-02	-8.8257833230056884e-02	 1.7634226326625413e-01	 3.1695087374157821e-01	 7.7764105908356446e-02	-8.6122665745355428e-03	-1.0400600587287573e-01	-3.2222512517737995e-01	-1.6626848709830047e-01	 7.1298611952766211e-02	 4.1611640907601843e-03	-2.5037953454143738e-03	-5.1964322442486076e-02	 5.0773625642837786e-02	 2.2669729750543790e-02	-1.3988946718220571e-01	 1.5054357739037492e-02	 1.1385670192641567e-01	-1.0278085879479476e-01	-6.5905225178748639e-02	 4.5891404265797270e-02	 2.7162466449033992e-03	 2.3372280428512393e-03	-5.2067030930846806e-03	 1.3826153159188516e-03	-1.9378695939631974e-01	-3.1968150961510700e-01	 3.8735027149998200e-02	 3.2845421587076651e-01	 1.4666371436609077e-01	-1.3078038739826672e-03	 4.4343518352742660e-03	-1.2254050472492359e-03	 8.4759365201381460e-03	 4.9444238512910896e-02	 3.3999315150913312e-02	-8.3544078162823887e-02	 6.8419760185570635e-03	 9.5044442893465392e-02	-2.7884401384081728e-02	-3.3401853252824548e-02	-2.6508763284726253e-03	 1.5359797896974278e-02	 3.7033713365958676e-02	 4.0274559119840819e-02	-3.6614567546011611e-03	-5.0741409737676942e-02	-3.5754061216981450e-02	-5.3661910291536814e-03	 1.3106227607478566e-02	 5.5604392018258437e-03	 2.6921555891409646e-03	-8.8070758806976443e-04	-9.5442907625422659e-03
-1.2124536594062981e-03	 1.3168188901418964e-03	-8.7683751879243338e-04	-1.4350046633006264e-04	-2.8015539615930743e-03	 5.8304659465378775e-03	 1.2006324865596840e-02	 1.5818561441121502e-02	 2.0872413553549413e-03	-9.2201052564749413e-03	-1.6251937652659351e-02	-8.0571414652707025e-03	 7.3815307277267051e-03	 4.1062548187880854e-02	-1.6436166717396217e-02	-5.1014718155854066e-02	 1.7568653647902915e-03	 5.2379246823800130e-02	 1.4881773414227955e-02	-3.2703589457130269e-02	-1.3475105278103038e-02	 2.5992051968494298e-03	 2.6738133071168360e-02	-9.5854210249179152e-03	-1.2710688619765378e-01	-2.1668497882901032e-02	-6.9503115041540690e-03	 2.9743901123931524e-02	 1.3605595588460800e-01	 1.2150922976098106e-03	-2.5244739268214071e-02	-6.7764527610435863e-03	 1.0260573697093827e-02	 4.9915779578582779e-02	-1.5504121101273252e-01	 3.7378219620217389e-03	 2.8154884454332230e-01	-3.2476253221614015e-02	-2.5555823611070572e-01	 4.2732091708786953e-02	 1.1493689835157733e-01	-4.4217132352969743e-02	-6.3840077056959675e-03	 8.1528354330690413e-03	 4.5453429253818706e-02	-1.8302530309531270e-01	 1.3337259534165180e-01	 4.3726338352541494e-01	-3.0991730078344996e-02	-4.5803021429064528e-01	-7.9324632236819403e-02	 1.5783449098992125e-01	-4.0005032063090931e-02	-7.1657145207473048e-03	 6.0400273399619474e-03	 4.4918736064820157e-02	-1.4496656198426705e-01	-1.3332753069433991e-02	 2.6129295720863144e-01	-2.8126303446733267e-02	-2.6392861522598476e-01	 3.0655534160703657e-02	 1.1105134189950980e-01	-3.7013592653743696e-02	-6.8771714191222539e-03	 2.2285360017041079e-03	 2.8191046094242583e-02	-3.2782921604614448e-02	-1.3562464615840497e-01	-2.6968243360134744e-02	 1.6491675176973086e-03	 2.5908323177676669e-02	 1.2497353465852631e-01	 4.8477515828785778e-03	-2.3543154689665696e-02	-1.6650121940291081e-03	 8.4725074222497046e-03	 3.3226134654029994e-02	-1.2308370083730924e-02	-4.1781945656021877e-02	 7.6461406253225863e-03	 5.1868559866680222e-02	 1.3030737981859769e-02	-2.5349660714168588e-02	-1.0402027980156327e-02	 8.5320195104420897e-03	 1.6385961258873254e-02	 9.9938879667926805e-03	 1.1852546803787420e-03	-8.9274508689188587e-03	-1.2475057657865673e-02	-5.8385192098573254e-03	 5.4107774123887328e-03	 4.0710734208537248e-03	-1.3322702993593938e-03	-1.4717243750661409e-03	-7.1899620216192214e-03
-2.2112078913157059e-03	 8.7831153643585149e-03	 7.7693960298997012e-03	 7.2649705113625486e-03	-3.6380291670860994e-04	 3.8739249100293682e-03	 2.0203574678620939e-02	 4.9307134764449437e-02	 4.8516189057827175e-02	 4.5235296095949659e-02	 3.0468146169004319e-02	 8.6436549059561579e-03	 9.6659827242827692e-03	 3.6009474120363927e-02	-2.4216738853281135e-02	-1.4698588568707893e-01	-1.7621099977591165e-01	-1.3390739943323104e-01	-2.5041447062897272e-02	 2.7792251884977165e-02	 7.5417417342800476e-03	 1.5259259729924880e-04	 2.0124991858654080e-02	-3.8514714036506745e-03	-1.0742870702629673e-01	-4.9341283921375562e-03	 6.9458349767731742e-02	-3.8759201402884538e-02	-1.3676626717411777e-01	-4.7447313823252776e-03	 1.2261706585774459e-02	 2.6150727089301632e-03	-2.9445761209685327e-04	 1.3986289853157526e-02	-4.7051005315238766e-02	 4.7233268690736125e-03	 2.9135510752573812e-01	 4.5234505164599076e-01	 2.5976673522890470e-01	-1.9902690415396371e-02	-4.8782675803514641e-02	 1.1070791527436320e-02	 4.1582398066550173e-03	 1.6044651096932371e-03	 2.4775618344033299e-03	 1.1847705559699825e-02	-6.1303645416188749e-03	 2.0136097239321870e-02	 1.7817063192304368e-02	 2.7389044546238070e-02	 4.8301637227004517e-03	-8.9490282737195448e-03	-2.0003117929161670e-03	 4.8039307609113483e-03	-7.0285806886407601e-04	-8.3523135278734274e-03	 6.1257626491912839e-02	-2.8238788521319294e-04	-3.1275950759360693e-01	-4.4767704207323750e-01	-2.4894231004980205e-01	 1.6265224671584005e-02	 3.8735327891264167e-02	-1.1465488959280727e-02	-4.6885961468615791e-03	-2.3552657936505286e-03	-1.5622633818263985e-02	 2.6073269412684952e-02	 1.3345727787073167e-01	 3.7078331414422530e-02	-9.7359463153102302e-02	 3.4277933430962484e-02	 1.2275275058134055e-01	 7.8173837305272383e-03	-1.1425937962672772e-02	-2.0000899817693095e-03	-7.3246191539454338e-03	-3.4856982728342423e-02	 1.8486698984496536e-02	 1.4275312673524992e-01	 1.8507418683852428e-01	 1.4302396003139445e-01	 1.5308875921842695e-02	-2.5619369585292172e-02	-8.8966906267581997e-03	-1.8774856775262569e-02	-3.2634405135150493e-02	-5.1089903434147696e-02	-5.3680984548888241e-02	-5.3487197658335817e-02	-2.8175304672853535e-02	-6.3402663057561858e-03	-1.4622412945170946e-02	-1.2476093701507634e-02	-2.1704563479190111e-02	-1.8346976163108292e-02	-1.9038782824419623e-02
-6.5492560409327507e-05	 6.8996149610291557e-03	 7.7602889733949399e-03	 5.2335781163679951e-03	-2.7739226771448184e-03	-1.1842187484493205e-02	 4.8004450333655599e-03	 5.9136311189374680e-02	 9.1456551430551758e-02	 5.9664566708012158e-02	 5.4325761635899408e-03	-4.5374120761767561e-03	-7.5883381766731319e-03	-4.7032492791865069e-02	-1.0245338232401561e-02	-8.3318996659948769e-02	-1.8318485918843488e-01	-4.4434754179223865e-02	 1.8782614875384645e-03	-3.8602207186694215e-02	-6.7551729304343132e-03	-6.8577925492768737e-03	-4.1258205681140844e-02	-3.5993046446129669e-02	 1.7888409286568530e-01	-7.7862043487654853e-02	-3.1118078965768359e-01	-3.3901158205530649e-02	 1.6623907987440295e-01	-4.1268679791232381e-02	-2.7556741155638800e-02	-6.2106368663454184e-03	-1.2459917237469548e-02	-5.5830043575430192e-02	 1.0810730313490058e-01	 3.2691524509624342e-01	 1.2146653224662832e-01	-7.4739139036508750e-02	 1.4119358593296674e-01	 3.1132535956238422e-01	 8.3589418242429034e-02	-3.8240682742743309e-02	-2.6834441799862539e-03	-4.9403440405013724e-03	-3.8896660595105930e-03	-2.0504985757594903e-02	-2.9723203371937630e-02	 7.7714735988300863e-03	-1.0607119719677654e-03	 1.9485373192839974e-03	 1.7696438067201913e-02	 3.3300702476626816e-02	 1.9576503589843058e-03	 3.1569772302174998e-04	 2.0530216088223601e-03	 5.1817663192074294e-02	-1.0787668867714792e-01	-3.3362731631334597e-01	-9.7934387989332169e-02	 7.4381354820805046e-02	-1.4218997662388949e-01	-3.0914701951332602e-01	-7.0587745501989499e-02	 3.8083456236114074e-02	 3.1473388661701976e-03	 3.4123921191657296e-03	 4.8219747023045920e-02	 2.3579123834550055e-02	-1.6928039875498913e-01	 9.2968292346282413e-02	 2.9457027184262430e-01	 1.4835078139181068e-02	-1.7210360180256995e-01	 3.1487864799156676e-02	 3.1264517217322013e-02	 1.7662375529455827e-03	 1.2106533549065502e-02	 4.7149013999036954e-02	 1.3577671041398835e-02	 7.4719459674179783e-02	 1.7302953222327067e-01	 6.4899868265845484e-02	 6.5578979000208756e-03	 3.4726428731422489e-02	 1.0215285227909541e-02	 5.8488770227747063e-03	-1.9377524826440925e-03	-5.7549730372232502e-02	-9.1557094198201600e-02	-5.2932353548784727e-02	-4.2701064187401286e-03	 3.4017874750809107e-03	-4.0769085178028325e-03	-8.2859549556994223e-03	-2.1533766722242574e-02	-1.4047662176142492e-02	-1.1071709166519035e-02
 1.1072430401370164e-02	 6.5231697724730323e-03	-1.9367523928907676e-03	-6.1083103938371838e-03	 2.7535893693394716e-04	-4.7828599806913159e-03	-2.6754571287072572e-02	 6.0219024895156507e-02	 1.8702398691149569e-01	 4.1493954349419465e-02	-4.0378278333362147e-02	 5.0867058658941432e-03	 2.4049787680731293e-03	-8.0761376284521000e-02	-2.7413889901967436e-01	-3.4493188776344077e-03	 2.4782396509901986e-01	-2.0531418430524934e-02	-2.3232716643607704e-01	-6.1926406864631668e-02	 2.4204038519004922e-03	-5.2752506910207766e-03	 4.6951511958103341e-02	 7.5957244495181986e-02	-1.5250206797111898e-01	-7.6433312688744232e-02	 7.5626008162574143e-02	-7.4292562603159001e-02	-1.4586466760490591e-01	 1.4191061198032031e-02	 2.3938557179575666e-02	-7.0805977392191730e-03	-3.2126574819424628e-03	 1.2791329342966468e-01	 2.7501671238274122e-01	 7.8080838570549732e-02	-1.9350567539984796e-02	 2.4020054982818576e-03	-6.6951848014854889e-03	 7.4506030043954952e-02	 2.4424095786322197e-01	 1.1423150744852198e-01	-1.2972501667040692e-03	-1.4045502904236095e-03	-2.9309687320559535e-02	-3.5708786937546276e-02	-1.8021048990351354e-02	-5.6785731799593809e-03	-5.2031524826130233e-03	-2.1948391859301017e-03	 4.8030764949512205e-03	 2.7844116531004777e-02	 2.0303779780277587e-02	 4.1552275313895522e-03	 9.1889825579441892e-03	-1.3651296330789711e-01	-2.8456474061544990e-01	-8.1727198433427350e-02	 2.9418841379955140e-03	 4.6630355849812191e-03	 9.6467929576820825e-03	-1.0985143334450420e-01	-2.6559301626086296e-01	-9.6812837310295094e-02	 9.2649035608620804e-03	 2.2802638847830722e-02	-2.8019140110648474e-02	-2.8241191488787298e-02	 1.6146991690170837e-01	 6.8659844565270897e-02	-5.9166111859674818e-02	 9.2428154481380365e-02	 1.2884188474879626e-01	-6.9347354447685861e-02	-4.1637306312975082e-02	 7.2052306406187423e-04	 1.4092511017105375e-02	 9.1854314746599733e-02	 2.3113089349918356e-01	-2.0740132489424148e-02	-2.3376556802286774e-01	 4.4797062533666020e-02	 2.3464035557291613e-01	 5.3252076547967375e-02	-7.7195396369989112e-03	 1.4862452371701885e-02	 3.8239239743142542e-02	-3.9322652082710421e-02	-1.6876435055874053e-01	-3.5312152066855923e-02	 2.2239420961616255e-02	-3.9311504173353013e-04	 1.0247231929270635e-02	 1.0952406945461813e-02	-3.4981284046425335e-03	-2.8527235397940508e-03	-1.0189702311689426e-02
 6.2026055215551087e-02	-1.9396186469637956e-02	-1.3287257329859656e-01	-3.3975236218290877e-02	 4.4768461252467279e-02	-2.7278844497665121e-02	 1.6707304744536788e-01	 2.2151614420821364e-02	-2.3346089436372663e-01	 3.7548885212985009e-02	 2.1051733587503332e-01	 4.3802722375369790e-03	-2.0128550852536192e-01	-2.2939017294797714e-01	 5.6274456097283515e-02	 5.1284639769131585e-02	-6.9532536444319365e-02	 6.3242788285248402e-02	 1.1155074028839525e-01	-1.4884314826605571e-01	-1.5346164997996370e-01	 6.9429742011228368e-02	-2.5831843808411629e-03	-1.6092919815904233e-01	-6.0762607172812691e-02	 5.2596524604196209e-03	-4.2223211216729090e-04	 1.7600764166750087e-02	-3.0103408653596259e-02	-1.4007981013636700e-01	-2.7363133658022423e-02	 1.5757386444778008e-02	 1.4634650704782404e-01	 2.5301339456425881e-01	 7.2166051266252113e-02	-1.0712740545347032e-02	-6.3131625171882963e-03	 2.2804062514382667e-04	-2.1758122827556887e-03	-4.8433946831877642e-03	 7.1018094710112417e-02	 2.2741891541086340e-01	 1.1799111341172569e-01	-1.0033355613671222e-02	-3.6810318700277331e-02	-3.6906063038361029e-03	 1.1253045718066733e-03	-1.7374535975755133e-03	-1.8163496513035580e-03	-4.2956124738433143e-03	 2.6379687730455153e-03	 5.4612853427800142e-03	 2.8631118795172588e-02	 2.8751080919062276e-02	-1.4308790920260561e-01	-2.3519490722544417e-01	-6.8532862095877639e-02	 5.0378337221636321e-03	-3.4527899533330518e-03	-7.2020164715865965e-03	-3.8016789612932886e-03	-2.7747441584062733e-03	-8.6830820383666824e-02	-2.2407008471016762e-01	-1.1067914746392335e-01	-1.6994534501941612e-02	 5.6231856649477191e-02	 1.4583851785795590e-01	 3.5948177557484640e-02	-8.7286343565946556e-03	-2.9222531022458863e-03	-1.8402081301359938e-02	 5.3187845945092564e-02	 1.3224208478284447e-01	-2.6154989662729985e-02	-4.3855118253044792e-02	 1.8442659906682485e-01	 1.3114737171704852e-01	-9.5961033658561123e-02	-4.2315111315316956e-02	 6.0203179089447945e-02	-7.2708532368470566e-02	-5.9090494594060947e-02	 1.8604960225757375e-01	 1.4243726105050913e-01	-1.6994574530172973e-02	-1.9148492699036698e-01	 1.2290911312473838e-02	 2.3059123857887598e-01	-5.7658346909800900e-02	-2.0664798307849297e-01	-3.7225593534079399e-03	-5.4255222866334427e-02	 5.0821062678143923e-02	 1.4920839918235471e-01	 2.7750933755767183e-02	-8.2461469401319765e-02
 1.5411233194416955e-02	 1.0097849398096767e-01	 1.3835323298518713e-02	-7.3224961064848132e-02	 5.5316883359475544e-04	-9.5788668690562684e-02	-8.3616988499948919e-02	 1.7619197840468642e-01	 1.4216037785939450e-02	-1.4849647180181147e-01	 8.9590366585925896e-02	 8.7621550591097858e-02	 1.3768000778061973e-01	 3.6918328413270377e-02	-1.0777839294303804e-01	 3.7682605200711983e-02	 5.3700845756179151e-03	-2.7493294827088809e-02	 1.2019409989453229e-01	 7.6480809694082982e-03	-9.1331818590660946e-02	-1.7058038742168796e-02	 8.4353960347370027e-02	 1.3960341523910383e-01	 1.5177437642823276e-02	 3.1409211593747452e-03	 4.5437754299562016e-03	 8.0866902317243191e-03	 1.7109507922312139e-02	-1.0574863438171492e-01	-7.9774446084698747e-02	-9.1152441825532206e-03	-1.0978465519411990e-01	-1.7817988837874385e-01	-2.8410695693690258e-02	 1.0441339900833919e-02	 2.3060189383855337e-03	 1.7821547413707692e-03	 4.2606336823153637e-03	-5.5701013515308800e-03	 3.7373387093056182e-02	 1.5733733282317375e-01	 8.2832508244710820e-02	 8.9526974318819112e-03	 3.0594839239284542e-02	 3.0262054644107700e-03	-2.3737956071851383e-03	 1.3384595944609598e-03	-5.1063776349992895e-04	 2.1334229376735597e-03	 1.8169812177075417e-03	 4.9595666890321693e-03	 1.9734456712835424e-02	 2.3494703501414485e-02	 1.0233308740589200e-01	 1.5419508720292335e-01	 2.3319377032984825e-02	-3.5601815299407076e-03	 1.7596210168819952e-03	 1.2165732536944607e-04	-2.1843448493564835e-03	 6.5806509366934714e-03	-4.3107180131866457e-02	-1.7033666412111981e-01	-8.9346633753991336e-02	-1.7724040100084913e-02	-1.1846240062545618e-01	-1.0826591377399600e-01	 1.1625352153946343e-03	-1.1588072380399120e-03	 2.0603717795680127e-03	-5.2451123139035608e-03	 1.0579400904769845e-02	 1.2498305963182059e-01	 4.7972645269375766e-02	-1.3970051490106746e-02	-1.1262497071393057e-01	 2.6313396765841157e-02	 1.1677590205323078e-01	-3.4075246112769589e-02	 1.3779004572982123e-02	 1.1970512870691763e-02	-1.1552185274500998e-01	 3.4670789886896938e-02	 1.0880341056098151e-01	 9.5462040467695297e-02	 5.9281663694061335e-02	-1.4293344182262663e-01	 4.2253165760884906e-02	 1.4380821401251045e-01	-1.1540779141354848e-01	-9.5526083695230551e-02	-6.6954089213593490e-03	-7.6493081017946538e-02	 2.3105233277423660e-02	 9.0466068794044771e-02	-1.0228684213157419e-02
 1.4593300535177662e-03	-3.5062519547875500e-03	 3.7607568299645802e-03	 2.1647942406069257e-03	-4.8956415382603782e-03	 1.0350336782320193e-02	-1.5492234703351933e-02	-1.2409558611842217e-01	-1.9338934097415386e-03	 1.1825482050802454e-01	 1.5025445541388717e-02	-1.9626428151106718e-03	 6.9888950043378931e-03	 1.1126899139356693e-01	 9.2877572982674031e-02	-1.8920275381168769e-01	 9.2651780401782867e-03	 1.7570637548150636e-01	-5.5944488918379574e-02	-7.7106105764929822e-02	-1.6213505675320128e-03	-1.4990491916228614e-03	-2.5717061569908498e-02	 6.1382465355184851e-02	 1.5368289780816791e-01	-1.1086982675946161e-02	 7.6174175533493798e-03	 2.1315522957046029e-02	-1.2753036770520088e-01	-8.0520421667933134e-02	 1.4602921045184873e-02	-4.8767032605950954e-03	-2.4013157848189657e-03	-1.1939095458346871e-01	-1.7763977810185519e-01	-8.5437369818965291e-03	 1.6917522218736818e-02	 1.7014813290839688e-03	-2.7147159022577450e-03	 1.7036256233915345e-02	 1.6534120759917711e-01	 1.0463836728232365e-01	 6.7305783270422163e-03	 4.0412549115582145e-03	 2.4669116504320555e-02	 2.9520574380030574e-02	 1.4058809591621346e-02	 1.1819026807583014e-02	 5.6495354742812139e-03	 3.9461923690751674e-03	 2.6456089891330080e-03	 2.0647755470916917e-02	 1.7274744990784983e-02	 4.7091866440233830e-03	-3.1545740982915258e-03	 1.2295420142980115e-01	 1.8050573607882425e-01	 1.9044979504926583e-02	-4.0206712330205395e-03	 3.1480707512064382e-04	 6.4761250919005697e-03	-3.4755094913316950e-02	-1.8552919554979019e-01	-9.1734951022788946e-02	 3.2283101632168618e-03	-1.7043771198633553e-02	 5.2424244558386263e-03	-9.2038946454376463e-02	-1.3300686968987885e-01	 1.9885879995586768e-02	-1.3952841867334136e-02	-2.1595791374245366e-03	 1.4378874551012391e-01	 4.7436037317163865e-02	-2.7060175001187178e-02	-2.4756524751983157e-03	-1.6893501000104089e-02	-1.0085735935254267e-01	-6.8670637805311824e-02	 1.7035187831226201e-01	-3.3879400400692691e-02	-1.5581381887553786e-01	 9.7232742630992269e-02	 7.1763657466727249e-02	 4.2667458845154882e-05	-1.1944933739182439e-02	 9.8509454187745617e-03	 9.6017229493441741e-02	-2.5004474582297164e-02	-1.0998798222135867e-01	-1.9924362104903559e-02	-1.4034247128856421e-03	-2.0108772804005907e-03	-6.9022430642234434e-04	 5.4742807014294492e-04	 5.9771269588037212e-04	-1.0187139807880340e-02
-1.2291453386399642e-03	-6.4963410448103717e-03	-6.5425407994853483e-05	 3.3536407701293082e-03	 1.1943311894504257e-03	 5.0723611109084578e-03	-2.5464574891199625e-02	-4.4909943493397525e-02	-4.2147656602033699e-03	 4.2558647107638049e-02	 2.5232957154961398e-02	 7.3790847231382077e-04	 1.9750021032674077e-03	 1.1126610381477042e-04	 2.5377040860338877e-02	 1.5566459533966359e-01	-1.1793247765211930e-02	-1.3277007449877282e-01	-8.2553368601717518e-03	-2.5365557591030142e-03	-4.0384555098418847e-03	 5.0725646500656037e-03	 2.8331986264079144e-02	-1.2610108664619901e-02	-7.3167809436182809e-03	 2.1494388504459885e-01	-3.3218476276224436e-02	-2.0247317060578041e-01	 1.2982511030579699e-02	-3.0585463083315550e-04	-2.1548518635807926e-02	-3.0952987223054470e-03	 1.1000566822995699e-02	 4.7107970118108439e-02	-1.5173378748996180e-01	-2.1351050866650184e-01	-5.2533123697197316e-04	 7.4359128949482280e-04	 1.2257500707058545e-02	 1.9271674544022099e-01	 1.1894450411470045e-01	-3.1990106250462724e-02	-5.2470704358406391e-03	 7.5776904973643162e-03	 4.0436817456195474e-03	 2.8428600622420148e-02	 2.2825567868789896e-02	-3.0352662344450450e-03	 4.7816589648412601e-03	 3.7900086566103591e-03	 8.3199304992065057e-03	 2.4404574700457204e-02	 1.7206414171554049e-04	-7.3284460505987652e-04	-5.0986637049768354e-03	-3.5410172112786867e-02	 1.5557494930682442e-01	 2.0445829852511882e-01	-7.6050725164113877e-03	 9.7391452499102221e-03	-1.5753390570117654e-02	-2.2219785957898153e-01	-1.1731384084469328e-01	 2.8791220463787619e-02	 4.8908549880680025e-03	-5.9491042794866120e-03	-3.2705651287437389e-02	 1.6317703370629745e-02	-1.0256712873229377e-02	-2.1473174318828797e-01	 3.1346213706945826e-02	 1.8817255860095911e-01	-2.7473075119027954e-02	-7.9400689486407629e-03	 1.8394544924721465e-02	 3.4048565861641175e-04	-5.3619250845739468e-03	 2.4777687715994211e-03	-1.6179214882620148e-02	-1.3206922902886781e-01	 1.6589938733680663e-02	 1.4128036644562364e-01	 1.2837385756263234e-02	 1.9452533379061099e-03	 4.8341866780105833e-03	 7.8182735173436095e-03	 2.3888131790387589e-02	 3.0954710113632850e-02	-3.3275844233652636e-03	-3.5565258347649412e-02	-2.3025859768934523e-02	-2.4107207095954860e-03	 1.1297091762019023e-02	 6.0174447151992395e-03	-1.2885377868297773e-03	-3.8210556742675266e-03	-9.2933869633128729e-03
-1.5600271684622184e-03	-3.1268524627210258e-03	 3.7297304410399744e-04	-5.0333010243289644e-04	 2.0905704624262409e-03	-7.6002266431076928e-03	-1.1657430414514084e-02	-1.2530167606159473e-02	-1.1435571682214998e-03	 3.3916114623071866e-03	 1.3666359615370384e-02	 1.0009264264731997e-02	-6.9315052930011773e-03	-2.4801203683558135e-02	 5.8697345776877755e-02	 6.9798439746429797e-02	-3.3791266667922122e-03	-7.7594891345409284e-02	-5.3970377631774903e-02	 2.1503169487632395e-02	 1.3833109786118876e-02	-3.2616942707102497e-03	-1.0891640696467059e-02	 4.5208516369816806e-02	 6.4552736523905987e-02	-1.1773992923143797e-01	 1.0081155777170087e-02	 8.4806919598661740e-02	-8.9922241227250482e-02	-3.0169903329197736e-02	 1.5111876355225425e-02	 4.8726675934162387e-03	-1.1730295494376034e-03	-6.9341507945507724e-03	 7.0776175596555718e-02	-1.2284153695462394e-01	-3.0559050747732608e-01	 1.4856923996249948e-02	 2.8606686625909666e-01	 9.7056601268434989e-02	-6.4973319922794329e-02	 1.0445492010736631e-02	 5.0515229672436854e-03	 1.3413502006860904e-03	-2.0654718420776326e-03	-4.9305174870446517e-03	 2.3796608641557790e-02	-1.8567214058418338e-02	 7.1349581643685830e-04	 1.0971955959600897e-02	 1.3123730215751420e-02	 2.6179146334443944e-03	 3.6703692598943271e-03	 2.0878134886514730e-03	 2.2706224476775972e-03	 8.3556181882353964e-03	-7.8141297804585869e-02	 1.3843502946333205e-01	 3.1418396085882405e-01	-2.3933778791791746e-02	-2.8226105012313035e-01	-8.1744521434659850e-02	 6.0401078156298652e-02	-4.3443767557651766e-03	-4.0085087881735950e-03	 1.5115907456967881e-03	 1.3598539883941614e-02	-6.5477007350310423e-02	-6.6335481777007349e-02	 9.8189046986937090e-02	-8.6908351655947454e-03	-1.0027613203733894e-01	 8.6165251849594823e-02	 3.7137111864042019e-02	-7.5647819994703836e-03	 1.0985814942605487e-03	 1.0163994692211761e-02	 2.3687340896831364e-02	-5.1180194444315069e-02	-6.4418137171736778e-02	 1.5098404798884102e-02	 8.5363870055133712e-02	 4.9466551560064735e-02	-1.5873617016200318e-02	-1.0687918607549191e-02	 1.4227716650641757e-02	 1.6438543028192285e-02	 7.2429770170788221e-03	 2.2163542845680603e-03	-1.0330467647879770e-03	-1.1058460544129685e-02	-4.9724732907978388e-03	 1.0120197312491919e-02	 2.7143622604590672e-03	-2.7411301952336995e-03	-3.7144762284807859e-03	-8.5243666286425549e-03
 8.6820455613385763e-05	-3.4624172306304351e-03	-7.1003323080180421e-04	-3.7301986796891167e-03	-2.5425725641535042e-03	-1.2287202433233838e-03	-2.7041477072878121e-03	-1.6889436823701483e-03	 5.2627649634740589e-03	-1.8478534576503072e-03	-8.7236835181932898e-03	-6.9489965817810719e-03	-6.5497222095302378e-03	-9.1422781008594980e-03	 5.5345834792719664e-02	 7.5064439587268800e-02	 5.7134312334028672e-02	 7.7993830034573469e-02	 4.6617935830048529e-02	-1.1340809888215319e-02	-9.0794658688248819e-03	-3.2169028972471449e-03	-1.3784746142313793e-02	 4.0120954222582016e-02	 1.7241338604178306e-02	-1.2792972866304864e-01	-1.5614566093895524e-01	-1.0441855505366281e-01	 3.9479860583773500e-02	 2.9260910921952422e-02	-9.3652053543614756e-03	-2.5732944553216296e-03	-6.7131900843014156e-03	-1.4075245516140195e-02	 5.1148350491088582e-02	-1.3079404305682713e-01	-5.3871306509411826e-02	 1.1069453692955405e-01	-8.6791991703974142e-02	-1.0427602927673719e-01	 5.8150800446034503e-02	-9.1105352287484502e-03	-3.6968313428217339e-03	-5.0907000937260262e-03	-2.5369380086523192e-03	 4.2799491099443560e-02	-1.5937754094002432e-01	 1.2206044376569535e-01	 4.7238818229012669e-01	 1.1019506211938808e-01	-1.3493950575073815e-01	 4.6140762498757218e-02	-3.3330706036096332e-03	-1.0578870704052268e-03	-5.7530008194136509e-03	-1.2859445004828236e-02	 6.6334786938800794e-02	-1.2943035909115053e-01	-6.3249537287447921e-02	 1.0935683621810231e-01	-5.9992680095501225e-02	-9.7054435998425781e-02	 6.0470903429373911e-02	-4.1684460465925451e-03	-1.8172373911476531e-03	-3.8008444192338552e-04	-1.4657293154101209e-02	 5.1533537634916332e-02	 2.0663165020647523e-02	-1.1045111579489514e-01	-1.4598022474462197e-01	-1.0739583807802351e-01	 3.9587919959594098e-02	 3.3623873056434411e-02	-6.4556601140988400e-03	 1.1230264323302343e-04	-6.5302140648445563e-03	-1.3846012603203591e-02	 4.3595749350862245e-02	 7.4191435296448172e-02	 5.4832755089546187e-02	 6.8739337491126373e-02	 4.2357243931856109e-02	-6.8927964586870585e-03	-4.8943520956623464e-03	-1.3046589896179064e-02	-1.3929338131867265e-02	-1.1441010206479835e-02	-3.5246221096511300e-03	-1.2820820862612711e-02	-1.0174894821026691e-02	-6.1481037520712389e-03	-8.3686049364287765e-03	-5.6458860771511476e-03	-3.6685158056702413e-03	-6.2550788097754956e-03	-7.8125574786796284e-03
 1.1255601182832773e-03	-6.1479170692410462e-03	-1.1434089460681785e-03	-6.3512530773829727e-03	-1.1089238345617590e-05	 1.6520512378534354e-03	-3.7413772494418089e-03	-9.5974144194753835e-03	-3.9653233498292721e-03	-1.2972465593654472e-02	-8.3102667052638562e-03	-1.0432019621950796e-04	 2.9030877798465861e-03	 7.1828783517433221e-03	 2.7534433510164678e-02	 1.0092732663226350e-01	 1.0854511017328812e-01	 9.8361768897492791e-02	 3.0835935427392346e-02	 5.3295870221750728e-03	 5.8581058270805973e-03	 5.0137302285346800e-03	 9.9050396677279346e-03	-1.6117240114997263e-02	-8.4214829767280189e-03	-1.0078612110705865e-01	-2.0948669456058935e-01	-6.5898397582611651e-02	-2.1233956147795910e-04	-7.7615894447860372e-03	 1.3776480981075086e-02	 2.7685337842183288e-03	 7.9011237563200443e-03	 2.2127747330211299e-02	-9.2294111866395689e-02	 9.5641991661007800e-02	-7.2258134809108972e-03	-2.0920670388439622e-01	 2.5496830434487526e-04	 5.5489599444713281e-02	-7.7153612352542963e-02	 2.0464855095862503e-02	 2.5476469669924394e-03	 6.7149186378988087e-03	 1.2778857457848628e-02	-1.0590216611792104e-01	 2.4205219447341644e-01	 2.0741471629652958e-01	 1.6821082582705361e-02	 2.2283434514191047e-01	 2.0145458816211287e-01	-9.3324002536367218e-02	 1.0667413297605838e-02	 3.6304445735865056e-03	 8.6215622411166034e-03	 1.9571238294904994e-02	-8.4106024989349090e-02	 7.9738963736105450e-02	-4.5745724048153705e-02	-2.2153503263713320e-01	 6.7407382360667439e-03	 7.9126002564139042e-02	-8.3310712989356966e-02	 1.2523270416320330e-02	 4.2160782105722635e-03	 4.9782759606942228e-03	 1.5485834539773331e-02	-1.5719904631527296e-02	 3.6026189902733582e-03	-7.9885171518140591e-02	-2.1665354529135925e-01	-7.3427552755132353e-02	-5.9231140599622645e-03	-1.3691929811347099e-02	 1.0016221355218655e-02	-3.0587610117390667e-04	-9.0611207744168516e-04	 2.9711445107907678e-04	 1.9958515298257852e-02	 9.7647345333496449e-02	 1.0845994999383893e-01	 8.5451256663365588e-02	 1.8011345850620863e-02	 1.0659166636315527e-04	 2.3483001429485677e-03	-9.2081969310009795e-03	-1.8863914437865763e-02	-2.3414930178190498e-02	-1.4279913861165585e-02	-2.3338027010806461e-02	-1.1301355287260985e-02	-4.4707220847590703e-03	-1.1313735955780583e-02	-1.1809606248447006e-02	-7.1358147399127585e-03	-9.9296293776290016e-03	-8.8208871475118217e-03
-8.9504957415819611e-04	-6.1396954631962788e-03	-2.9492633350759207e-03	-5.0878228758285526e-03	 4.2538755737094574e-03	 9.3968045532585864e-03	 9.7025758959431128e-03	-2.3661273251184424e-02	-4.8227443780657783e-02	-3.0000250918899067e-02	 1.1054452187471146e-02	 9.3604807840295609e-03	 9.4699867144058866e-03	 4.2662698991907014e-02	-1.7601551870495405e-02	 5.8757227970171952e-02	 1.9186424858469431e-01	 2.6553086301443735e-02	-1.3521099286612650e-02	 3.7217755816952837e-02	 9.9539811749529833e-03	 8.0127966445003895e-04	 6.0158683408442232e-03	-1.2560546661866213e-02	-2.3060826525104255e-01	-4.9832618668225845e-02	 1.8417458286879590e-01	-7.0294511719267566e-02	-2.0760696350456181e-01	-1.7366422709304144e-03	 4.1760051117398726e-03	 4.9074367380987638e-03	-4.5904115771113734e-03	-2.9906204922501081e-02	 6.4436283113899318e-02	-3.4703874367501511e-02	-7.8039735907556335e-02	 1.6625071281116822e-02	-7.5087920592998819e-02	-7.5691858391498765e-02	 1.4297184382365196e-02	-2.5334600362823402e-02	-2.9347280369244875e-03	-6.9685421943579042e-03	-4.6177596992830638e-02	 1.8972177913644200e-01	 1.8028841897232295e-01	 2.1052312412903375e-02	-5.2584889790915045e-03	 2.9482246179266168e-02	 1.8437726254407766e-01	 1.7104712851236051e-01	-4.3683302029594459e-02	-3.3608237739640957e-03	-2.6068727460654821e-03	-2.0733993366195372e-02	 2.4262240525713498e-02	-7.9334513340328233e-02	-5.7400275447512625e-02	 1.5719086656218718e-02	-7.9147752234338967e-02	-2.6014969678382065e-02	 4.9196722735842496e-02	-2.4045400524896010e-02	-4.0205633494850811e-03	 3.9643766350679222e-03	 1.2003162324702454e-02	-2.5015199909788597e-02	-2.2299406202371497e-01	-3.4799080257062687e-02	 1.5981375538253395e-01	-9.9191128307389242e-02	-2.1202487926313424e-01	-1.2418047298215917e-02	 4.8533340400906174e-03	-1.9165657381637940e-04	 1.3380542411234011e-02	 4.3277808094203438e-02	-1.1254893041562814e-02	 5.0361298408586726e-02	 1.7609957140571336e-01	 2.9567999967321793e-02	-1.4413975958313969e-02	 3.0562201380794192e-02	 4.4300651353932812e-03	 8.8908807310990219e-03	 3.4392009701974167e-03	-3.6216191096336184e-02	-5.2369290763586249e-02	-2.4889998189720791e-02	 9.5064436934351321e-03	 3.9473053418033945e-03	-2.3480766745125311e-03	-7.5012511168515705e-03	-1.6713364416113811e-02	-1.0373594548366810e-02	-4.8807546273286952e-03
-9.3185295141666007e-03	-6.8890156522759607e-03	-2.6712708055283245e-03	 2.8050901893681562e-03	-6.1002595570174023e-04	 1.6223959305063560e-03	 3.8240807750411894e-02	-2.1942755046158037e-02	-1.5693545573514259e-01	-6.3444179741907764e-03	 5.2738223559960704e-02	 4.4577573621868392e-03	-1.2711125586443075e-02	-1.2669044206574364e-02	 1.9371998396312867e-01	 6.6008004143038340e-02	-1.5982735736628420e-01	 7.7622282393608785e-02	 1.8314420237341816e-01	 3.3784262176999569e-03	-2.7757563707380035e-03	-4.1814383718788255e-03	-5.2388734985528804e-02	-2.0850429013840310e-01	-2.2337239203217771e-02	 4.8379108676071723e-02	-3.1049079161019115e-02	 5.7522104691108453e-02	 8.3867489839211642e-04	-1.3872679767849561e-01	-3.2295208226735449e-02	-5.6303636886910775e-03	 3.8757555473861848e-03	 3.0620329522804697e-02	-4.0017846502517981e-02	-4.2217721499840655e-02	-6.4905615995373405e-03	-3.1333721245059738e-03	-4.4782176593950443e-03	-4.9389455602712268e-02	-6.6297775671710274e-02	-1.6844360922194448e-03	-2.5470880672944993e-03	 1.1020504518780764e-02	 1.5637684496877999e-01	 1.6833646252220466e-01	 2.6312842418000741e-02	-2.5202521504914177e-03	-2.0720492593842392e-03	-4.8921552684183522e-04	 3.6894132991626465e-02	 1.5945399470272129e-01	 1.2627486613067110e-01	 1.8849946117963034e-03	 6.9002192566401221e-05	-3.4271050558031153e-03	-9.3235096029756992e-02	-5.1073188422326311e-02	 1.9057127339560064e-03	 5.9972108681332894e-03	-6.5121196040885082e-04	-5.5451861530554827e-02	-4.6954722729213867e-02	 2.2421560481667574e-02	-1.4263326769627799e-03	 2.6834736235870418e-03	-5.4746220131192000e-02	-1.7025237437567681e-01	 8.0850687158905612e-03	 5.3361814010633432e-02	-1.9547029085505721e-02	 5.8012596098241068e-02	-3.5386086237689497e-02	-1.8404612860323333e-01	-4.0377284612182880e-02	-5.3409162394173959e-03	 3.6965127158240275e-03	 1.5222986462770245e-02	 1.7430280923817099e-01	 3.6875934766241944e-02	-1.4951904374316680e-01	 9.2593820365333729e-02	 1.5787052275178642e-01	-7.5612547431006625e-03	-1.7523223676684820e-02	 1.4103400767007826e-02	 4.1154596613157970e-02	-1.6123392463731498e-02	-1.4469926417304499e-01	 1.3265664546235497e-03	 4.0520370045207255e-02	 7.5388221445424636e-03	 8.4752380740733425e-03	 2.7542007034440873e-03	-1.2550306057150507e-02	-6.1637512944463391e-03	-3.6894804748637457e-03
-4.8206639655893585e-02	-6.5281201539816799e-03	 9.9767967439962024e-02	 1.1096450323464329e-02	-3.3553220371247951e-02	 1.0075553962772561e-01	-9.8334316903399957e-02	-6.3302997849133250e-02	 1.6999377016482153e-01	-6.7355625033964361e-02	-1.3336360716353057e-01	 6.0688216559632975e-02	 6.0117299482654887e-02	 2.0990166218449519e-01	 3.3396368581558519e-02	-4.3248923803148716e-02	 3.7928111891327915e-02	-4.8614048813600312e-02	-1.3229409438023112e-02	 1.6456617597609868e-01	 6.1962314336854063e-02	-8.0748317337780900e-02	-1.6885670628191310e-01	-9.6015395521880167e-03	 3.8380035461088383e-02	-5.3703862802971748e-03	-1.9734127678671295e-04	-4.1969056406300272e-03	 3.3352118550070482e-02	 1.6749051768042367e-02	-1.1694400536828989e-01	-4.8162403815719443e-02	 3.1479196004022894e-02	-4.4691541439760354e-02	-3.7262353982100385e-02	-8.2086878375022920e-04	 2.1472669070108735e-04	-2.1617409880232237e-03	-1.6319552002764734e-03	-5.7193970261794000e-03	-3.7058599333357256e-02	-7.6917826961569263e-02	-1.2040274231884588e-02	 1.2595102172737682e-01	 1.6997642089429515e-01	 4.2429015623155153e-02	-1.7993773152588195e-03	-3.5722598310870363e-04	-7.0343435686568334e-04	-1.3418322103479301e-03	 2.1349903699564626e-04	 3.9538812249349534e-02	 1.7089123932033640e-01	 9.6475595387178439e-02	-1.1155024968336561e-02	-9.3372517452600223e-02	-5.7943854140572640e-02	-7.1038366997544051e-03	-2.7272250602865837e-03	-5.2185433445048569e-03	-1.6170315531160880e-03	-1.2350936530851562e-02	-5.2900267697488540e-02	-3.1026305221944415e-02	 2.7522374690105295e-02	-6.3927499935383464e-02	-1.3132313589439926e-01	 2.0431894230054350e-02	 2.3579817832106616e-02	-5.0843263742812155e-03	-3.5604736607036209e-03	-5.0659006476437216e-03	 3.2854581159995330e-02	-2.5174470191302881e-02	-1.5559353759102454e-01	-5.0147423844119063e-02	 7.5944330372248889e-02	 1.5968334189418415e-01	-5.2218740060931924e-03	-3.6889306161829977e-02	 3.3387015928541694e-02	-5.2128154106850663e-02	 3.1625417054464589e-02	 1.6684981693629630e-01	 1.2581962444179091e-02	 5.9314423562807750e-02	-1.3396091265312604e-01	-2.3650499442062212e-02	 1.6835544684993542e-01	-8.4524487842919396e-02	-1.1596510546401903e-01	 7.2568550554431149e-02	-4.2407450969508736e-02	 2.2127411862553764e-02	 1.0686099738273327e-01	-2.5592937475337036e-03	-5.5821804377224192e-02
 1.7450849070989867e-03	-6.4922303530602035e-02	-1.1438270061546008e-02	 4.8592862653052279e-02	-5.7388932979285292e-03	 1.1944188262325871e-02	 6.4435596753525559e-02	-5.9149096742288354e-02	-8.7533028625855561e-03	 4.5073212364074626e-02	-7.7059783649689240e-02	-2.5114076317572488e-02	-8.5238704472497401e-02	-7.4918248186175374e-02	 1.2535184140524175e-02	-1.7938768715523627e-02	-3.7373122524328654e-03	 5.4252790672661057e-03	-3.1590342883213551e-02	 4.6221278000141974e-02	 6.4438039667997701e-02	 5.3938045980437971e-02	 6.1678310061198727e-02	-2.3997076624003272e-02	-2.2011726194771236e-03	-1.7876478713452389e-03	-4.3913966095885555e-03	-3.4990982791555801e-03	-5.6436745511893472e-03	 1.9207832985942724e-02	-3.6609004121187859e-02	-2.9484132885721541e-02	-5.9149062751785320e-03	 3.6714723660283277e-02	 2.9738704443467781e-03	 3.5438709315148481e-03	-7.0145548253329362e-04	-1.4211116193203147e-03	-6.9622737917587082e-04	-6.2793466373997717e-03	 3.8813793421491516e-04	-4.7061922311963683e-02	-1.5962129236328497e-02	-7.9934687818625588e-02	-5.0316199885257221e-02	-5.8129655712120939e-03	 2.0482397992219962e-03	-5.3624584376634329e-03	-5.8991609939234094e-04	 5.6922105332351605e-03	-2.4262456429894530e-03	 3.8155768780813739e-03	 5.6883656110147139e-02	 6.2145821258940942e-02	 2.2256055567458168e-02	 5.2892451290514994e-02	 8.4340834873699727e-03	 6.6774383946384755e-03	 4.9555260191862011e-04	 1.5834448398166646e-03	 8.3854606734251776e-04	-3.0598194936149454e-03	-8.7590227891624767e-03	-2.9787864868692199e-02	 8.2742440468154925e-03	 3.8941965418651525e-02	 3.2856551746316853e-02	-2.6204220810141093e-02	 4.1697915849302708e-03	 7.7954548742418281e-04	 1.2798071263994829e-03	 1.8425760501555115e-04	 1.2029996870814401e-03	 1.6138903601303711e-02	-7.0126870782257919e-02	-3.2911262224144450e-02	-7.8876985034702557e-02	-3.4019206354150934e-02	 3.2752349820321117e-02	-5.8071686097582245e-03	 4.1651408771236405e-03	 5.3439305144252231e-03	-2.1776359021186194e-02	 6.8443930785215046e-02	 4.6434131664268685e-02	 2.7745205046463058e-02	 6.1822898561448437e-02	-5.2902645435256204e-02	 1.4160588224472734e-02	 4.3287740083717871e-02	-8.7645125522464867e-02	-1.5567447418770995e-02	-2.9942212109533980e-03	-5.3317083439029717e-02	 1.4185740904467890e-02	 5.6383808255118954e-02	-1.7691136863243896e-02
 1.3674606761438178e-03	 9.3648460576793088e-03	 3.0246109235311167e-04	-6.0056733023998096e-03	 5.2014419771326727e-03	-1.0895530012639537e-02	-8.9328754641351416e-03	 1.0347344790098861e-01	 2.6769440031790097e-03	-9.6159755933860530e-02	 8.8042030352456641e-03	 9.4349658236525698e-03	 8.4300354791259392e-03	-5.3910596611333475e-02	-8.6584136178628646e-02	 4.4191222746412948e-02	-5.8036631715436063e-04	-4.4592503635698402e-02	 7.1228216035914907e-02	 4.8138388783615219e-02	-3.2980812493092647e-03	 3.8775646658565678e-03	 5.5841952578577839e-02	 7.1297786910695410e-02	-2.0316155068184780e-02	-1.0715234914916254e-03	 8.4113563247950271e-04	 1.6442833359381001e-03	 2.3510346604737317e-02	-3.6530335334751168e-02	-3.8447104452214095e-02	-5.2673285787984032e-03	-5.8416068666547992e-03	-7.1002837557194018e-03	 2.9338054211787153e-02	 2.5736063147048056e-03	 4.7700234136761142e-03	 1.0101969718649337e-04	-3.4389588129605962e-03	-7.3863889201355318e-03	-3.5799293089638626e-02	-1.6024674085989180e-02	-4.0319513299818220e-03	-1.3809282581420130e-02	-1.0421640237218896e-01	-4.6379225650991562e-02	-8.9536243475697441e-03	 2.1112890158440228e-03	-1.8088759686191289e-04	-2.4631488456059183e-03	 1.0071298649390888e-02	 4.2351702030157680e-02	 9.2773309049313094e-02	 5.8530654953694678e-03	 7.1601306504017609e-04	 2.0404497145397243e-02	 4.7367299028015925e-02	 5.7795920757480633e-03	 2.2645603458919424e-03	-8.9357842523399983e-04	-1.4920884352819137e-03	-9.5837643410103621e-03	-3.6139129630754968e-02	 8.5346166647747544e-03	 3.3321532191288826e-03	-7.8509660201576622e-04	 5.6030613326996243e-02	 4.4096760163010396e-02	-2.2346333466232327e-02	-6.2261480615068956e-04	-2.4949590792881088e-03	 1.6547387980692342e-03	 1.7970292707278439e-02	-6.8383243685028045e-02	-4.2906542569736403e-02	-2.4219305061867818e-03	-2.9219900307416932e-03	-6.5051413494409183e-02	-7.1196783209153056e-02	 4.8036368295675744e-02	-1.4253358088043925e-02	-3.2656098839387665e-02	 8.4509612355228192e-02	 3.7116941383763702e-02	-1.2529466386899571e-02	-1.9815996169865506e-02	-5.7409284167235508e-03	 8.0553910853457991e-02	-2.3595945231354436e-02	-8.9792005584416801e-02	 1.2076586258978820e-02	 1.1447080773663415e-02	-3.5715494298138297e-03	 3.2943645205731819e-03	-2.5880664198212520e-03	-8.2789538221195638e-03	-2.8589532427184738e-03
 3.6410423813458027e-04	 3.5621273751611114e-03	-1.0526671055009821e-03	-1.0740268898504243e-03	 6.0455519172813597e-04	-5.7018907463566876e-03	 1.0987329277584595e-02	 1.0335228636156307e-02	 1.6750393614914749e-03	-1.1002812685403339e-02	-1.5833450590352318e-02	 3.9065935205237576e-03	-9.3956567475259548e-03	-1.4985846134819463e-02	-1.8204672054374496e-02	-1.1975159686064116e-01	 4.8362698500519549e-03	 1.0679494749596920e-01	 1.6850616034971316e-02	 1.5741035865149841e-02	 1.1506893757960702e-02	 3.8286618172467431e-04	-1.1708110477354860e-02	 6.1479158438491027e-02	 8.7526349174821425e-02	-4.7898201601464893e-02	 1.1986086344583173e-02	 4.8677338635093548e-02	-7.5024410809892597e-02	-4.1419942031415205e-02	 9.7629824486672109e-03	 6.5873900630239344e-03	 2.1657921565418638e-03	 1.0410926924973026e-02	-1.0773433442835951e-02	 3.5830433303454742e-02	 8.6280805618870332e-03	 2.8882106170076828e-04	-3.8790016072689599e-03	-4.4035930475953770e-02	-9.6056217936379452e-03	-1.5091280114263327e-02	 9.6289867525844834e-04	 7.1833705162018587e-03	-7.8633240231906851e-03	-1.1423928740514272e-01	-3.2515620172972312e-02	-2.0410961692217027e-03	 1.1661207350554834e-03	 5.3892690600431999e-03	 3.9338911937665699e-02	 1.0842795677106808e-01	-2.5317044048553134e-03	-4.5674723019092809e-03	-5.9367994430207724e-04	 1.1166425113222214e-02	 1.9952319042213403e-02	 4.7284038949994139e-02	 2.5974729073944005e-03	 2.9003130974303093e-03	-8.8218885779301082e-03	-3.8871801621820821e-02	 1.0824225791570411e-02	-8.7159868853691827e-03	-2.2164610563695560e-03	-4.6442007115858061e-03	-1.2751285821030909e-02	 7.0470339621959116e-02	 7.4211789085347507e-02	-5.0520986726941733e-02	 1.2601192513490088e-02	 3.1731712624287770e-02	-9.0878191613866371e-02	-5.0443105124096776e-02	 7.0308877140994709e-03	 9.9027710699029533e-05	-1.3769069931281583e-02	-1.0364217215655905e-02	-1.3403056023031950e-02	-1.0245588637181571e-01	 1.4126331990726748e-02	 1.0318966105282161e-01	 8.2488568272861447e-03	 1.8436649770393058e-02	 7.1154131363704194e-03	-1.6503125682310136e-03	 1.7179104999247005e-02	 8.9076303210710167e-03	 1.2411672873445119e-04	-9.8910498627533452e-03	-1.3070444170790903e-02	 1.5582501916399829e-03	 4.7696390469525347e-03	 3.4555387730289518e-03	-2.3784844290608508e-03	-5.4367134337459056e-03	-5.7508192996170993e-03
 9.1988589399659491e-06	 2.3935114467097730e-03	 1.4220096623113391e-03	-3.6206340758913273e-04	-2.1014666354757486e-03	 1.8908093359475190e-03	 4.2952899505193255e-03	-7.8209316053101732e-03	-9.9499897666282026e-04	 1.0179881840249625e-02	-6.6751450427902769e-03	-7.0591561609564518e-03	-6.1895006850417266e-04	-4.5357088354199097e-03	-5.9168286318716276e-02	-1.2189455671913509e-02	-1.8402504663175018e-03	 2.0053598945696978e-02	 5.8495599444397944e-02	-1.7240330840296095e-04	-3.4256218790828363e-03	-6.0408489164699198e-04	-1.8777064008542038e-03	-5.0313148499299054e-03	 2.8041403250874390e-02	 1.2822781885870324e-01	-1.4864029680254489e-02	-1.1694460173444157e-01	-1.6738245721338897e-02	 1.0197672116324771e-02	 2.3638619247340542e-03	-6.1891462346739070e-04	-8.3702109349245029e-04	 2.8930350899284171e-03	 8.9597044266798674e-03	-3.6429512833672892e-02	 6.3113992443693423e-02	 2.4295396071015240e-04	-5.6783784016233733e-02	 1.2827591181703454e-02	-1.9895802649511820e-02	 2.5799657228105293e-03	-2.9160673510469871e-03	-4.8396253183221136e-03	 2.2833942722800878e-02	-6.4157194434040074e-03	-1.3716859275551063e-01	-3.4484399771207062e-02	 3.5459239135046923e-03	 4.6113185954681592e-02	 1.3413421944800996e-01	 3.8213572074457438e-03	-1.0912760434850372e-02	 1.2862791495472621e-03	-1.8418687497314108e-03	 1.2139658399877204e-03	 1.3049735399903386e-02	-1.1362584211293904e-02	 7.2560394635940467e-02	-6.4889206853008374e-03	-5.8898850755176778e-02	 4.0191049226394403e-02	-1.8691746323980487e-02	 1.8772934448961590e-04	 3.1690136945566189e-03	-2.1205271578637135e-03	-3.6641772080803331e-03	-1.5543905845393877e-02	 3.1312186242453563e-02	 1.1802978694678026e-01	-1.4673912528943414e-02	-1.2266950046565500e-01	-1.9105654475820348e-02	 1.0178548552829401e-03	-3.3126164776329088e-04	-1.8919125164009521e-03	 4.5475316326482173e-03	-8.3477240012694263e-03	-5.8909618827672663e-02	-1.4664784923028477e-02	 2.4252614724855942e-03	 1.4591843722169023e-02	 5.1316251943693977e-02	-4.0101935175072866e-04	-1.9499782467956293e-03	 9.3144872663112090e-03	 9.6711229046825900e-03	-4.0859145765176344e-03	 2.0068715824251115e-03	 9.5748533424300057e-03	-9.3415919463862816e-03	-8.0773515464897562e-03	 4.0850235992961094e-03	 2.8507893423104290e-03	-1.6590519849018462e-03	-3.5201859314655439e-03	-5.6728399639310156e-03
 7.7164559252618985e-04	 2.6401479871103906e-04	 3.1072447305999435e-04	-1.0396401264709440e-04	-1.2768804606489424e-03	-1.0696455771469463e-04	 3.5307998691840501e-03	-7.4337604944639656e-03	-7.0473529975931997e-04	 6.3517618899111786e-03	-2.9260677681659025e-03	-2.4835751482923255e-03	 1.3535126823438653e-03	-1.1099978891029171e-02	-1.8833265151559551e-02	 3.1278199826697949e-03	 1.2356433080612576e-04	-1.6201789677866389e-03	 1.5796862975980278e-02	 5.7892708752408937e-03	-1.9997694818358214e-03	 2.9438585371138835e-03	 7.0845622408804848e-03	-3.9095460399250548e-02	 5.0346572718116295e-02	 2.8780716898279400e-02	 1.2376177103546047e-03	-3.1334781170871157e-02	-4.9080603912819029e-02	 3.2487963763066410e-02	-6.2208383322067051e-03	-3.7386379117714007e-04	-2.7053842941117410e-03	-7.6638995921805200e-03	 2.6154935242427797e-02	 5.3965006549380329e-02	-8.8519674857633596e-02	 1.2756928898100022e-02	 7.5785638746781570e-02	-5.9193082182483980e-02	-2.7070230200213945e-03	 2.3623064603933370e-03	 1.7835983878836809e-03	 4.8815034825830969e-04	-2.7592859155476775e-02	 4.3800185018677801e-02	 1.2685229008380847e-02	-1.6587847648039417e-01	 1.3145193434097636e-02	 1.7111039532842370e-01	-2.9916793216362501e-02	-3.1932834761504506e-02	 1.5919981591375691e-02	 2.1987018068742939e-03	 5.3182427013174463e-04	-1.0558232071970507e-02	 8.8917271826891939e-03	 5.5524648371597499e-02	-8.3108258663558837e-02	 1.1966826081878126e-02	 7.9588047460884714e-02	-5.9637195391272796e-02	 7.1577545265246627e-04	 1.5177987164060531e-03	-8.4302111848656291e-04	 4.6482816748329384e-03	 5.3440210374225919e-03	-3.4766405481922232e-02	 5.2097001986828075e-02	 2.5669062512158204e-02	-1.4789135830160450e-03	-3.1253903178091402e-02	-4.5141374853817862e-02	 3.4626208624162019e-02	-4.1270826121283565e-03	-4.3544982667187166e-04	 3.9003552940600535e-03	-1.0533850322511144e-02	-1.9674417876731666e-02	-1.8137564962565115e-03	-1.0658911485476636e-03	-2.9588951339925007e-03	 1.6782351424736303e-02	 3.6011858796312249e-03	-5.6480752220498219e-06	 5.2920347402281766e-03	 3.4000863983416002e-03	-4.5255252158975167e-03	 1.0447650511505068e-03	 5.6848778970241117e-03	-4.6081410985113775e-03	-2.0846747084893816e-03	 1.4690783121033531e-03	 3.0704825068213724e-04	 6.7378682447096411e-05	-8.4778623578419924e-04	-1.8930816210531070e-03
 3.1975282101904729e-03	 3.8898221978472092e-04	-1.2227569343858560e-03	-2.2264962444900390e-04	 2.8663357189159266e-03	 8.5541333451101260e-04	 3.2627792092051809e-03	-1.3759418623871927e-02	-2.8529490755923897e-02	-1.2831691516094777e-02	 4.1364276984805475e-03	 2.9751850193342763e-03	-7.3764762848311757e-04	-9.0558199616701564e-03	-4.0295262033375939e-02	 9.5078101591939326e-03	 3.7996202631502218e-02	 2.0639778763466318e-03	-3.5585502747163163e-02	-3.8675971645832385e-03	 2.6073477002487955e-03	 1.5636284355650438e-04	 1.9025069512232057e-03	-1.9313913280200962e-02	 4.2134377273630647e-02	 5.4317948165528089e-02	 3.4681107537493670e-02	 5.6682036290158208e-02	 4.6500043906728218e-02	-1.7594682883010311e-02	 4.2647110136167128e-03	 1.3208842681537338e-03	-1.7443892283584928e-04	-7.1924476055241701e-03	 2.4253227270450949e-03	 1.7200334966575283e-02	-9.2641062190434276e-02	-1.7035744038815176e-01	-7.8794818837961661e-02	 2.7044450060306806e-02	 1.7448306982324659e-03	-3.5746579301875682e-03	-7.9480412235066950e-04	-5.2209484318826332e-04	 7.2933841043077341e-04	-2.1966409935036194e-03	 4.5084734096609153e-03	-7.2255014028414638e-03	-6.5778407135790124e-03	-7.6573927862662742e-03	 1.1131623778403224e-04	 4.0764343365704177e-03	 6.7345991542540990e-04	-2.4473605041313755e-03	 1.2287160274100276e-04	 6.7677454384426176e-03	-2.2820350162236261e-03	-2.0191667103467068e-02	 1.0175340549523046e-01	 1.6942575066775376e-01	 7.8752600333068634e-02	-1.7966815843445744e-02	 4.2664181587546491e-04	 5.4441320260273261e-03	 1.4459183557094019e-03	-2.1464762687970883e-03	-3.9255301832452948e-03	 1.8841542182653340e-02	-5.0682643658175930e-02	-6.1092724574888589e-02	-2.2096981091232915e-02	-5.9944858306959371e-02	-4.1659399766502583e-02	 1.4600462600356587e-02	-3.3219110830704280e-03	 5.3302733122565123e-05	-6.3101048101466732e-03	 1.4459382587075990e-02	 3.8575237004270499e-02	-6.2387726224632494e-03	-4.1240235717129828e-02	-1.2581043184905931e-02	 3.6301417812323405e-02	 4.3122724686969743e-03	-1.8677084461110737e-03	-4.1466213992928883e-03	-7.8868990264416589e-03	 9.8694046482334964e-03	 2.9113315200526967e-02	 1.4037723614940718e-02	-3.8226160057265876e-03	-6.0527694361064976e-03	-5.7446208104616515e-03	-6.8633514705122801e-04	 4.5432639300378086e-03	 2.1102177251539024e-03	-6.5532240734695289e-04
-7.5136215676845910e-05	 5.6765151525080965e-04	 3.7981358503298007e-03	 2.3497783148189646e-03	 3.0808163753715602e-04	 7.2531695618014824e-04	-7.6786631913783549e-04	-9.0355356999477828e-03	-2.3925474016653007e-02	-5.9051518460143792e-03	 2.3400626690514292e-03	-2.5651019026533594e-03	-6.3834315176551004e-03	-8.4903164729316962e-05	 7.0388815816571151e-03	-1.3633489448561492e-02	 9.8151093878119794e-03	-2.1055314867723478e-02	 2.3357284867455822e-03	-1.6914540024508015e-03	-8.7565502524916284e-03	-2.8739481342393743e-04	-9.4436911918410783e-03	 5.4470929003845654e-02	-2.7853576447531690e-02	 3.5255009226482975e-02	 1.3112720180673143e-01	 1.4659302911949420e-02	-2.4357394779260501e-02	 4.3226951704749814e-02	-1.0590039273337458e-02	-2.3252743415368331e-03	 3.0504592753731906e-03	 9.5345145869429257e-03	 7.3563609465214508e-03	-1.2497141979912448e-01	-5.8384401405398009e-02	 3.5227965561622339e-02	-6.8082910608789071e-02	-1.1502444600078253e-01	 1.2965423956258215e-02	 8.8426381187835842e-04	-1.3062962495667266e-03	 2.5901219348930882e-03	 1.7531860551388537e-03	 4.0454501955346743e-03	 1.5630458620288258e-02	-4.6199020327609741e-04	 4.4113150993108918e-03	 3.7934426979067791e-05	-6.8584934641246209e-03	-9.2322699362660000e-03	-6.2972094279356463e-04	-4.3176206974829156e-05	 3.2062819025582270e-03	-7.9336236508842032e-03	-1.4226772403553006e-02	 1.3082035683005255e-01	 5.2993282687992582e-02	-3.0642325111572676e-02	 7.1772545931630405e-02	 1.1767732867555758e-01	-1.5530580635735699e-02	-1.8332221504556569e-03	 1.7396198836434785e-03	 3.2204033371197264e-03	 6.8354500444461159e-03	-5.6872616136523252e-02	 2.7973386492723767e-02	-3.6538696687963695e-02	-1.2221093036862883e-01	-6.9790547136862613e-03	 2.6314138612384817e-02	-4.3794209547319558e-02	 6.1528464758212548e-03	-8.6198256202493111e-04	 7.8903218109489578e-03	-4.1055575972657396e-03	-7.8330689916258859e-03	 1.4953055836761216e-02	-4.7694492197154987e-03	 1.2140979919222170e-02	-6.5104233685435312e-03	 3.6992001650155027e-03	 3.8372201554579899e-03	 8.8123487224549366e-04	-6.7111828138966094e-03	 2.5470444980237039e-03	 2.3344036512480362e-02	 4.5698938083232159e-03	 1.7225505361490593e-04	-1.4464744722666747e-03	-3.0789559037950258e-03	-1.7035121895213599e-03	-2.4306182334601478e-03	 1.7689954210860234e-04	 1.0261942484172174e-03
-9.3425263680440977e-04	 3.0891681621972674e-04	 7.4603334164164790e-03	 3.8223790203310028e-03	-2.7507018029953858e-03	-1.9103778134034193e-03	-1.0632969499658298e-02	 5.8011476977012123e-03	-7.1410087253363126e-03	 9.5920650857038870e-03	-9.3952506667267458e-03	-9.0836663112576765e-03	-9.9652875681508130e-04	-1.1187535688680358e-02	 7.2214099328685208e-02	-2.0878736911416366e-03	-1.1254707557129523e-01	 9.7892420348389096e-03	 5.9421361078208570e-02	-1.4542536008401757e-02	-3.2011003637371135e-03	 2.5633956244492757e-03	 1.8715834523470386e-02	-1.5871529743480446e-02	 7.5976891520509848e-02	 4.5692877966613574e-02	-3.8190045079960211e-02	 4.6304659926611452e-02	 7.0132850406290026e-02	-2.2546924252593134e-03	 1.4762801588316506e-02	 1.0507265738246225e-03	 4.2240659944833107e-03	 1.4101525985243182e-02	-1.1144394721074147e-01	-4.4784011059321199e-02	 7.6424547268708204e-03	-4.1479024264484956e-03	 1.1570776876852653e-03	-4.2471027196641933e-02	-9.6457021155765460e-02	 1.2623718104085684e-02	 1.1134961710226826e-03	 1.8449284136903739e-03	 6.2953563630471004e-03	 1.9727744721124006e-02	 1.0903458159329707e-02	 3.4336135026395449e-03	 4.1376063725874299e-03	 1.1748601231257188e-03	-2.1594523512774707e-03	-1.2214431987116976e-02	-7.9350219297882906e-04	 8.9504524269739698e-05	-3.5949880718850759e-03	-7.3950020974957714e-03	 1.1655767339268380e-01	 4.7722726552338189e-02	 1.6067061113675960e-03	 4.2760721625562268e-03	 5.0511961190108248e-04	 6.4354726058799855e-02	 1.0496351323054139e-01	-9.5023067818745255e-03	-4.0778252262442380e-03	-6.6176278813016819e-03	-2.1349119568603737e-02	 4.8940668557650299e-03	-8.2706101478913385e-02	-3.9341257100156991e-02	 3.2011665147505294e-02	-4.9790014260152976e-02	-5.9618383107446153e-02	 1.6462517453447675e-02	-9.2999713438085777e-03	 3.0809831502569131e-03	 2.2103714485848195e-03	 1.0395598478967023e-02	-5.9053991169608591e-02	 8.1982453810289461e-03	 1.0667898451813684e-01	-1.4612538514275146e-02	-5.6579618812748943e-02	 1.2868211698886363e-02	 3.3241339714585932e-04	 6.8587846690450534e-03	 4.6087763024606878e-03	-1.6680938235631160e-02	 1.6057399584463558e-03	-9.3145776917599767e-03	 1.6689989992401209e-02	 7.0492255907218665e-03	 3.4429021546992372e-05	-4.4609007743620296e-03	-1.0649001543527496e-02	-3.0555340655013868e-03	 4.1921626957026163e-03
 6.4383142808119645e-03	 3.2041926130112258e-03	 7.6943690943465067e-03	-8.4528473275546456e-04	-1.4373818561483574e-03	 5.2815588601057865e-03	-3.8807006608453147e-02	-4.9896133324525294e-03	 1.0444313275744699e-01	-1.1055350741102858e-02	-4.8230237966333071e-02	 3.9455331671043513e-04	 1.6857569664235919e-02	 7.5537185428222839e-02	-4.5132678928646912e-02	-3.9489981650720311e-02	 4.2307656295554795e-02	-4.4682629693337556e-02	-5.9758292139779741e-02	 4.6303509936898621e-02	 1.1122494939953299e-02	-1.5071920101467045e-03	 3.5522870829372546e-03	 8.4170114266733140e-02	 3.7216092591527708e-02	-3.3287858458520550e-03	 8.9738749494217129e-03	-1.0405664434138345e-02	 2.0200114384269777e-02	 7.5102089992323484e-02	 6.0187010230920140e-03	 8.9352373480664059e-03	-7.0870257096323505e-03	-1.0542984527318383e-01	-4.4662603536431783e-02	 5.7889726185406578e-03	 7.1946127567468557e-04	-2.7833058094039499e-03	-2.6225391003974257e-03	 9.6377112054200919e-04	-4.7627083160459438e-02	-9.0479744401648285e-02	-7.0274314846544561e-03	 2.1186523610615118e-03	 1.9850160309515856e-02	 7.0633297602115128e-03	 3.6441529428397268e-03	 2.5052968202078354e-03	 1.4698749659038000e-03	 1.3329287525500691e-03	-7.1435729554950207e-04	-4.8205374724568399e-03	-1.4051584405432617e-02	-4.3997170081276748e-03	 4.7554920957854074e-03	 9.7125220438711329e-02	 4.2369273939776214e-02	 1.2073810579102079e-03	 6.9688224152043843e-03	 7.5609239862339033e-03	 7.0823060985022715e-03	 3.7769073820118622e-03	 5.3765961059543010e-02	 8.4645848481277264e-02	 6.3132580107057275e-03	-1.0494502253344098e-02	-1.8875873406572770e-02	-7.5028516995580330e-02	-1.9738760862192947e-02	 8.2399302531738945e-03	-3.6858431023063885e-03	 1.1845550003119158e-02	-3.1717968811511760e-02	-7.0868915011569195e-02	 2.8777038082613625e-03	-7.2712964702695000e-04	-2.1086064580096153e-02	-4.6051751076931366e-02	 5.4826061168486900e-02	 2.8975651150779241e-02	-3.7716920130453663e-02	 4.8045818957545811e-02	 3.4973680951349895e-02	-5.3591486541927358e-02	-1.4301881284536914e-02	-5.6857541188393146e-04	 3.9012412754490570e-02	-4.8487418397857949e-03	-9.9415097690138704e-02	 1.8280266636877898e-02	 4.5260819713086001e-02	 4.0871962001999178e-03	 4.3627158311320587e-03	-2.7144070522415811e-04	-1.7443023635207083e-02	-3.1085509115938584e-03	 6.2994120714545410e-03
 3.8269298076922510e-02	 1.9989133240535497e-02	-6.5987830677821976e-02	 5.9402444227886464e-04	 2.1795769729910749e-02	-9.1236570016563434e-02	 2.3720250658167946e-02	 4.2498566273286881e-02	-5.0476502061773038e-02	 4.2277518750473003e-02	 4.5041481024341891e-02	-6.2948158757214698e-02	 4.4412603596510676e-02	-5.2433060601340654e-02	-2.8197011661757150e-02	 3.1482482032023163e-03	-6.2727022318406983e-03	 3.6953902227436918e-03	-1.8799274279139522e-02	-5.6683091471914013e-02	 1.9767565407385473e-02	 8.9637306252226562e-03	 8.1649917277139841e-02	 3.1315384094653877e-02	 2.1579167989906230e-03	 3.2913512458813215e-03	 2.0746396674882904e-03	 4.4753464605603655e-04	-9.0411393295195056e-03	 2.3085308324193445e-02	 7.1599619103096340e-02	 1.0924475255794777e-02	-7.2925472540612810e-02	-6.0411060828193044e-02	-8.8663098059615607e-03	 2.1471142373313940e-03	-3.3302024754489649e-03	-5.3079212085976350e-03	-1.0570685583259993e-03	-3.7859503488235521e-04	-1.2523327796459625e-02	-5.3238532343059204e-02	-5.3359616694206261e-02	 7.1719303400295175e-03	 1.0393504422883181e-02	-1.4999571479469148e-03	-5.2244289060034785e-03	-8.7708412828885088e-04	-9.1384852363041039e-04	-9.5082592196446786e-04	 2.9785362377285352e-05	-9.8459653101945640e-05	-7.1834050598325143e-03	-1.1848526336559258e-02	 6.6418412427813572e-02	 4.7947463750414088e-02	 3.8730226844622311e-03	-5.4628277093053132e-03	 9.9640459112467330e-04	 5.0135940520695584e-03	 1.4552689320296963e-03	 1.0498385076784700e-03	 1.2491181155841850e-02	 6.7390826901305656e-02	 5.9574115546800824e-02	-2.5840101425769778e-02	-8.5530132727016511e-02	-1.5893988204532469e-02	-1.9726468861266180e-03	-3.3648845532229170e-03	 8.7651848886541870e-04	 4.8827078139342491e-04	 2.1312680257194391e-03	-2.9792539654836477e-02	-6.1319720010802298e-02	-2.4012904090965669e-03	-2.9576749594442942e-02	 5.5116477473700312e-02	 2.2243084598205107e-02	-5.2251459650461528e-03	 6.5252121880315624e-03	-4.1934335408285216e-03	 2.9820609751758410e-02	 4.1851811779861442e-02	-4.9814477306321700e-02	 6.0386857912200637e-02	-5.7939037076088683e-02	-2.2161925785737016e-02	 5.0541577009468618e-02	-4.6698685592135157e-02	-2.5195225128409368e-02	 7.2117010718099478e-02	-2.9776103085663072e-02	 5.4377085226626288e-03	 6.2972022164300784e-02	-1.2353167095777162e-02	-2.7988324175489000e-02
-1.0058089361205903e-02	 4.3893754755061777e-02	 8.1300256127309223e-03	-3.5753732502407973e-02	 9.3413501570020086e-03	 3.5719963483622601e-02	-5.0645821002152973e-02	 3.5339201189468851e-02	 5.4582929861709383e-03	-2.6247076001617534e-02	 6.6994640335129141e-02	-1.0291885221921690e-02	 1.0782651883004951e-02	 6.7058513472701711e-02	 6.8798674039370353e-03	 7.8436759829326359e-03	 3.2065949035383727e-03	 1.4797974790873741e-03	 9.3090691485676301e-03	-5.1360485702797637e-02	-1.5232585539796371e-02	-1.9911709246780637e-02	-7.6501995564499353e-02	-7.5666631498158814e-03	 2.5899726018340338e-03	 3.6109197094909857e-03	 2.6885226213383090e-03	 6.5865642014645341e-04	-2.7449069289892016e-03	 5.0940156701462375e-03	 6.0817712139639241e-02	 1.3229306332667433e-02	 5.3347803286055748e-02	 3.5713409037238714e-02	 1.0064891422327008e-03	 1.5790093215017420e-03	 5.5119961786298322e-03	 1.2527878233530973e-03	-2.9623573335271205e-03	 2.7020417006412972e-03	-5.7256011494082170e-03	-2.6709755751882940e-02	-3.3822529235266907e-02	-6.5187850262119016e-03	-8.6893914012170746e-03	 2.4556484547618163e-03	 3.4307613887348269e-03	 2.7551705628996769e-03	 7.2098467738677279e-04	 6.6174153739919511e-05	-7.5156708029349719e-05	-1.3273333996542788e-04	-5.0182017130527669e-03	-9.4978928061290116e-03	-4.3900207816003220e-02	-2.3130963028841267e-02	 4.9556532440327861e-03	 5.3280923500046463e-03	-3.3899088613150233e-03	 1.3067475145443919e-03	 5.4577412889685924e-03	 1.7066012481057897e-04	 2.7831991002977186e-03	 4.2227315234591487e-02	 4.3684265335106165e-02	 2.7381415282131151e-02	 6.9565849489753168e-02	-3.7657703411890474e-03	 1.6651943579198102e-03	 1.6176294323637776e-03	 4.8903398216857631e-05	 4.5383407330235178e-04	 3.4847025148397577e-03	-1.0474472898190781e-02	-6.4759016005422054e-02	-9.0294806124193282e-03	-1.8263834472076718e-02	-4.5935762684923775e-02	 9.5451249600255368e-03	 2.4889354465037639e-03	 4.2676529861839854e-03	-1.7545686212361148e-03	 7.9697171850972399e-04	 5.6424382681729418e-02	-1.2010057585254752e-02	-9.0571507890290764e-03	 6.0312372898472341e-02	-3.4257988056854982e-02	 1.0291257410771058e-02	 2.0113739148649619e-02	-6.7918271882817197e-02	 2.3251648682493537e-02	 3.3894237320474820e-03	-3.9055281800930326e-02	 9.7329690905733415e-03	 3.7159133103750505e-02	-1.8462371380724703e-02
-2.3542637192369075e-03	-8.0162887347825611e-03	-1.1334960661902455e-05	 4.9604984845651873e-03	-2.8861229064304958e-03	 7.1093782580625587e-03	 1.9027633379660090e-02	-7.3685888294839894e-02	-3.1021134819216208e-03	 6.5565046092702084e-02	-2.1431548891477418e-02	-5.2944495967582102e-03	-1.3510764179170479e-02	-1.1604761738292977e-02	 6.4414343544349967e-02	-1.7959369974886324e-02	 3.8627568643898166e-04	 1.6924698646670358e-02	-6.2238167356015402e-02	-3.4521907502248152e-04	 1.0512253821694377e-02	 2.0892682879911550e-04	-2.0123197971985526e-02	-7.3596164062122021e-02	-8.0661401709931947e-03	-2.7327264044658701e-03	-4.9226245673211538e-04	 7.7660162803667478e-04	-3.1705732221157159e-03	 5.6472118717379220e-02	 1.5928321414003396e-02	 8.6067452773474357e-03	 6.1271390450067138e-03	 7.5482217195000437e-02	 1.7783824624255984e-02	-2.2514896110182917e-03	-3.0384876756514782e-03	-1.8558040088636810e-04	-9.6858099166852998e-04	 1.4850333153387826e-03	-2.2529554442299433e-02	-6.2506746136896607e-02	-4.4883770252736356e-03	-1.9584319975429177e-03	-1.5898244369888077e-02	-4.5559415098026489e-03	-2.4459759641014384e-03	-1.6860274189617822e-03	 1.9397318899512978e-04	-2.5505600284633084e-04	-1.3233834154605193e-03	-4.1093259768316386e-03	-1.0425459415804000e-02	-4.1956413946711308e-03	-4.4025869465066578e-03	-6.3847857715194981e-02	-1.3380833397245849e-02	-1.5428755336690993e-03	-8.7194430545298423e-04	-1.4619969002593880e-04	 1.9765034242074575e-03	 7.6728150162496311e-04	 2.4533426266510054e-02	 6.4127363698872286e-02	 7.1452384722750940e-03	 6.6563364358370250e-03	 3.3343546504846458e-02	 6.0783439596178018e-02	 4.1413863717947263e-04	 2.6231744022385513e-03	-1.0804934772862089e-03	 2.3636814628091168e-04	-6.9344104196724550e-03	-6.7292925427944086e-02	-1.1582018732477764e-02	 1.2977987850823955e-04	 1.2211357183634463e-02	-9.5045768280940350e-03	-5.9927307643734253e-02	 2.3272935424884157e-02	-7.6100966927275093e-03	-7.4747836498684104e-03	 6.0736607894607511e-02	-1.0237791781117851e-02	-1.3192809037794353e-02	-1.1232446666078564e-02	-1.7423467963405676e-02	 5.8603383775096676e-02	-1.9638635777026396e-02	-6.0575676824902586e-02	 2.6429066289321151e-02	 1.0521512966669557e-02	-6.3100114853395072e-03	 2.7903115207428882e-03	-3.4816647551788016e-03	-7.0745355688182424e-03	 2.6952501377323856e-03
 1.8910315665615282e-03	-2.0635489514964833e-03	-9.6509134759134823e-04	 2.8872222215328529e-03	-7.0405443291069597e-04	 2.5210275957294969e-03	-7.1262143725653088e-04	-6.2546980819964157e-04	-8.6477589635363425e-04	 2.9393452328861187e-03	 4.8189838766128298e-03	-4.7351962141105840e-03	 3.0322262341840661e-03	 5.0405113660158263e-03	-2.6149117758499291e-02	 9.0343477677539558e-02	-5.7496379348231704e-03	-7.7840787850362747e-02	 1.8344341576849395e-02	-8.1224012767182451e-03	-5.1893935109776790e-03	-2.7550864205279704e-04	-3.8832586947648573e-03	-1.7591729767916731e-02	-7.9156994558593763e-02	 8.6466226008146668e-03	-5.7770946124724330e-03	-1.1596513047339678e-02	 6.7834316212902632e-02	 2.1527564094360407e-02	 2.2455316024052978e-03	-1.1190605922496769e-03	-4.2269058078302744e-03	-6.2559408455122555e-03	 8.2140742288786511e-02	 7.5469514857544103e-03	-8.9477742512386951e-03	-5.1787574342435777e-04	 1.6367272079158570e-03	-9.1775738143870071e-03	-7.3317213240306905e-02	 6.4693709313916386e-03	-2.9906344601569765e-04	-2.5173910887125199e-03	-4.0673423368332391e-03	-1.6411795911640086e-02	-6.6214418191637026e-03	-6.2777736530919273e-03	-3.3054601735614244e-03	-2.1108683878476890e-03	-1.5729796680746292e-03	-1.0641738314270528e-02	-9.2467706227071056e-04	-4.8152626054400252e-04	 4.2990616446195694e-03	 1.7599084804465045e-04	-8.2893936346118829e-02	-1.0955737450359163e-02	 2.0840786633022938e-03	-1.1415785540400239e-04	-3.1051592226462024e-03	 2.1709227108000849e-02	 8.2365379230249031e-02	-6.5093474963542723e-03	-5.0244676156224284e-03	 4.3794836173937975e-03	 7.5510731425318511e-03	 3.4975220470935868e-02	 7.4892128680466200e-02	-1.3832270759689253e-02	 6.7595107754546127e-03	 5.2933984366632548e-05	-7.3927877752155424e-02	-1.2885855539459073e-02	 4.7832382372643359e-04	 2.8696505077056844e-03	-5.1324648996363010e-03	-1.4525915454523370e-03	 2.2485328699953767e-02	-7.7550453449184570e-02	 1.2929221460198504e-02	 7.0766861483695487e-02	-2.8020675766057795e-02	 1.0674677128183666e-02	 3.7493997460917180e-03	-4.0061847427392185e-03	 6.3218409253371199e-03	 2.2582734792863345e-03	-3.3075460965462664e-06	-2.8878180939486200e-03	 2.1186173904532276e-03	 5.3125586656362139e-03	 4.5094100882670429e-04	 2.8031782329615332e-03	-2.4402298128339195e-03	-5.4838903323473544e-03	 7.6824796859437453e-04
 9.0204787948363653e-04	 3.5758144106194016e-04	 1.6831147577450108e-04	 3.5861140311970548e-04	 6.7524396810615271e-04	-3.3639512446003118e-03	 1.5860409455876676e-03	 1.2346307898428005e-02	 7.1288198700443625e-04	-1.1211510519346084e-02	 3.3086216449077525e-03	 2.6794342621093252e-03	 3.4339147395679066e-03	 1.2393297758081252e-03	 2.7441259862004443e-02	-1.6055726766034947e-02	 3.8017137385592341e-03	 7.1499777418597456e-03	-3.0744303463572632e-02	 1.0969731473367522e-03	-2.1069651719251722e-03	-8.1107987106835040e-04	 4.0589801448718292e-03	-2.9211456202402904e-02	 1.0892144813490357e-03	-9.2293509847146571e-02	 1.5338156341638529e-02	 8.3991823508149099e-02	-6.0985762771676557e-03	 2.1333453086378421e-02	-4.4792137446326725e-03	-4.1038521525261823e-04	-4.3526801335101815e-03	-1.3315916013907563e-02	 1.9814794346872326e-02	 9.1144680870070036e-02	-3.7957950764048434e-04	-1.6929079098562796e-05	-6.0524955939631007e-03	-8.0071287268039873e-02	-8.2164529099394319e-03	 3.7268791309166480e-03	 1.6195583358925791e-03	-4.3077918856666095e-03	-2.4371676786222639e-03	-8.1680472167303588e-03	-1.1196924017849448e-02	 1.3854250687266873e-03	-2.8106146799369760e-03	-2.7999343056451294e-03	-4.2147430983407001e-03	-6.6300211550552610e-03	 1.4723014285540108e-04	 7.3769410690645992e-05	-1.2326384272849280e-03	 8.3367624410015662e-03	-1.5615966502477829e-02	-8.7093582777253292e-02	 6.2368683967148229e-03	-3.4555323404212327e-03	 7.0437294771177276e-03	 9.1415828735732688e-02	 5.9917120014712508e-03	-3.2500881162504051e-03	 1.0401343417181861e-03	-1.9306853375544056e-03	-2.1696117385759548e-03	 2.3462876323897174e-02	 2.6640290805756413e-03	 8.9982922164907331e-02	-1.2617760227241020e-02	-7.9946105917639981e-02	 7.1659253754780723e-03	-2.5790361795366989e-02	 2.0183286561503760e-03	-1.5018952201427810e-03	-1.6299116166247369e-03	-2.8771428699622221e-03	-2.7832051596270523e-02	 1.2904446717016830e-02	-2.7370866487370165e-03	-1.4691349254764334e-02	 2.3722591587130831e-02	 1.3045672796234045e-03	 2.7890807396821889e-04	 1.6421891131344324e-03	 4.5741436651943728e-03	-6.9819478998672801e-03	 1.6242088041031086e-03	 9.2242166959206964e-03	-2.6627745026603046e-03	-3.6790394877644211e-03	-5.7154515083529013e-04	 7.3986263076436932e-04	-5.8138159266716834e-04	-2.3515774825310764e-03	-2.8789060657030282e-03
-7.9638848960043407e-04	 7.3152171214610430e-04	 2.3224108820342715e-04	 6.4541158581957886e-05	 1.5905456677681926e-03	 9.5192952652477182e-04	-2.0758197745785203e-03	 1.0092698508471493e-02	 1.1313086919710787e-04	-7.1962178557280782e-03	 2.3183519896933348e-03	 4.9442758428818844e-05	-2.9190106781664359e-04	 1.3481375993850908e-02	 1.0065310325032654e-02	-2.3895377218853112e-02	 2.6352578172255448e-03	 2.2967883071802801e-02	-9.5826654353342849e-03	-9.5576655586594207e-03	-1.5483236945752678e-03	 3.7961133826074772e-04	-5.3046641348526401e-03	 1.3198638534770796e-02	-5.1141104414229061e-02	 1.1206590723194576e-02	 3.7040592714915679e-05	 4.6240546802409858e-03	 5.8498184702482969e-02	-1.6236386094240982e-02	 2.7827872309003736e-03	 1.1919387297982132e-03	 2.0751911356382564e-03	 7.9702985692011626e-03	-2.6339657072361099e-02	 1.4903805693567369e-02	 1.1618248508298674e-01	-7.3082639808247397e-03	-1.0527225034703486e-01	-2.0060673029328926e-03	 2.0980031072664496e-02	-6.5650867582119458e-03	-3.0678220673283569e-03	 3.4839276994417617e-04	 4.7232010718444137e-04	 2.1061252019657830e-03	-9.1904861841866706e-03	 8.5172934604847480e-03	-1.0366831083172875e-03	-5.1143653872937588e-03	-1.9807939417804499e-03	 2.1385870823734778e-03	-1.3300194858477995e-03	-2.2977183085548586e-03	-1.6013952148380591e-04	-9.7154356488727053e-03	 2.4409697252193975e-02	-1.8890641459008959e-02	-1.2170635443244998e-01	 9.8185553624082766e-03	 1.0357094603564868e-01	-5.0047768119343709e-04	-1.7162986068305408e-02	 4.7155393959631845e-03	 2.1740882882688006e-03	 3.4396554532616090e-03	 3.0659581134861195e-03	-8.4843415706010450e-03	 5.2411053419770495e-02	-7.4628335013907669e-03	 3.6423567355530455e-04	 7.9637407400296833e-04	-5.6234572543602833e-02	 1.1163919720532784e-02	-4.8128874496858320e-03	-1.9709137819248568e-03	 4.0023227170655987e-03	-1.8579676488340725e-02	-1.4555341950621992e-02	 1.7631705202266881e-02	-6.7755068752846084e-03	-2.9761388080339523e-02	 1.0644375223961493e-02	 6.0751852470095650e-03	 4.8780001925632693e-04	 1.4798865027620088e-03	 1.8489634706622276e-03	-6.5781097656311335e-03	 6.6330180927170676e-04	 5.6218242830561663e-03	-5.0329462916877225e-03	-2.7732501455236930e-03	-9.0915172947858168e-04	 6.5580807793259930e-04	 4.5121576294376332e-04	 4.7126639330541690e-04	-2.0917589715817426e-03
-2.4114406393485419e-03	 4.3213072127702386e-04	-8.1747590205572852e-04	 1.2600970336166888e-03	-2.7577560693936869e-04	-5.9503917054387536e-04	-3.0500054523620013e-03	 8.6379617177274395e-03	 8.9243971899761344e-03	 7.3479153905118451e-03	-1.2922662193980360e-03	-2.9647955127740913e-04	 1.6502591186679616e-03	 5.8740426683087966e-03	-7.7197536666139899e-04	-3.0438076635777515e-02	-4.0862541549421982e-02	-2.7215917581271301e-02	 3.8886555983515016e-03	 5.3998840654927334e-03	 2.0052108371170405e-03	-7.9725017479774984e-04	 2.3255946283249349e-03	 8.5304065038636148e-03	-3.0240751797860517e-02	 3.1407657692831562e-02	 4.1580161712434477e-02	 1.7946349219062283e-02	-3.9081857465755793e-02	 7.4138840871952154e-03	-1.6629049875967448e-03	-1.4944619902863371e-04	 4.4290555569417005e-03	 1.0909374349565508e-02	-2.6025102849946333e-02	 3.2682113167427571e-02	 4.8965668772927705e-02	-1.7604338001534194e-02	 5.7811457639554933e-02	 1.8994093401973462e-02	-1.9866596793869609e-02	 5.3414345515642864e-03	 3.4237336925793255e-03	 8.4410902283279317e-04	 1.3873933783464437e-02	-3.5027597277967351e-02	 5.2054897362518560e-02	-2.4534967181597242e-02	-1.7796940129583633e-01	-1.7136518506618244e-02	 3.6032954858019411e-02	-3.3181323152349743e-02	 7.0883914768740189e-03	 1.2382669461788527e-03	 2.2132265803707211e-03	 1.3221317791881199e-02	-2.2945581753148769e-02	 3.1718492697554085e-02	 5.0625016522378719e-02	-1.7477653884984869e-02	 4.6356544077999176e-02	 1.6597982425269511e-02	-1.9060337976604363e-02	 2.7943033755092142e-03	-1.2759162579947655e-03	-3.5847932983532971e-03	 2.9781294843470190e-03	 7.2382859697103395e-04	-3.2759450519892402e-02	 2.0380207385478036e-02	 4.1932855899464501e-02	 2.1102269243803061e-02	-3.6735799344477113e-02	 8.2249574842255709e-03	-3.3478022736826074e-04	 2.4485347412866467e-05	-1.7397828404331715e-03	 1.2473285743859166e-02	 6.2344952704624203e-03	-2.7007991099039723e-02	-3.8766490901829563e-02	-2.6688498277109049e-02	 4.4879876114988755e-03	 2.6222178259291589e-03	 1.1405521152651980e-03	 7.5686870150517118e-04	-2.8520901723964789e-05	 9.2216967050530989e-03	 1.4775285132479001e-02	 1.4144344308791391e-02	 3.5355828061750505e-04	-1.6525811676889376e-03	-2.0931819259695388e-04	 5.4329688283055646e-04	 1.4224639200167174e-03	 2.5468319453319376e-03	 1.4111309331444272e-03
-2.1490869658775187e-03	 8.5739629952524940e-04	-1.4263153743153214e-03	 1.4413549767612972e-03	-5.3750010206949056e-04	 2.8671974155720725e-04	-8.8083557141292680e-04	 1.0302395342683188e-02	 2.0601390266385418e-02	 8.4942002809126355e-03	-3.3006693491746892e-03	-1.4034030683028132e-03	-6.4349905370004383e-04	-2.6011899792646120e-03	 4.1028401267308931e-03	-3.5223373653249623e-02	-4.9780204469455004e-02	-3.1738139446716558e-02	 3.4015154373545436e-03	-1.9132834924030597e-03	-1.8026555747822368e-03	-5.4085213497476940e-04	 2.5280869021143777e-03	-7.9670505045563757e-03	 4.7382006105552016e-03	 1.1271242881888310e-02	 4.7001056960093483e-02	-1.1890072101386369e-03	 2.6702779454174604e-03	-8.9595236370015423e-03	-1.1437630104481158e-03	-7.5662167185508564e-04	-4.1065128807694154e-03	-9.8597171768332811e-03	 3.9171741475132943e-02	-3.7695326741076333e-03	 5.1280049164424933e-03	 9.7033509160730586e-02	 4.9863888119966622e-03	 4.9232517844986839e-03	 2.3406849415795128e-02	-3.1891060621735694e-03	-1.4617978176434472e-03	-5.8598798216790825e-04	-2.7363722467452604e-02	 4.7980626165865070e-02	-6.3338450391569795e-02	-9.4707924647680200e-02	-5.8086663692528372e-03	-9.7204671578821067e-02	-4.4957853910963158e-02	 3.9090385528105058e-02	-1.4680700451956626e-02	-1.8843702604978098e-03	-3.6786896134296488e-03	-1.0017889216608438e-02	 2.7952066144619682e-02	-4.3821390285966218e-03	 1.9248874241557669e-02	 1.0014653851836178e-01	-1.2906385865162206e-03	 3.3535155277749458e-03	 2.5040353556757301e-02	-6.8044764002206013e-04	 6.0432301267698894e-04	 5.3005203864170544e-04	-2.5391154977646904e-03	-7.1962943114017401e-03	-3.3067157430084928e-03	-1.0804466707294218e-03	 5.4785195584699360e-02	 2.5510468456705878e-03	 6.8312726760131294e-03	-8.6264046624407904e-03	-7.4858463591933428e-04	 3.3696902438197463e-04	-8.5386322715689763e-04	 3.2777849474235352e-03	 8.8641892349613227e-03	-3.1568655014493727e-02	-4.7733406218167448e-02	-3.0701939246919725e-02	 7.9780716514441241e-03	 6.5082283934466160e-04	-1.1224706007888212e-03	 2.1207785696381130e-03	 5.8334815041492794e-04	 1.1042441422821184e-02	 2.6958595955024527e-02	 1.4195439865103321e-02	 2.0317305723245309e-03	-1.7993768201357823e-03	-6.7640265093145673e-04	 1.9971304149738419e-03	 2.4342708138259707e-03	 2.7470948561025472e-03	 1.6040212932676952e-03
-5.9143107308567196e-05	 1.6552289281406129e-03	-4.4287618316097913e-03	-1.1284931480129992e-03	 6.2402013544049945e-05	 1.5394745487977406e-03	-3.3716012181432450e-04	 7.6488605291624148e-03	 2.3072876388822182e-02	 6.1165144861590713e-03	-2.6864693198846894e-03	 2.2058532115472188e-03	 2.3434288888906710e-03	-5.9068394947847120e-03	-2.5304671901384218e-02	-7.5747694815095530e-03	-4.4331408661161101e-02	-5.6990541728664133e-04	-2.2523142993970291e-02	-3.7452164798248110e-03	 3.2428201173498915e-03	-7.4944072910328630e-04	 2.8160213450655405e-03	-1.9406404241739887e-02	 6.3853997220068640e-02	 2.3152286826740628e-02	-9.0009015076633461e-02	 3.1498447930264309e-02	 5.5020095267300645e-02	-2.3475420055855012e-02	 2.1430650964068985e-03	 1.7719583851231637e-03	 2.2806216098417913e-04	 6.8936054419048015e-03	-7.0409817045352331e-03	 1.7302833721917155e-02	 4.4036894937173006e-02	-1.1184267669874067e-02	 4.6039450673985793e-02	 3.5260120079824188e-02	 7.8966784355175984e-03	 9.3764362077107934e-04	 3.7520779016030821e-03	-3.6706657024543725e-03	 2.5319646497960160e-02	-4.1815117453685248e-02	-8.9114391584496730e-02	-1.4238448516896960e-02	-6.0640525210124601e-03	-1.4949794116322156e-02	-8.7446805530001018e-02	-3.2419595022835826e-02	 1.5644400474717116e-02	-1.0743778183638193e-03	 2.2253165833419208e-04	 6.0591434011939341e-04	-2.6400384290680388e-03	 3.8879998946578856e-02	 3.7682151571613927e-02	-1.0261902043264898e-02	 4.7619333431620760e-02	 1.4539145770828800e-02	 2.0310580367772940e-03	 2.2845219027747511e-03	-1.3855048961137146e-03	-1.7488715922559020e-03	-1.3482474936490209e-03	-2.6802965506206027e-02	 6.1772539868327758e-02	 1.5975624210611220e-02	-7.5028159970137967e-02	 4.7102247949728629e-02	 5.7858103469393088e-02	-1.3687388876084852e-02	 2.2861709251771659e-03	 1.5465835143722510e-03	 4.8375353537027377e-03	-1.1682009250586274e-02	-2.3038364360282122e-02	-2.1999647290815703e-03	-3.6019745933777124e-02	-7.9622199026356056e-04	-2.0946541284742604e-02	 4.4174940625263349e-04	 3.2169557883763812e-03	 4.0355810898762053e-03	 3.1900541177865612e-05	 6.9068546410893557e-03	 2.6862903302378508e-02	 6.3692823853540442e-03	 3.4807804971549337e-03	 3.0527205426349934e-03	 2.7323262794087127e-04	-5.2882364256435946e-04	-4.1206135923828341e-04	 1.5840613936515119e-03	 4.2485680368198999e-03
-1.4769565984254728e-03	-4.0450993660864996e-04	-4.7856582682168289e-03	-2.9588965528915281e-03	 1.5145942149277101e-03	 3.4178660787026619e-03	 8.1398750894794147e-03	-3.3250567800041596e-03	 1.7765851871519224e-02	-7.8510954771297617e-03	 5.3966861127672777e-03	 3.0998843657573656e-03	-6.6473412326759490e-03	-1.3584905661063657e-03	-6.1071713413259968e-02	-3.1023663963951405e-02	 7.5337556361381522e-02	-3.8779633540730774e-02	-5.5329360449590831e-02	-4.9859673218626292e-04	-7.3585505679918430e-03	 2.0103314267464344e-03	-9.4951391173110477e-03	 5.7957962553776582e-02	 8.6949881160698003e-03	-2.8361058284881540e-02	 1.8663726667790599e-02	-3.5050560125121352e-02	 2.9761075009205411e-03	 3.5602098031061652e-02	-9.3845769808623535e-03	-2.8209899980315466e-03	 2.8222063064157672e-03	 6.3053780686326780e-03	 1.9710721686576740e-02	 2.7455261203591062e-02	 3.6474022452860663e-03	 8.5929558240134402e-03	 3.7428361217234454e-03	 3.0905694971336523e-02	 3.3789256330814019e-02	 1.0670206097960204e-02	-8.2432647509060315e-04	 2.4464814136990172e-03	-1.9058531232689732e-02	-7.7366585278118988e-02	-1.6654974023452278e-02	-4.6368392698354320e-03	 1.5286213506331831e-03	-6.0153282134044229e-03	-2.1236668646463536e-02	-7.4230258229365048e-02	-9.8366601190005738e-03	 1.4079210014849017e-03	-8.6253922347267141e-05	 8.7099531867286251e-03	 4.6333166594449637e-02	 3.3683108151874572e-02	 2.4068628948250518e-03	 6.1057423723417728e-03	 3.6165162007221786e-03	 3.5339546882214183e-02	 2.0961136048732287e-02	 7.4423137063234449e-03	 3.2167085163649143e-03	-3.4186192883059767e-03	-1.2493194379395441e-02	 5.6226079919973679e-02	-4.1783146965670582e-03	-2.9544262582575691e-02	 1.6910839730483632e-02	-3.0686788890132738e-02	 1.8927264758115188e-02	 5.0149993422113709e-02	-3.7316201110870234e-03	 3.2895211663398908e-03	-1.1072642277798507e-02	 1.0697597647211618e-03	-4.8811360080045704e-02	-1.8084979569140257e-02	 7.1598107318877807e-02	-4.0266676386266742e-02	-4.5526766851625711e-02	-3.3431307874451917e-03	-3.3661354243659991e-03	 2.3319248784174473e-03	 5.9821030654759987e-03	-1.0301311827062554e-02	 1.5439971450093843e-02	-7.5522224385079322e-03	 1.2909472931132522e-02	 4.5624156356931008e-03	-1.2135358523377880e-03	-2.3643172335319571e-03	-4.1755380831587771e-03	-9.2488547228319169e-04	 4.7555760207485843e-03
-4.8010525803183993e-03	-2.6183457315637551e-04	-7.5985539041840619e-03	 9.3146020637747853e-04	-7.5956436174143965e-04	-9.8578976482285169e-03	 2.5234017054799933e-02	 2.6514125997596786e-02	-8.5124557382201010e-02	 2.9033789680429078e-02	 3.3651340393793222e-02	-6.3375752589616210e-03	-1.9274317827654328e-03	-7.6840867351922998e-02	-9.7356876366364031e-03	 3.2632681265029842e-02	-2.5842219707589369e-02	 3.7402829638322525e-02	 8.1972679880348044e-03	-5.7768481533628027e-02	-3.6903793477026151e-03	 3.3580514905491693e-03	 4.2134493127690201e-02	 9.1666617794997941e-03	-2.7606629305563332e-02	 5.1271714051586391e-03	-2.5684846792692227e-03	 5.6488442637721526e-03	-1.9713663387372991e-02	-9.7712256309536900e-03	 2.7972395863922507e-02	 1.0109605347759926e-03	-1.4789855134783015e-03	 1.6647241979397126e-02	 2.7084896747782222e-02	 1.3801430045290327e-03	 3.3270971587554161e-03	 1.0465253639374561e-05	 5.7779948353224014e-03	 4.1809620221816383e-03	 3.5254536302677025e-02	 3.1781405872830307e-02	 5.8889543475371701e-03	-1.1361804994527738e-02	-8.3111922983907724e-02	-3.0176160688059929e-02	-1.7064144012260767e-03	-7.6714622525406531e-04	-8.2618603238054124e-03	 1.0314526209288973e-03	-1.5064939502965348e-03	-2.8638399968957871e-02	-7.6465121376371722e-02	-6.3335371649216737e-03	 2.2043168931171545e-03	 4.0036294660545563e-02	 4.2209695667767534e-02	 4.8619911708573027e-03	 6.5246278834128705e-03	 2.3133407319339090e-03	 7.4030808393795410e-03	 7.9553703180402138e-03	 3.5668806190658146e-02	 1.1618684035750495e-02	-1.3168883890149186e-03	-4.0747273960624799e-03	 3.6712508467357852e-02	-2.3310013959830919e-03	-1.7210096279148268e-02	 5.8024752706038107e-03	 1.1209968140691851e-03	 7.4515315483948573e-03	-2.1633821872324349e-02	 1.8312762998079438e-02	 3.5364267107314606e-02	 2.7307151695661848e-03	-1.2453984715231603e-02	-6.3748823210062019e-02	 6.4099926986895912e-03	 2.6254381734464906e-02	-2.5532343877262099e-02	 3.6644331645026937e-02	-1.5678717812772532e-02	-5.4271754195002755e-02	 2.3569199232169324e-03	-1.1091523129020849e-02	 2.8444826336621133e-02	 1.1187121320831734e-02	-8.2036687588861706e-02	 3.5477546943891061e-02	 2.8751674905622627e-02	-5.6674350607853249e-03	 1.9538137193527510e-03	 3.7324796948462718e-05	-1.6031701112235442e-02	 1.0124702758369855e-03	 5.5735025855144695e-03
-2.5954728932859009e-02	-2.5156866310648507e-02	 4.6844166087523870e-02	-9.1904394186736703e-03	-1.4414683685269849e-02	 6.0488169237609871e-02	 6.6052067545651089e-03	-4.3848330556762904e-02	 3.5645091147561397e-02	-4.0530664369924752e-02	-6.4764459793683997e-03	 4.6581745411505449e-02	-6.7492244961475684e-02	-1.1345048340428619e-02	 1.9503845367468634e-02	-1.0036952251328866e-02	 7.9735883718241030e-03	-8.6317086584069350e-03	 1.7265540149128910e-02	 5.2922082174223974e-03	-4.6081210212582872e-02	 3.3568608496141274e-02	 1.5764179398572341e-02	-2.1498889834145288e-02	-6.3512020214616816e-04	-4.5658632905013052e-03	-1.0394483805811654e-03	-3.4805067720662347e-03	 8.5034690121937977e-03	-1.6572389442310619e-02	-1.6339874646509821e-03	 1.6792735357452133e-02	 7.1429568291274705e-03	 3.8052187654885911e-02	 5.6527781652224831e-03	 4.9722140210476280e-03	 8.4148636386706095e-04	 2.9877576446254873e-03	 1.5146626155668125e-03	 5.9039535082085178e-03	 5.6935012119765076e-03	 4.4595446982407007e-02	 1.9212526656058271e-02	-5.7349219646755864e-02	-3.8172394910178688e-02	-8.9345916053971755e-03	-1.9560835954021767e-03	-1.6471103117595054e-03	 4.2068944565706743e-05	-3.3913855856502508e-03	 1.0396846713130441e-03	-5.3012967191155298e-03	-4.1897092456820467e-02	-4.3866955980063196e-02	 2.5379795290935030e-02	 4.8161702913504426e-02	 1.0020279436802131e-02	 4.4434569352656828e-03	 1.5485865543222880e-03	 4.0143176327925544e-03	 1.0825690755203860e-03	 5.5478959107759605e-03	 1.0139251841978066e-02	 3.5382407806733213e-02	 1.0816718021531245e-03	 1.8041416532627377e-02	-8.2356946968992553e-03	-1.5686240986258249e-02	 2.3528330436003520e-03	-2.0014726410709787e-03	 2.5825679605630822e-03	 1.2704565773370528e-04	 2.7313119007605865e-03	-1.5587311211721695e-02	 2.8982337808849672e-02	 2.1579528558133110e-02	-6.0364909368748679e-02	 1.3897481392820661e-02	 2.3842650962264060e-02	-5.2016811623539494e-03	 8.9245091085620887e-03	-5.5675416802365187e-03	 2.3008610931764355e-02	-1.5087794363889441e-02	-4.6929153132300880e-02	 4.7605967620142325e-02	-1.8659289629217084e-02	-2.6547825056834399e-02	 3.6097713658960098e-02	-4.1739709722082886e-02	 1.5698751991376641e-02	 4.6240867028303358e-02	-2.2659742041325190e-02	-3.7078855092294335e-03	 4.5672786263196263e-02	-1.6960561891414164e-02	-1.2877143951823183e-02
